Time[h]	Temperature[C]
0	0.8
1	1.5
2	2.0
3	2.0
4	2.0
5	1.7
6	2.4
7	1.9
8	1.8
9	2.6
10	3.7
11	4.5
12	5.1
13	4.7
14	4.4
15	4.3
16	3.6
17	2.0
18	2.1
19	2.0
20	1.9
21	3.2
22	3.2
23	2.5
24	3.2
25	3.0
26	4.1
27	4.5
28	3.7
29	3.9
30	4.4
31	4.5
32	7.4
33	7.5
34	5.1
35	5.1
36	4.1
37	3.9
38	4.2
39	3.8
40	2.9
41	2.8
42	2.2
43	2.2
44	2.1
45	0.8
46	0.8
47	0.7
48	1.3
49	1.5
50	1.5
51	1.3
52	1.2
53	1.7
54	1.3
55	1.7
56	2.1
57	2.4
58	2.6
59	3.1
60	3.5
61	3.4
62	3.3
63	3.5
64	3.6
65	3.4
66	3.4
67	3.6
68	3.2
69	3.4
70	3.4
71	3.2
72	3.3
73	3.5
74	3.4
75	3.7
76	3.8
77	4.1
78	3.9
79	4.4
80	4.2
81	4.6
82	4.7
83	6.0
84	6.4
85	6.4
86	6.0
87	5.6
88	4.3
89	2.5
90	2.6
91	0.3
92	-1.3
93	-1.4
94	-2.0
95	-2.5
96	-3.1
97	-3.3
98	-3.2
99	-3.3
100	-3.1
101	-3.0
102	-3.6
103	-4.5
104	-4.0
105	-1.4
106	2.2
107	3.9
108	5.0
109	6.8
110	6.6
111	4.8
112	3.8
113	3.7
114	4.0
115	3.8
116	3.5
117	3.2
118	3.2
119	3.3
120	3.5
121	3.0
122	5.8
123	7.2
124	7.1
125	7.6
126	7.4
127	6.1
128	6.2
129	6.7
130	6.4
131	6.8
132	7.9
133	8.2
134	7.4
135	6.5
136	5.8
137	3.4
138	4.4
139	5.0
140	4.2
141	3.0
142	1.1
143	0.3
144	-0.2
145	0.4
146	-1.0
147	-1.1
148	0.4
149	-0.2
150	-0.1
151	-0.8
152	-0.5
153	1.3
154	4.3
155	5.3
156	6.7
157	8.3
158	9.6
159	8.3
160	5.4
161	2.5
162	0.3
163	-0.3
164	-0.3
165	-1.0
166	-1.4
167	-1.8
168	-1.4
169	-1.6
170	-1.4
171	-2.3
172	-2.5
173	-2.6
174	-2.5
175	-2.8
176	-2.7
177	-1.0
178	2.9
179	4.5
180	7.7
181	7.6
182	11.2
183	10.2
184	7.0
185	1.3
186	0.3
187	6.7
188	8.2
189	5.5
190	7.1
191	6.5
192	6.8
193	8.0
194	7.0
195	6.7
196	5.6
197	4.8
198	4.6
199	5.9
200	4.7
201	5.4
202	6.5
203	6.9
204	8.2
205	8.4
206	7.1
207	7.1
208	5.9
209	5.6
210	5.1
211	4.2
212	3.7
213	3.8
214	3.0
215	2.2
216	1.7
217	-0.4
218	-0.9
219	-1.3
220	-1.3
221	-0.8
222	-1.2
223	-2.2
224	-2.0
225	-0.4
226	1.9
227	4.3
228	6.6
229	7.0
230	7.6
231	7.9
232	5.7
233	3.3
234	2.6
235	2.1
236	0.4
237	0.1
238	-0.4
239	-1.3
240	-1.8
241	-3.1
242	-3.3
243	-3.3
244	-3.4
245	-3.6
246	-3.9
247	-2.4
248	-2.6
249	-0.9
250	1.4
251	3.5
252	6.2
253	9.4
254	9.2
255	8.0
256	5.4
257	1.0
258	-0.1
259	0.9
260	-0.5
261	-1.4
262	-1.1
263	-1.8
264	-1.2
265	-1.3
266	-2.0
267	-2.0
268	-2.3
269	-2.3
270	-2.3
271	-2.9
272	-2.0
273	-1.1
274	1.1
275	3.9
276	4.1
277	5.1
278	5.7
279	5.7
280	3.9
281	2.8
282	3.1
283	2.5
284	2.3
285	2.7
286	2.3
287	2.2
288	1.9
289	2.2
290	2.7
291	3.0
292	4.0
293	3.5
294	2.8
295	3.0
296	2.5
297	3.6
298	3.9
299	5.4
300	6.1
301	5.3
302	5.9
303	4.4
304	1.1
305	2.7
306	1.3
307	0.8
308	0.7
309	0.4
310	-0.3
311	-0.3
312	-0.2
313	0.9
314	0.8
315	0.0
316	0.4
317	0.4
318	0.2
319	0.2
320	0.6
321	0.3
322	0.7
323	1.8
324	1.7
325	2.0
326	2.9
327	2.2
328	0.6
329	-1.2
330	-1.9
331	-2.4
332	-3.0
333	-3.2
334	-3.7
335	-4.3
336	-4.8
337	-5.5
338	-6.0
339	-5.9
340	-5.6
341	-5.9
342	-6.0
343	-5.7
344	-5.9
345	-3.9
346	-0.7
347	-0.3
348	2.1
349	3.6
350	2.8
351	2.9
352	0.4
353	-1.0
354	-1.3
355	-2.0
356	-3.2
357	-3.9
358	-4.3
359	-5.7
360	-6.5
361	-5.6
362	-5.6
363	-5.6
364	-6.0
365	-6.5
366	-7.9
367	-8.5
368	-8.4
369	-4.9
370	-2.6
371	-1.9
372	0.3
373	2.2
374	3.4
375	3.3
376	0.8
377	-1.5
378	-2.2
379	-3.2
380	-3.5
381	-5.1
382	-6.2
383	-7.0
384	-7.0
385	-7.1
386	-7.2
387	-7.9
388	-8.4
389	-8.2
390	-8.2
391	-8.0
392	-8.8
393	-5.0
394	-1.9
395	-0.7
396	0.2
397	1.0
398	2.9
399	2.7
400	0.8
401	-0.8
402	-1.6
403	-3.3
404	-3.9
405	-5.2
406	-4.6
407	-4.6
408	-4.9
409	-5.7
410	-5.6
411	-5.7
412	-6.2
413	-6.1
414	-6.3
415	-5.6
416	-5.0
417	-3.5
418	-1.5
419	-0.6
420	0.3
421	0.7
422	0.6
423	0.2
424	0.0
425	-0.4
426	-0.6
427	0.0
428	0.5
429	1.8
430	1.1
431	1.5
432	1.4
433	1.0
434	0.4
435	0.2
436	-0.6
437	-0.5
438	-0.8
439	-0.7
440	0.4
441	1.0
442	2.2
443	2.2
444	2.6
445	2.2
446	2.2
447	2.2
448	1.3
449	0.6
450	0.0
451	0.7
452	-0.4
453	-1.1
454	-1.8
455	-1.5
456	-1.6
457	-0.9
458	-0.3
459	1.3
460	1.5
461	1.7
462	1.7
463	2.2
464	3.7
465	4.5
466	4.7
467	5.0
468	5.6
469	6.5
470	6.4
471	5.8
472	6.1
473	5.8
474	5.9
475	6.4
476	6.8
477	7.0
478	7.3
479	7.7
480	7.4
481	7.4
482	7.4
483	7.4
484	4.0
485	2.0
486	2.0
487	1.5
488	1.9
489	3.5
490	2.8
491	4.3
492	4.9
493	4.3
494	3.7
495	3.3
496	2.7
497	2.4
498	1.2
499	1.3
500	1.4
501	0.9
502	1.5
503	1.7
504	1.4
505	0.7
506	0.7
507	0.4
508	0.0
509	0.4
510	0.4
511	0.7
512	0.8
513	1.2
514	1.2
515	0.9
516	1.5
517	1.6
518	0.8
519	1.4
520	0.6
521	0.7
522	0.4
523	-0.1
524	0.3
525	0.5
526	0.3
527	0.4
528	0.3
529	-0.5
530	-1.1
531	-1.8
532	-1.8
533	-2.7
534	-3.1
535	-2.2
536	-1.2
537	-0.6
538	-0.7
539	0.0
540	0.4
541	1.4
542	1.0
543	-0.9
544	-0.7
545	-1.4
546	-1.7
547	-2.5
548	-2.3
549	-2.6
550	-3.1
551	-2.4
552	-2.4
553	-2.1
554	-1.9
555	-1.7
556	-2.1
557	-2.6
558	-2.5
559	-2.0
560	-2.5
561	-2.7
562	-2.0
563	-1.9
564	-2.3
565	-2.0
566	-3.2
567	-3.0
568	-3.2
569	-3.3
570	-3.1
571	-4.1
572	-4.5
573	-5.2
574	-5.0
575	-5.7
576	-4.8
577	-6.2
578	-5.5
579	-5.5
580	-9.6
581	-8.0
582	-6.5
583	-5.7
584	-4.8
585	-4.6
586	-4.0
587	-3.9
588	-3.1
589	-3.2
590	-3.3
591	-3.5
592	-5.5
593	-7.1
594	-7.3
595	-6.1
596	-8.7
597	-5.9
598	-8.0
599	-11.8
600	-13.7
601	-14.6
602	-12.7
603	-12.6
604	-9.4
605	-7.9
606	-8.3
607	-7.0
608	-6.9
609	-5.6
610	-5.3
611	-4.7
612	-4.3
613	-4.2
614	-4.1
615	-4.4
616	-4.6
617	-4.7
618	-5.1
619	-5.5
620	-5.9
621	-6.6
622	-7.2
623	-7.6
624	-7.8
625	-7.8
626	-7.9
627	-8.1
628	-8.4
629	-8.3
630	-8.3
631	-8.5
632	-8.6
633	-10.6
634	-8.9
635	-9.3
636	-8.3
637	-7.7
638	-7.8
639	-8.8
640	-9.9
641	-11.3
642	-11.4
643	-11.9
644	-12.0
645	-10.4
646	-9.8
647	-9.8
648	-9.5
649	-9.2
650	-9.3
651	-9.9
652	-9.8
653	-9.8
654	-10.5
655	-11.6
656	-12.5
657	-12.4
658	-11.4
659	-9.4
660	-8.7
661	-7.7
662	-7.4
663	-7.3
664	-8.7
665	-10.2
666	-16.0
667	-15.3
668	-13.2
669	-12.2
670	-11.3
671	-9.4
672	-9.1
673	-9.1
674	-9.5
675	-9.4
676	-9.3
677	-9.2
678	-9.1
679	-9.3
680	-9.6
681	-9.2
682	-8.5
683	-7.8
684	-7.3
685	-6.7
686	-5.0
687	-6.7
688	-8.8
689	-14.3
690	-16.7
691	-17.0
692	-19.0
693	-18.8
694	-19.5
695	-20.5
696	-20.0
697	-18.9
698	-17.2
699	-15.4
700	-13.9
701	-13.3
702	-12.6
703	-11.7
704	-11.1
705	-10.4
706	-8.8
707	-7.4
708	-7.2
709	-6.8
710	-6.8
711	-7.1
712	-9.6
713	-11.8
714	-12.2
715	-10.5
716	-9.8
717	-8.9
718	-8.4
719	-8.1
720	-8.2
721	-8.6
722	-9.0
723	-9.4
724	-9.2
725	-9.9
726	-10.0
727	-8.8
728	-8.5
729	-8.1
730	-7.4
731	-6.6
732	-5.6
733	-4.9
734	-5.0
735	-4.9
736	-5.0
737	-6.4
738	-7.6
739	-8.8
740	-9.1
741	-7.8
742	-8.0
743	-8.2
744	-9.2
745	-9.8
746	-10.2
747	-11.2
748	-11.7
749	-11.9
750	-11.5
751	-11.7
752	-11.5
753	-10.6
754	-9.0
755	-7.1
756	-4.6
757	-3.0
758	-1.9
759	-0.6
760	-2.0
761	-3.9
762	-4.8
763	-7.3
764	-7.9
765	-8.9
766	-9.1
767	-10.1
768	-10.7
769	-10.7
770	-11.6
771	-11.4
772	-10.2
773	-10.0
774	-9.8
775	-9.8
776	-9.0
777	-8.1
778	-7.0
779	-6.7
780	-6.2
781	-5.5
782	-4.7
783	-4.7
784	-4.6
785	-4.6
786	-4.9
787	-4.8
788	-4.8
789	-4.9
790	-5.2
791	-5.1
792	-5.3
793	-5.5
794	-5.9
795	-5.9
796	-6.1
797	-6.3
798	-6.1
799	-6.1
800	-6.3
801	-6.6
802	-6.4
803	-5.9
804	-5.1
805	-5.0
806	-4.8
807	-4.6
808	-4.4
809	-4.3
810	-4.8
811	-5.2
812	-5.4
813	-5.8
814	-6.3
815	-6.9
816	-7.5
817	-7.7
818	-7.5
819	-7.0
820	-7.6
821	-7.9
822	-7.5
823	-7.4
824	-6.6
825	-6.5
826	-6.0
827	-5.6
828	-3.9
829	-2.8
830	-2.2
831	-2.5
832	-2.9
833	-3.1
834	-3.4
835	-4.0
836	-4.0
837	-3.9
838	-4.0
839	-4.0
840	-4.1
841	-4.3
842	-4.2
843	-3.9
844	-3.9
845	-4.4
846	-4.9
847	-5.3
848	-5.9
849	-5.6
850	-4.9
851	-4.2
852	-2.8
853	-0.2
854	0.1
855	2.3
856	1.6
857	-0.7
858	-1.4
859	-2.9
860	-3.3
861	-2.6
862	-3.4
863	-3.9
864	-5.1
865	-6.0
866	-6.2
867	-6.1
868	-6.7
869	-7.1
870	-5.5
871	-4.8
872	-4.8
873	-3.9
874	-2.6
875	-0.9
876	0.2
877	2.3
878	4.2
879	3.9
880	2.9
881	2.3
882	1.7
883	1.8
884	1.8
885	1.6
886	3.0
887	3.3
888	2.3
889	2.2
890	2.4
891	1.6
892	1.3
893	1.1
894	1.4
895	1.2
896	1.6
897	1.8
898	2.1
899	2.6
900	3.2
901	3.1
902	2.9
903	2.9
904	2.7
905	2.0
906	1.6
907	1.8
908	1.7
909	1.6
910	1.1
911	1.0
912	1.1
913	1.3
914	1.2
915	1.2
916	1.0
917	0.9
918	0.7
919	0.5
920	0.4
921	0.4
922	0.6
923	0.6
924	0.5
925	0.7
926	0.8
927	0.9
928	0.8
929	0.8
930	0.7
931	0.4
932	0.2
933	0.4
934	0.1
935	-0.4
936	-0.5
937	-0.4
938	-0.7
939	-1.0
940	-0.8
941	-0.7
942	-0.6
943	-0.7
944	-0.7
945	-0.7
946	-0.6
947	-0.3
948	-0.1
949	0.1
950	0.3
951	0.5
952	0.8
953	0.4
954	0.2
955	0.1
956	0.0
957	-0.1
958	-0.6
959	-1.1
960	-1.7
961	-2.2
962	-2.6
963	-2.8
964	-2.9
965	-3.3
966	-3.6
967	-2.7
968	-2.2
969	0.1
970	4.1
971	4.5
972	6.4
973	8.4
974	9.6
975	10.5
976	8.7
977	5.8
978	2.2
979	1.6
980	0.5
981	0.1
982	-1.0
983	-1.1
984	0.2
985	1.5
986	1.3
987	0.9
988	4.4
989	7.4
990	6.2
991	7.2
992	6.2
993	5.4
994	4.9
995	4.6
996	4.1
997	3.8
998	3.6
999	3.1
1000	2.9
1001	2.4
1002	2.6
1003	1.6
1004	1.3
1005	1.5
1006	1.3
1007	1.4
1008	1.4
1009	1.3
1010	1.4
1011	1.0
1012	1.6
1013	1.7
1014	3.2
1015	4.7
1016	6.5
1017	8.2
1018	8.8
1019	9.7
1020	9.8
1021	10.1
1022	10.0
1023	9.8
1024	10.0
1025	9.4
1026	9.1
1027	8.1
1028	8.0
1029	7.5
1030	6.4
1031	7.2
1032	5.5
1033	5.3
1034	3.6
1035	3.0
1036	4.4
1037	4.4
1038	3.3
1039	2.9
1040	3.7
1041	6.2
1042	10.1
1043	11.6
1044	11.7
1045	11.3
1046	3.5
1047	3.0
1048	3.6
1049	3.8
1050	3.6
1051	3.7
1052	3.5
1053	3.3
1054	3.0
1055	2.6
1056	2.6
1057	2.6
1058	1.6
1059	2.2
1060	2.5
1061	2.5
1062	2.0
1063	1.6
1064	1.9
1065	3.5
1066	5.1
1067	6.5
1068	6.1
1069	5.9
1070	5.6
1071	5.5
1072	4.3
1073	2.8
1074	2.1
1075	0.6
1076	0.3
1077	0.3
1078	0.3
1079	0.4
1080	0.4
1081	0.7
1082	0.6
1083	1.0
1084	0.8
1085	0.9
1086	0.8
1087	1.5
1088	1.3
1089	1.1
1090	1.6
1091	2.3
1092	2.5
1093	2.5
1094	3.2
1095	3.3
1096	3.0
1097	2.6
1098	2.0
1099	2.0
1100	1.5
1101	1.1
1102	0.7
1103	0.8
1104	0.7
1105	0.7
1106	0.8
1107	0.7
1108	0.7
1109	0.4
1110	0.3
1111	0.3
1112	0.5
1113	0.6
1114	1.0
1115	1.8
1116	2.2
1117	3.1
1118	3.5
1119	3.7
1120	3.9
1121	2.7
1122	1.6
1123	0.8
1124	-0.9
1125	-1.0
1126	-1.2
1127	-1.4
1128	-1.3
1129	-1.3
1130	-1.5
1131	-1.9
1132	-1.9
1133	-1.8
1134	-1.8
1135	-1.7
1136	-1.6
1137	-1.0
1138	-0.2
1139	1.7
1140	3.8
1141	5.3
1142	5.0
1143	5.0
1144	4.9
1145	3.8
1146	2.2
1147	2.0
1148	1.4
1149	1.1
1150	0.7
1151	0.5
1152	0.3
1153	-0.3
1154	-0.9
1155	-1.3
1156	-1.6
1157	-0.7
1158	-1.2
1159	-1.2
1160	-0.6
1161	0.3
1162	0.9
1163	1.9
1164	2.3
1165	3.0
1166	3.9
1167	3.9
1168	4.9
1169	4.0
1170	3.9
1171	3.3
1172	6.7
1173	5.0
1174	4.5
1175	4.4
1176	3.4
1177	2.9
1178	3.2
1179	2.5
1180	1.4
1181	1.4
1182	1.2
1183	1.4
1184	1.7
1185	2.7
1186	3.2
1187	2.9
1188	2.5
1189	3.3
1190	3.8
1191	4.1
1192	2.9
1193	2.1
1194	1.1
1195	0.6
1196	0.1
1197	-0.2
1198	0.3
1199	1.1
1200	2.0
1201	2.7
1202	3.1
1203	2.9
1204	2.9
1205	2.7
1206	3.2
1207	2.9
1208	3.3
1209	3.3
1210	3.4
1211	4.3
1212	4.9
1213	4.7
1214	4.8
1215	4.5
1216	4.9
1217	4.6
1218	4.6
1219	4.6
1220	4.1
1221	4.4
1222	3.7
1223	3.7
1224	3.4
1225	3.2
1226	3.4
1227	3.2
1228	2.7
1229	2.1
1230	2.0
1231	2.1
1232	2.2
1233	3.1
1234	3.3
1235	3.8
1236	3.6
1237	4.1
1238	2.7
1239	3.4
1240	3.4
1241	3.1
1242	3.3
1243	3.4
1244	5.1
1245	5.9
1246	6.1
1247	5.9
1248	5.9
1249	5.5
1250	4.8
1251	4.1
1252	3.8
1253	4.1
1254	3.0
1255	1.7
1256	0.6
1257	0.8
1258	1.4
1259	1.9
1260	2.1
1261	2.2
1262	1.2
1263	0.7
1264	0.0
1265	0.0
1266	0.1
1267	-0.1
1268	0.4
1269	0.4
1270	0.4
1271	0.1
1272	-0.3
1273	-0.6
1274	-0.4
1275	-0.5
1276	-0.4
1277	-0.4
1278	0.1
1279	0.2
1280	-0.3
1281	-0.4
1282	-0.7
1283	0.3
1284	0.1
1285	0.6
1286	0.1
1287	0.4
1288	-0.1
1289	0.1
1290	0.4
1291	1.0
1292	0.7
1293	0.0
1294	-0.3
1295	-0.3
1296	-0.4
1297	-0.1
1298	0.2
1299	0.0
1300	-0.5
1301	-0.1
1302	0.3
1303	0.2
1304	0.1
1305	0.1
1306	1.0
1307	1.3
1308	1.6
1309	1.9
1310	2.5
1311	0.1
1312	0.3
1313	0.1
1314	-0.2
1315	-0.3
1316	-2.0
1317	-3.5
1318	-3.3
1319	-5.9
1320	-5.3
1321	-5.7
1322	-4.6
1323	-3.7
1324	-3.2
1325	-3.3
1326	-3.1
1327	-2.8
1328	-2.7
1329	-2.3
1330	-1.9
1331	-1.5
1332	-1.4
1333	-0.6
1334	-0.9
1335	-0.7
1336	-0.9
1337	-1.4
1338	-1.9
1339	-3.7
1340	-9.4
1341	-9.6
1342	-7.7
1343	-6.7
1344	-5.4
1345	-4.8
1346	-4.5
1347	-4.3
1348	-4.5
1349	-4.2
1350	-3.5
1351	-2.3
1352	-1.3
1353	-0.2
1354	1.9
1355	3.6
1356	5.2
1357	5.8
1358	6.0
1359	8.3
1360	6.5
1361	5.0
1362	3.8
1363	1.7
1364	1.6
1365	1.3
1366	1.0
1367	0.4
1368	0.3
1369	-0.9
1370	-1.1
1371	-1.3
1372	-2.0
1373	-2.2
1374	-2.5
1375	-2.8
1376	-1.2
1377	0.5
1378	3.5
1379	5.7
1380	7.9
1381	10.0
1382	11.8
1383	12.3
1384	12.3
1385	10.1
1386	7.3
1387	4.3
1388	2.7
1389	2.0
1390	1.7
1391	0.7
1392	0.5
1393	-0.1
1394	0.1
1395	0.5
1396	0.2
1397	0.6
1398	0.5
1399	-0.1
1400	1.1
1401	2.8
1402	6.9
1403	7.6
1404	7.2
1405	7.2
1406	7.3
1407	7.2
1408	7.2
1409	6.6
1410	5.8
1411	3.9
1412	3.5
1413	2.6
1414	1.6
1415	0.9
1416	0.9
1417	0.4
1418	-0.7
1419	-1.3
1420	-1.7
1421	-2.2
1422	-2.0
1423	-1.4
1424	0.7
1425	2.5
1426	7.0
1427	9.2
1428	10.7
1429	12.0
1430	12.9
1431	11.8
1432	10.2
1433	9.2
1434	8.2
1435	8.3
1436	8.4
1437	8.5
1438	7.1
1439	5.3
1440	3.1
1441	1.5
1442	0.6
1443	1.3
1444	1.3
1445	2.5
1446	2.1
1447	2.5
1448	2.7
1449	4.4
1450	6.0
1451	6.9
1452	7.4
1453	8.4
1454	10.3
1455	8.9
1456	9.2
1457	7.5
1458	6.6
1459	5.9
1460	5.6
1461	5.7
1462	5.1
1463	5.0
1464	3.5
1465	2.5
1466	1.4
1467	0.8
1468	0.8
1469	1.7
1470	0.8
1471	1.0
1472	2.9
1473	5.4
1474	7.8
1475	10.1
1476	11.2
1477	11.1
1478	11.4
1479	12.4
1480	12.1
1481	12.1
1482	12.2
1483	12.2
1484	10.0
1485	9.5
1486	8.4
1487	7.6
1488	10.5
1489	12.5
1490	12.8
1491	12.4
1492	11.5
1493	11.7
1494	10.3
1495	9.8
1496	12.2
1497	14.4
1498	16.0
1499	16.3
1500	16.8
1501	16.0
1502	18.2
1503	18.4
1504	17.0
1505	17.1
1506	15.4
1507	14.5
1508	12.9
1509	13.8
1510	15.3
1511	15.1
1512	15.3
1513	15.3
1514	13.8
1515	13.7
1516	13.3
1517	12.3
1518	8.2
1519	5.9
1520	5.7
1521	6.9
1522	7.5
1523	8.3
1524	9.3
1525	8.8
1526	7.3
1527	6.0
1528	6.1
1529	5.2
1530	4.9
1531	2.0
1532	2.3
1533	1.5
1534	1.4
1535	1.6
1536	1.1
1537	0.9
1538	0.5
1539	0.6
1540	0.2
1541	0.7
1542	0.8
1543	2.0
1544	3.0
1545	5.3
1546	6.3
1547	7.9
1548	8.4
1549	7.5
1550	8.4
1551	8.3
1552	6.6
1553	5.6
1554	5.4
1555	4.8
1556	4.3
1557	4.3
1558	4.5
1559	4.6
1560	7.0
1561	7.4
1562	7.3
1563	7.5
1564	7.1
1565	6.8
1566	6.9
1567	9.0
1568	8.9
1569	10.5
1570	11.9
1571	12.3
1572	13.4
1573	13.5
1574	13.3
1575	13.0
1576	12.7
1577	11.5
1578	11.1
1579	10.3
1580	10.4
1581	10.6
1582	10.1
1583	6.8
1584	6.2
1585	6.7
1586	6.5
1587	6.7
1588	5.9
1589	5.5
1590	4.8
1591	5.2
1592	5.5
1593	5.9
1594	8.0
1595	8.1
1596	8.1
1597	6.5
1598	8.7
1599	6.8
1600	6.1
1601	5.3
1602	4.4
1603	2.4
1604	3.2
1605	2.4
1606	4.3
1607	4.5
1608	4.1
1609	3.9
1610	2.2
1611	1.5
1612	0.5
1613	-0.1
1614	-0.7
1615	-2.1
1616	-2.0
1617	-1.7
1618	-1.0
1619	-0.2
1620	1.0
1621	1.0
1622	1.8
1623	2.0
1624	1.6
1625	1.3
1626	0.5
1627	-0.4
1628	-1.4
1629	-2.3
1630	-3.0
1631	-4.2
1632	-4.1
1633	-2.3
1634	-4.0
1635	-4.3
1636	-2.6
1637	-2.9
1638	-3.1
1639	-2.3
1640	-2.1
1641	-0.9
1642	1.3
1643	1.5
1644	2.3
1645	2.3
1646	2.8
1647	2.6
1648	1.7
1649	2.1
1650	1.2
1651	-0.1
1652	-0.4
1653	-1.6
1654	-2.4
1655	-2.7
1656	-3.7
1657	-4.0
1658	-4.4
1659	-4.0
1660	-4.6
1661	-4.6
1662	-4.7
1663	-3.7
1664	-2.3
1665	-1.2
1666	-0.2
1667	1.4
1668	2.2
1669	3.8
1670	3.1
1671	3.4
1672	2.9
1673	1.4
1674	0.1
1675	-0.7
1676	-0.8
1677	-1.4
1678	-1.5
1679	-2.1
1680	-3.1
1681	-3.3
1682	-3.9
1683	-4.4
1684	-5.5
1685	-4.8
1686	-4.2
1687	-3.6
1688	-2.9
1689	-1.4
1690	-0.5
1691	1.2
1692	3.4
1693	4.3
1694	4.3
1695	4.2
1696	4.0
1697	3.7
1698	2.1
1699	1.4
1700	1.0
1701	0.8
1702	0.2
1703	0.2
1704	0.3
1705	0.4
1706	0.4
1707	0.4
1708	0.3
1709	0.3
1710	0.3
1711	0.0
1712	-0.2
1713	0.6
1714	1.5
1715	2.5
1716	2.9
1717	4.3
1718	4.7
1719	4.7
1720	4.2
1721	2.9
1722	1.4
1723	0.0
1724	-1.8
1725	0.1
1726	1.0
1727	1.4
1728	1.3
1729	1.8
1730	2.0
1731	2.2
1732	2.5
1733	2.5
1734	2.8
1735	2.7
1736	3.3
1737	3.7
1738	4.1
1739	4.5
1740	4.8
1741	4.9
1742	4.9
1743	5.1
1744	4.7
1745	4.8
1746	4.0
1747	3.7
1748	3.6
1749	3.9
1750	3.5
1751	3.7
1752	3.9
1753	3.8
1754	4.0
1755	4.2
1756	4.0
1757	4.0
1758	3.1
1759	2.2
1760	4.2
1761	4.9
1762	6.1
1763	6.4
1764	5.6
1765	5.4
1766	5.2
1767	6.6
1768	7.0
1769	5.7
1770	5.4
1771	5.4
1772	4.9
1773	5.0
1774	3.1
1775	2.7
1776	3.5
1777	3.3
1778	4.3
1779	4.4
1780	3.9
1781	3.6
1782	3.6
1783	3.8
1784	4.1
1785	4.8
1786	5.6
1787	5.8
1788	5.0
1789	5.5
1790	5.4
1791	6.1
1792	6.3
1793	6.6
1794	6.6
1795	6.9
1796	6.7
1797	6.9
1798	6.4
1799	6.4
1800	6.4
1801	6.1
1802	5.9
1803	6.0
1804	5.9
1805	5.8
1806	5.9
1807	6.0
1808	6.1
1809	6.4
1810	6.7
1811	7.0
1812	6.9
1813	5.9
1814	6.3
1815	6.8
1816	6.4
1817	5.9
1818	5.8
1819	5.7
1820	5.6
1821	5.5
1822	5.5
1823	5.4
1824	5.2
1825	5.2
1826	5.2
1827	5.1
1828	5.1
1829	5.1
1830	5.1
1831	5.3
1832	5.4
1833	5.8
1834	7.0
1835	8.2
1836	9.5
1837	9.7
1838	9.0
1839	9.1
1840	9.0
1841	8.3
1842	7.5
1843	7.6
1844	6.6
1845	6.4
1846	6.7
1847	6.2
1848	6.7
1849	6.4
1850	6.2
1851	6.0
1852	5.0
1853	4.9
1854	2.5
1855	2.9
1856	3.6
1857	4.3
1858	4.2
1859	6.0
1860	5.2
1861	5.7
1862	6.1
1863	6.0
1864	6.0
1865	5.9
1866	4.4
1867	3.4
1868	3.7
1869	3.5
1870	1.9
1871	1.5
1872	1.1
1873	0.5
1874	0.7
1875	1.4
1876	1.4
1877	1.0
1878	1.3
1879	1.8
1880	2.0
1881	3.0
1882	3.4
1883	3.6
1884	4.6
1885	4.7
1886	4.3
1887	3.1
1888	2.8
1889	1.9
1890	2.1
1891	2.2
1892	1.5
1893	2.3
1894	0.8
1895	0.0
1896	0.3
1897	0.2
1898	0.0
1899	-0.4
1900	-1.4
1901	-2.1
1902	-2.6
1903	-3.1
1904	-2.1
1905	-0.9
1906	-0.4
1907	0.4
1908	0.9
1909	1.6
1910	2.4
1911	2.9
1912	2.1
1913	2.5
1914	0.0
1915	-0.5
1916	-1.2
1917	-0.9
1918	-0.1
1919	0.0
1920	0.0
1921	-0.3
1922	-0.3
1923	-0.5
1924	-0.5
1925	-0.8
1926	-0.8
1927	-0.5
1928	-0.1
1929	0.6
1930	1.2
1931	1.6
1932	2.7
1933	3.1
1934	3.2
1935	3.0
1936	3.0
1937	2.5
1938	1.3
1939	-0.2
1940	0.0
1941	-0.1
1942	-0.2
1943	-0.1
1944	-0.8
1945	-1.4
1946	-1.5
1947	-1.5
1948	-1.4
1949	-1.5
1950	-1.5
1951	-1.5
1952	-1.1
1953	-0.7
1954	-0.2
1955	0.6
1956	1.4
1957	1.9
1958	2.3
1959	2.4
1960	2.3
1961	2.5
1962	2.2
1963	1.7
1964	1.3
1965	0.6
1966	0.1
1967	-0.1
1968	-0.5
1969	-0.8
1970	-1.2
1971	-1.4
1972	-1.4
1973	-1.9
1974	-2.1
1975	-0.8
1976	0.4
1977	1.4
1978	2.8
1979	3.9
1980	5.0
1981	5.8
1982	5.8
1983	6.3
1984	5.5
1985	5.3
1986	3.0
1987	2.6
1988	0.9
1989	-0.4
1990	-2.8
1991	-2.2
1992	-2.3
1993	-1.6
1994	-1.4
1995	-1.4
1996	-3.0
1997	-4.7
1998	-6.1
1999	-3.8
2000	0.2
2001	1.3
2002	3.3
2003	3.4
2004	3.3
2005	3.8
2006	5.1
2007	4.6
2008	4.8
2009	4.4
2010	2.7
2011	-0.2
2012	-1.2
2013	-3.0
2014	-2.9
2015	-3.4
2016	-2.7
2017	-2.9
2018	-3.4
2019	-3.9
2020	-5.2
2021	-5.4
2022	-4.9
2023	-2.2
2024	-0.1
2025	2.3
2026	4.0
2027	5.1
2028	6.2
2029	6.8
2030	7.6
2031	7.9
2032	7.7
2033	7.4
2034	3.7
2035	3.4
2036	2.0
2037	-0.5
2038	-1.6
2039	-2.7
2040	-0.9
2041	-2.3
2042	-2.8
2043	-2.3
2044	-2.8
2045	-3.3
2046	-2.9
2047	-0.8
2048	2.5
2049	4.8
2050	7.0
2051	9.4
2052	10.8
2053	11.3
2054	11.8
2055	10.9
2056	10.8
2057	10.4
2058	9.1
2059	8.0
2060	7.7
2061	6.8
2062	6.1
2063	6.4
2064	6.1
2065	5.1
2066	3.5
2067	1.9
2068	1.8
2069	0.5
2070	0.3
2071	2.4
2072	7.3
2073	10.2
2074	11.7
2075	13.9
2076	14.2
2077	15.8
2078	16.6
2079	15.6
2080	15.1
2081	13.3
2082	11.0
2083	9.8
2084	9.2
2085	9.5
2086	8.7
2087	7.4
2088	6.7
2089	5.7
2090	3.3
2091	3.5
2092	0.8
2093	0.9
2094	0.9
2095	3.2
2096	8.4
2097	10.7
2098	12.5
2099	14.7
2100	15.5
2101	16.4
2102	16.3
2103	16.5
2104	16.3
2105	15.3
2106	12.5
2107	10.3
2108	10.3
2109	9.7
2110	8.7
2111	7.9
2112	6.6
2113	5.7
2114	4.9
2115	2.0
2116	-0.3
2117	-0.7
2118	-1.3
2119	3.0
2120	7.6
2121	9.0
2122	11.2
2123	13.3
2124	15.0
2125	16.7
2126	16.8
2127	17.5
2128	16.6
2129	14.7
2130	12.9
2131	10.5
2132	8.2
2133	6.1
2134	4.3
2135	2.9
2136	1.8
2137	1.0
2138	0.3
2139	0.2
2140	0.4
2141	0.2
2142	0.7
2143	1.6
2144	2.9
2145	3.9
2146	5.6
2147	7.7
2148	11.5
2149	13.6
2150	14.7
2151	14.3
2152	14.3
2153	13.9
2154	11.4
2155	9.4
2156	9.2
2157	8.3
2158	5.8
2159	3.4
2160	2.1
2161	0.9
2162	0.4
2163	0.0
2164	-0.2
2165	-1.0
2166	-1.0
2167	1.2
2168	5.9
2169	9.3
2170	12.9
2171	15.1
2172	15.7
2173	16.0
2174	16.5
2175	16.5
2176	16.0
2177	15.0
2178	12.4
2179	10.7
2180	9.1
2181	6.8
2182	8.0
2183	7.7
2184	6.0
2185	3.5
2186	1.3
2187	0.6
2188	0.7
2189	-0.3
2190	-0.4
2191	2.4
2192	6.1
2193	9.7
2194	13.4
2195	15.3
2196	15.5
2197	16.0
2198	16.0
2199	16.1
2200	15.8
2201	15.4
2202	13.8
2203	8.9
2204	6.0
2205	4.8
2206	4.4
2207	3.6
2208	2.8
2209	1.3
2210	1.6
2211	1.4
2212	2.7
2213	3.1
2214	3.2
2215	5.1
2216	8.1
2217	11.0
2218	13.2
2219	15.2
2220	15.9
2221	16.8
2222	17.5
2223	17.3
2224	16.7
2225	16.3
2226	14.2
2227	11.6
2228	8.5
2229	7.2
2230	5.8
2231	4.4
2232	3.9
2233	3.6
2234	2.7
2235	1.8
2236	1.6
2237	2.5
2238	3.3
2239	6.0
2240	8.9
2241	11.7
2242	12.7
2243	14.0
2244	14.2
2245	14.7
2246	11.9
2247	11.7
2248	10.3
2249	10.6
2250	10.3
2251	10.1
2252	9.8
2253	9.3
2254	8.6
2255	8.7
2256	8.3
2257	8.0
2258	7.6
2259	7.3
2260	6.7
2261	7.0
2262	7.3
2263	7.8
2264	8.5
2265	9.7
2266	11.2
2267	12.0
2268	13.5
2269	12.2
2270	11.6
2271	12.2
2272	12.7
2273	11.8
2274	11.3
2275	10.3
2276	9.7
2277	8.6
2278	8.1
2279	8.1
2280	8.1
2281	7.7
2282	7.6
2283	7.8
2284	7.1
2285	6.6
2286	7.2
2287	8.1
2288	9.8
2289	11.0
2290	14.5
2291	16.1
2292	17.4
2293	18.3
2294	18.6
2295	19.1
2296	19.1
2297	18.6
2298	16.8
2299	15.0
2300	13.7
2301	12.8
2302	12.6
2303	12.6
2304	13.7
2305	12.3
2306	11.7
2307	11.3
2308	10.6
2309	10.5
2310	10.5
2311	10.7
2312	10.5
2313	10.4
2314	9.3
2315	9.1
2316	9.2
2317	9.6
2318	10.0
2319	9.6
2320	9.0
2321	6.5
2322	6.7
2323	6.9
2324	6.6
2325	6.3
2326	6.2
2327	6.3
2328	6.4
2329	6.5
2330	6.4
2331	6.6
2332	6.7
2333	6.7
2334	6.6
2335	6.7
2336	6.9
2337	8.3
2338	9.4
2339	9.9
2340	9.9
2341	10.3
2342	9.4
2343	9.5
2344	9.9
2345	9.5
2346	8.9
2347	8.0
2348	7.4
2349	6.8
2350	5.6
2351	5.4
2352	5.3
2353	5.0
2354	2.9
2355	3.5
2356	3.9
2357	4.1
2358	4.6
2359	6.0
2360	7.3
2361	8.2
2362	10.0
2363	11.3
2364	10.6
2365	10.5
2366	11.6
2367	12.2
2368	12.2
2369	11.2
2370	10.6
2371	8.0
2372	6.4
2373	4.9
2374	3.7
2375	2.7
2376	1.8
2377	1.1
2378	0.5
2379	0.1
2380	0.4
2381	-0.1
2382	0.9
2383	1.7
2384	3.7
2385	5.0
2386	5.6
2387	3.7
2388	6.5
2389	5.7
2390	6.8
2391	6.6
2392	5.4
2393	5.6
2394	3.8
2395	2.4
2396	2.1
2397	-0.1
2398	1.7
2399	1.6
2400	1.2
2401	0.4
2402	1.1
2403	1.1
2404	0.4
2405	0.0
2406	0.3
2407	1.1
2408	1.6
2409	1.7
2410	1.8
2411	1.3
2412	1.3
2413	0.5
2414	0.9
2415	1.3
2416	1.8
2417	2.0
2418	2.1
2419	2.0
2420	2.0
2421	1.7
2422	1.0
2423	1.3
2424	0.4
2425	0.4
2426	0.7
2427	0.9
2428	1.1
2429	1.2
2430	1.2
2431	1.9
2432	2.4
2433	2.9
2434	3.0
2435	3.1
2436	2.2
2437	0.9
2438	0.6
2439	0.5
2440	0.7
2441	0.9
2442	0.8
2443	1.3
2444	1.7
2445	1.8
2446	2.1
2447	2.1
2448	2.3
2449	2.1
2450	2.4
2451	2.0
2452	1.7
2453	2.4
2454	2.8
2455	3.2
2456	3.5
2457	3.7
2458	3.9
2459	4.3
2460	4.7
2461	4.2
2462	4.3
2463	4.3
2464	4.0
2465	3.9
2466	3.7
2467	3.6
2468	3.7
2469	4.2
2470	4.3
2471	4.0
2472	4.2
2473	4.2
2474	4.5
2475	4.3
2476	4.3
2477	4.4
2478	4.3
2479	3.8
2480	3.9
2481	4.9
2482	5.6
2483	5.9
2484	7.1
2485	7.6
2486	8.3
2487	8.4
2488	8.4
2489	8.1
2490	7.4
2491	6.8
2492	6.4
2493	6.1
2494	5.7
2495	5.6
2496	5.2
2497	4.1
2498	4.0
2499	3.6
2500	3.1
2501	2.2
2502	1.3
2503	3.5
2504	4.7
2505	5.9
2506	7.6
2507	8.0
2508	9.4
2509	9.9
2510	10.4
2511	11.7
2512	11.5
2513	11.6
2514	10.7
2515	8.0
2516	6.2
2517	5.3
2518	5.0
2519	4.8
2520	3.7
2521	3.3
2522	2.5
2523	1.9
2524	1.6
2525	2.3
2526	2.2
2527	3.5
2528	7.7
2529	10.8
2530	12.0
2531	13.1
2532	13.8
2533	14.8
2534	15.0
2535	15.5
2536	14.8
2537	13.7
2538	13.0
2539	12.5
2540	12.0
2541	11.5
2542	11.2
2543	11.3
2544	11.3
2545	11.2
2546	10.8
2547	10.8
2548	10.3
2549	10.4
2550	10.7
2551	11.1
2552	11.7
2553	12.7
2554	13.4
2555	14.8
2556	15.5
2557	15.1
2558	15.1
2559	14.4
2560	14.1
2561	12.9
2562	11.9
2563	10.8
2564	9.5
2565	8.0
2566	7.7
2567	7.2
2568	6.6
2569	6.3
2570	6.3
2571	6.2
2572	6.1
2573	4.8
2574	4.2
2575	3.6
2576	2.7
2577	2.5
2578	2.9
2579	3.7
2580	4.0
2581	4.5
2582	5.0
2583	5.3
2584	5.6
2585	5.6
2586	5.3
2587	4.7
2588	4.2
2589	3.7
2590	3.4
2591	2.3
2592	1.9
2593	2.0
2594	2.4
2595	2.8
2596	3.0
2597	2.4
2598	2.1
2599	3.8
2600	5.8
2601	7.6
2602	7.7
2603	8.3
2604	8.4
2605	8.9
2606	9.0
2607	9.4
2608	9.6
2609	9.3
2610	8.6
2611	5.8
2612	4.0
2613	2.9
2614	2.9
2615	3.3
2616	4.1
2617	4.6
2618	4.6
2619	4.2
2620	2.2
2621	1.3
2622	2.3
2623	6.3
2624	8.2
2625	10.9
2626	12.1
2627	13.4
2628	13.7
2629	14.2
2630	14.3
2631	14.8
2632	15.0
2633	14.5
2634	13.0
2635	11.4
2636	10.2
2637	8.9
2638	8.0
2639	7.2
2640	6.8
2641	6.4
2642	6.3
2643	6.3
2644	6.3
2645	6.2
2646	6.5
2647	6.6
2648	7.2
2649	8.0
2650	8.9
2651	9.2
2652	9.7
2653	10.4
2654	10.8
2655	11.0
2656	10.8
2657	10.7
2658	10.3
2659	8.4
2660	8.0
2661	8.1
2662	7.9
2663	7.9
2664	7.6
2665	7.6
2666	7.3
2667	8.1
2668	7.4
2669	5.2
2670	6.7
2671	7.7
2672	8.4
2673	10.1
2674	12.6
2675	14.7
2676	16.0
2677	15.2
2678	14.6
2679	16.0
2680	15.7
2681	14.6
2682	13.3
2683	9.8
2684	9.1
2685	8.9
2686	8.3
2687	8.5
2688	8.3
2689	8.1
2690	7.1
2691	6.5
2692	6.7
2693	6.2
2694	7.3
2695	9.0
2696	11.6
2697	14.3
2698	16.2
2699	16.2
2700	17.5
2701	17.5
2702	18.5
2703	17.9
2704	16.9
2705	16.4
2706	13.9
2707	14.5
2708	12.5
2709	11.8
2710	12.7
2711	12.0
2712	11.2
2713	10.5
2714	10.0
2715	10.0
2716	10.1
2717	10.0
2718	9.9
2719	10.0
2720	10.0
2721	10.2
2722	11.1
2723	11.3
2724	12.0
2725	12.8
2726	12.8
2727	12.9
2728	13.1
2729	12.1
2730	9.6
2731	7.9
2732	8.3
2733	8.5
2734	8.5
2735	8.5
2736	8.6
2737	8.5
2738	8.5
2739	8.5
2740	8.6
2741	8.6
2742	9.0
2743	9.6
2744	10.9
2745	12.1
2746	13.6
2747	13.9
2748	14.3
2749	14.0
2750	13.5
2751	12.4
2752	12.1
2753	12.5
2754	12.2
2755	11.7
2756	11.3
2757	10.1
2758	8.5
2759	8.5
2760	8.4
2761	9.1
2762	8.9
2763	8.3
2764	8.4
2765	6.9
2766	8.8
2767	10.9
2768	14.2
2769	16.8
2770	17.4
2771	18.8
2772	19.3
2773	16.1
2774	19.2
2775	19.3
2776	14.0
2777	14.0
2778	13.9
2779	13.2
2780	11.9
2781	10.5
2782	9.4
2783	8.9
2784	9.1
2785	9.7
2786	9.9
2787	9.5
2788	9.4
2789	7.6
2790	7.2
2791	7.3
2792	7.4
2793	8.5
2794	9.8
2795	10.3
2796	10.6
2797	10.8
2798	10.8
2799	10.8
2800	9.6
2801	10.0
2802	8.4
2803	6.0
2804	4.1
2805	3.0
2806	2.1
2807	2.0
2808	1.9
2809	0.8
2810	0.8
2811	0.7
2812	0.8
2813	1.2
2814	4.0
2815	7.2
2816	10.4
2817	13.7
2818	15.2
2819	16.2
2820	17.2
2821	17.4
2822	17.8
2823	18.1
2824	17.3
2825	16.6
2826	15.3
2827	13.4
2828	12.2
2829	11.0
2830	10.1
2831	8.5
2832	7.5
2833	7.0
2834	5.5
2835	5.4
2836	4.7
2837	5.5
2838	7.7
2839	10.0
2840	12.7
2841	15.3
2842	15.2
2843	14.7
2844	14.3
2845	14.9
2846	14.5
2847	11.4
2848	10.2
2849	10.4
2850	10.0
2851	9.1
2852	7.7
2853	6.3
2854	5.5
2855	4.6
2856	3.9
2857	2.8
2858	3.1
2859	3.8
2860	3.4
2861	3.8
2862	6.5
2863	9.5
2864	11.8
2865	12.6
2866	13.3
2867	14.3
2868	16.4
2869	17.0
2870	17.1
2871	18.0
2872	17.8
2873	17.9
2874	16.5
2875	14.0
2876	12.1
2877	10.5
2878	9.7
2879	9.5
2880	9.6
2881	9.7
2882	9.4
2883	9.0
2884	9.0
2885	8.4
2886	9.7
2887	11.8
2888	15.0
2889	17.6
2890	18.4
2891	19.2
2892	19.4
2893	19.5
2894	20.2
2895	19.3
2896	11.9
2897	11.8
2898	11.7
2899	11.0
2900	10.6
2901	10.1
2902	9.7
2903	9.3
2904	8.6
2905	8.1
2906	8.0
2907	8.0
2908	8.1
2909	8.4
2910	9.5
2911	10.0
2912	10.5
2913	10.9
2914	10.8
2915	10.3
2916	10.2
2917	9.8
2918	9.3
2919	10.6
2920	10.0
2921	9.8
2922	10.3
2923	9.9
2924	10.1
2925	9.6
2926	9.5
2927	9.7
2928	8.8
2929	8.5
2930	8.7
2931	8.8
2932	9.0
2933	8.8
2934	9.5
2935	10.7
2936	11.5
2937	12.0
2938	12.9
2939	13.4
2940	14.4
2941	15.5
2942	16.3
2943	16.5
2944	15.5
2945	15.8
2946	14.6
2947	12.5
2948	12.1
2949	10.8
2950	10.6
2951	9.5
2952	7.8
2953	7.3
2954	6.2
2955	4.8
2956	8.0
2957	8.3
2958	9.0
2959	10.2
2960	10.9
2961	11.3
2962	11.4
2963	9.8
2964	10.9
2965	10.6
2966	11.1
2967	11.3
2968	11.5
2969	10.2
2970	9.5
2971	8.8
2972	8.3
2973	8.0
2974	7.6
2975	7.3
2976	6.8
2977	6.6
2978	6.6
2979	6.6
2980	5.8
2981	5.7
2982	6.7
2983	8.1
2984	9.3
2985	9.3
2986	9.4
2987	9.9
2988	11.0
2989	10.8
2990	11.4
2991	11.1
2992	11.3
2993	10.9
2994	10.4
2995	9.5
2996	8.0
2997	7.0
2998	7.1
2999	7.5
3000	7.3
3001	7.4
3002	6.3
3003	5.7
3004	4.2
3005	4.9
3006	6.3
3007	8.2
3008	10.5
3009	11.3
3010	12.1
3011	13.3
3012	13.8
3013	15.4
3014	14.3
3015	14.4
3016	13.5
3017	13.2
3018	12.2
3019	11.0
3020	10.4
3021	9.4
3022	9.7
3023	9.2
3024	8.9
3025	8.7
3026	7.7
3027	5.0
3028	4.7
3029	5.5
3030	7.0
3031	10.4
3032	13.0
3033	14.5
3034	15.6
3035	16.9
3036	18.1
3037	18.4
3038	18.7
3039	19.0
3040	19.5
3041	19.3
3042	18.0
3043	15.7
3044	11.7
3045	9.5
3046	8.6
3047	6.8
3048	6.6
3049	5.8
3050	5.0
3051	4.3
3052	4.1
3053	4.0
3054	8.3
3055	11.5
3056	14.9
3057	17.2
3058	20.0
3059	20.9
3060	23.1
3061	24.0
3062	23.7
3063	24.8
3064	24.2
3065	23.7
3066	21.3
3067	19.3
3068	16.6
3069	11.8
3070	11.1
3071	10.9
3072	9.1
3073	8.3
3074	8.1
3075	7.3
3076	6.2
3077	6.8
3078	9.5
3079	14.4
3080	17.2
3081	19.3
3082	22.0
3083	23.6
3084	24.8
3085	25.0
3086	26.4
3087	26.6
3088	26.2
3089	25.5
3090	22.6
3091	19.7
3092	15.5
3093	12.8
3094	11.6
3095	11.6
3096	9.8
3097	8.0
3098	8.0
3099	7.6
3100	6.5
3101	7.2
3102	10.2
3103	15.2
3104	18.0
3105	20.3
3106	22.5
3107	24.6
3108	25.9
3109	25.7
3110	26.8
3111	26.8
3112	26.4
3113	25.6
3114	23.5
3115	21.4
3116	20.6
3117	19.6
3118	18.2
3119	16.9
3120	17.3
3121	14.0
3122	10.3
3123	9.1
3124	8.5
3125	9.5
3126	11.9
3127	15.6
3128	17.3
3129	20.8
3130	22.6
3131	23.5
3132	24.8
3133	25.8
3134	26.3
3135	26.8
3136	26.8
3137	27.0
3138	25.2
3139	21.2
3140	17.1
3141	15.0
3142	13.9
3143	11.3
3144	11.1
3145	10.8
3146	8.9
3147	8.8
3148	8.0
3149	8.5
3150	11.8
3151	15.8
3152	20.1
3153	22.6
3154	25.2
3155	25.7
3156	26.6
3157	26.6
3158	27.4
3159	27.4
3160	27.2
3161	27.0
3162	26.5
3163	23.5
3164	19.8
3165	18.1
3166	16.4
3167	15.3
3168	14.1
3169	12.9
3170	12.0
3171	11.1
3172	10.1
3173	10.7
3174	13.4
3175	18.1
3176	20.3
3177	22.3
3178	25.0
3179	26.1
3180	26.8
3181	27.4
3182	27.2
3183	27.4
3184	26.9
3185	26.5
3186	24.0
3187	21.0
3188	18.6
3189	16.6
3190	15.5
3191	15.1
3192	15.2
3193	14.8
3194	13.8
3195	12.8
3196	12.5
3197	12.8
3198	13.8
3199	14.8
3200	15.7
3201	17.0
3202	18.1
3203	18.9
3204	20.5
3205	21.4
3206	22.0
3207	22.1
3208	21.8
3209	21.5
3210	20.3
3211	16.6
3212	15.4
3213	14.9
3214	12.5
3215	13.0
3216	12.5
3217	11.6
3218	8.0
3219	5.6
3220	7.6
3221	9.3
3222	10.8
3223	13.7
3224	16.0
3225	17.0
3226	18.1
3227	18.2
3228	19.2
3229	18.6
3230	19.1
3231	18.0
3232	16.8
3233	16.8
3234	15.9
3235	14.8
3236	13.1
3237	12.5
3238	10.4
3239	9.5
3240	7.8
3241	7.3
3242	6.9
3243	6.2
3244	5.3
3245	7.0
3246	9.1
3247	11.1
3248	12.9
3249	14.0
3250	15.4
3251	15.1
3252	16.1
3253	17.7
3254	17.2
3255	17.0
3256	17.4
3257	17.6
3258	15.7
3259	14.8
3260	13.7
3261	12.8
3262	12.3
3263	10.6
3264	9.4
3265	9.1
3266	7.8
3267	8.2
3268	8.1
3269	7.8
3270	9.6
3271	10.8
3272	10.5
3273	11.1
3274	12.1
3275	13.2
3276	13.8
3277	10.3
3278	10.5
3279	13.1
3280	10.2
3281	9.8
3282	9.2
3283	8.4
3284	7.8
3285	8.3
3286	8.1
3287	7.8
3288	7.2
3289	7.1
3290	7.3
3291	7.2
3292	7.6
3293	7.9
3294	8.4
3295	9.8
3296	10.7
3297	11.0
3298	11.2
3299	11.8
3300	11.9
3301	12.4
3302	13.5
3303	14.0
3304	14.5
3305	14.4
3306	12.2
3307	11.0
3308	10.6
3309	10.2
3310	10.2
3311	10.0
3312	9.6
3313	9.2
3314	8.3
3315	8.6
3316	8.2
3317	8.5
3318	9.8
3319	11.9
3320	13.9
3321	15.2
3322	17.0
3323	18.2
3324	18.9
3325	18.9
3326	19.0
3327	20.5
3328	20.2
3329	19.5
3330	18.1
3331	16.1
3332	13.1
3333	11.0
3334	10.5
3335	9.8
3336	8.7
3337	7.4
3338	6.8
3339	5.8
3340	5.3
3341	6.2
3342	8.9
3343	11.9
3344	14.7
3345	16.7
3346	19.4
3347	20.1
3348	20.1
3349	21.1
3350	20.7
3351	21.4
3352	18.9
3353	19.2
3354	19.6
3355	15.8
3356	12.7
3357	12.7
3358	12.7
3359	11.4
3360	10.7
3361	10.2
3362	9.4
3363	8.8
3364	8.6
3365	9.0
3366	11.8
3367	12.6
3368	13.9
3369	17.2
3370	18.8
3371	21.1
3372	15.8
3373	15.0
3374	16.2
3375	17.9
3376	13.2
3377	14.0
3378	14.8
3379	14.0
3380	13.5
3381	12.7
3382	10.6
3383	9.9
3384	9.9
3385	9.8
3386	10.1
3387	10.2
3388	9.9
3389	9.3
3390	9.0
3391	9.5
3392	10.2
3393	10.1
3394	10.6
3395	10.9
3396	11.5
3397	12.4
3398	12.9
3399	13.2
3400	12.6
3401	13.2
3402	12.1
3403	10.3
3404	9.4
3405	8.0
3406	7.7
3407	5.2
3408	5.6
3409	6.3
3410	6.0
3411	5.8
3412	5.8
3413	6.6
3414	7.6
3415	9.0
3416	9.6
3417	9.8
3418	10.5
3419	10.7
3420	11.8
3421	12.1
3422	12.7
3423	13.1
3424	13.1
3425	13.5
3426	13.0
3427	10.9
3428	8.0
3429	5.7
3430	4.5
3431	3.8
3432	2.8
3433	2.5
3434	2.1
3435	3.0
3436	3.2
3437	3.5
3438	5.5
3439	7.3
3440	9.1
3441	10.9
3442	13.3
3443	14.9
3444	15.1
3445	16.3
3446	15.8
3447	15.6
3448	15.5
3449	14.9
3450	14.0
3451	13.4
3452	12.2
3453	11.6
3454	11.1
3455	10.3
3456	9.7
3457	8.1
3458	6.9
3459	6.8
3460	6.4
3461	7.2
3462	8.1
3463	12.2
3464	12.6
3465	12.6
3466	14.6
3467	15.4
3468	16.9
3469	17.5
3470	17.0
3471	17.2
3472	17.2
3473	17.0
3474	14.6
3475	12.0
3476	11.3
3477	10.5
3478	10.3
3479	9.5
3480	9.8
3481	8.5
3482	6.7
3483	7.2
3484	7.7
3485	8.3
3486	9.0
3487	10.8
3488	12.9
3489	15.0
3490	16.0
3491	16.2
3492	17.9
3493	19.0
3494	17.1
3495	18.6
3496	15.3
3497	15.9
3498	15.8
3499	14.4
3500	12.2
3501	11.6
3502	11.3
3503	10.8
3504	9.7
3505	10.3
3506	10.3
3507	10.0
3508	10.1
3509	10.6
3510	11.1
3511	12.2
3512	14.6
3513	17.6
3514	18.9
3515	20.5
3516	21.0
3517	22.1
3518	22.8
3519	23.0
3520	22.4
3521	21.9
3522	21.5
3523	19.5
3524	17.8
3525	14.4
3526	14.1
3527	12.8
3528	12.4
3529	11.9
3530	11.9
3531	11.1
3532	11.0
3533	11.1
3534	13.9
3535	16.5
3536	18.9
3537	21.7
3538	23.1
3539	24.2
3540	24.9
3541	26.6
3542	26.5
3543	25.1
3544	25.5
3545	24.6
3546	22.3
3547	20.8
3548	19.3
3549	16.2
3550	16.0
3551	15.2
3552	14.4
3553	12.7
3554	14.1
3555	12.8
3556	11.1
3557	10.9
3558	11.2
3559	16.4
3560	17.9
3561	19.8
3562	20.5
3563	21.8
3564	21.8
3565	22.4
3566	22.2
3567	22.2
3568	21.7
3569	15.4
3570	14.6
3571	14.1
3572	13.7
3573	14.1
3574	14.1
3575	13.7
3576	13.6
3577	13.5
3578	13.2
3579	12.9
3580	12.3
3581	12.9
3582	13.5
3583	14.6
3584	16.5
3585	18.4
3586	17.0
3587	18.2
3588	19.8
3589	19.0
3590	19.7
3591	20.3
3592	21.0
3593	20.4
3594	20.6
3595	18.2
3596	16.6
3597	15.0
3598	14.0
3599	13.7
3600	13.7
3601	13.7
3602	13.5
3603	13.4
3604	13.8
3605	14.2
3606	15.5
3607	17.6
3608	19.1
3609	21.3
3610	23.6
3611	19.4
3612	17.3
3613	17.6
3614	15.9
3615	16.3
3616	17.8
3617	17.7
3618	18.0
3619	16.3
3620	13.9
3621	13.1
3622	11.9
3623	11.2
3624	10.1
3625	9.9
3626	10.5
3627	10.5
3628	10.1
3629	10.0
3630	11.0
3631	11.7
3632	12.8
3633	13.5
3634	15.0
3635	13.0
3636	14.2
3637	13.7
3638	14.1
3639	15.1
3640	15.2
3641	15.0
3642	13.7
3643	12.0
3644	10.7
3645	10.8
3646	10.5
3647	10.4
3648	10.5
3649	10.1
3650	9.8
3651	9.4
3652	9.7
3653	10.2
3654	11.5
3655	13.0
3656	15.0
3657	15.4
3658	15.3
3659	15.6
3660	15.2
3661	14.9
3662	14.1
3663	13.0
3664	12.1
3665	11.6
3666	11.3
3667	11.1
3668	11.0
3669	10.9
3670	10.4
3671	10.4
3672	10.8
3673	10.4
3674	9.9
3675	9.4
3676	8.0
3677	7.7
3678	8.0
3679	8.5
3680	7.0
3681	9.3
3682	10.8
3683	10.1
3684	10.0
3685	9.5
3686	10.9
3687	10.3
3688	10.7
3689	9.4
3690	8.3
3691	7.1
3692	7.2
3693	7.4
3694	7.2
3695	7.0
3696	6.8
3697	7.1
3698	7.1
3699	7.1
3700	7.1
3701	7.2
3702	7.4
3703	7.6
3704	8.0
3705	8.7
3706	9.1
3707	10.9
3708	11.4
3709	11.6
3710	13.6
3711	13.6
3712	13.4
3713	12.2
3714	11.4
3715	11.0
3716	10.6
3717	10.0
3718	9.5
3719	8.9
3720	8.1
3721	6.9
3722	5.7
3723	4.4
3724	3.9
3725	5.4
3726	8.2
3727	10.6
3728	13.3
3729	15.6
3730	16.1
3731	17.7
3732	17.8
3733	19.0
3734	18.5
3735	20.1
3736	20.4
3737	19.5
3738	17.7
3739	15.4
3740	13.3
3741	11.8
3742	10.5
3743	8.2
3744	6.5
3745	7.4
3746	8.1
3747	8.7
3748	8.8
3749	9.3
3750	11.0
3751	12.2
3752	13.3
3753	12.8
3754	12.7
3755	12.8
3756	13.6
3757	13.9
3758	14.1
3759	14.4
3760	15.9
3761	16.2
3762	15.2
3763	13.8
3764	12.8
3765	11.2
3766	12.2
3767	12.1
3768	11.7
3769	11.0
3770	10.6
3771	10.4
3772	10.5
3773	11.4
3774	12.5
3775	16.1
3776	17.0
3777	17.0
3778	17.9
3779	18.5
3780	19.5
3781	19.9
3782	20.6
3783	20.5
3784	21.7
3785	21.4
3786	20.1
3787	17.2
3788	14.3
3789	12.3
3790	11.7
3791	9.7
3792	9.6
3793	10.4
3794	10.3
3795	11.3
3796	11.3
3797	11.6
3798	13.0
3799	14.3
3800	14.9
3801	15.2
3802	15.2
3803	17.3
3804	16.8
3805	17.0
3806	17.4
3807	15.7
3808	14.9
3809	14.3
3810	14.2
3811	13.9
3812	13.6
3813	12.8
3814	12.7
3815	12.8
3816	12.7
3817	12.9
3818	12.7
3819	11.9
3820	11.6
3821	11.7
3822	11.9
3823	12.5
3824	13.0
3825	13.0
3826	12.9
3827	12.7
3828	12.9
3829	12.6
3830	12.6
3831	12.8
3832	13.3
3833	12.7
3834	12.5
3835	12.4
3836	12.3
3837	12.1
3838	12.8
3839	13.5
3840	14.3
3841	14.7
3842	14.9
3843	14.7
3844	15.7
3845	15.5
3846	19.0
3847	20.4
3848	22.3
3849	23.1
3850	24.2
3851	25.3
3852	25.5
3853	26.1
3854	21.8
3855	22.9
3856	22.0
3857	22.3
3858	23.9
3859	19.3
3860	18.3
3861	17.3
3862	14.7
3863	13.9
3864	13.7
3865	13.6
3866	13.0
3867	12.9
3868	13.2
3869	14.7
3870	16.3
3871	18.4
3872	21.3
3873	21.7
3874	22.0
3875	22.4
3876	23.4
3877	23.9
3878	25.0
3879	24.9
3880	25.0
3881	22.1
3882	19.7
3883	18.4
3884	18.8
3885	17.6
3886	17.8
3887	16.8
3888	16.8
3889	16.2
3890	15.7
3891	15.5
3892	15.8
3893	16.9
3894	18.0
3895	18.6
3896	18.6
3897	19.0
3898	20.9
3899	19.7
3900	19.3
3901	18.2
3902	20.4
3903	18.1
3904	19.4
3905	20.5
3906	20.0
3907	18.2
3908	18.0
3909	16.5
3910	15.6
3911	14.5
3912	13.3
3913	12.9
3914	12.5
3915	12.0
3916	12.5
3917	13.9
3918	15.9
3919	18.7
3920	19.7
3921	21.2
3922	21.0
3923	21.9
3924	22.3
3925	24.1
3926	23.5
3927	24.4
3928	23.9
3929	23.3
3930	21.8
3931	19.8
3932	18.5
3933	17.9
3934	16.1
3935	15.6
3936	15.6
3937	15.7
3938	13.8
3939	13.7
3940	13.6
3941	15.6
3942	17.6
3943	19.5
3944	21.3
3945	22.9
3946	23.9
3947	25.5
3948	26.3
3949	27.2
3950	27.6
3951	28.0
3952	28.2
3953	27.7
3954	26.3
3955	23.8
3956	22.2
3957	18.9
3958	19.0
3959	18.3
3960	17.5
3961	19.6
3962	18.8
3963	17.0
3964	16.4
3965	16.9
3966	18.2
3967	19.3
3968	21.1
3969	21.4
3970	22.7
3971	24.2
3972	26.2
3973	26.6
3974	27.3
3975	26.9
3976	27.7
3977	24.5
3978	16.7
3979	15.9
3980	14.3
3981	13.8
3982	14.0
3983	14.2
3984	13.5
3985	12.5
3986	11.3
3987	10.5
3988	11.2
3989	13.0
3990	14.9
3991	17.0
3992	17.7
3993	18.4
3994	18.8
3995	20.1
3996	18.6
3997	21.3
3998	19.7
3999	21.5
4000	20.8
4001	21.6
4002	19.2
4003	18.0
4004	16.9
4005	14.9
4006	13.4
4007	12.6
4008	11.7
4009	11.8
4010	10.9
4011	10.1
4012	11.9
4013	14.2
4014	15.7
4015	17.7
4016	18.2
4017	20.8
4018	21.9
4019	23.8
4020	24.2
4021	24.9
4022	24.8
4023	25.3
4024	25.6
4025	25.8
4026	23.4
4027	21.8
4028	20.4
4029	18.7
4030	16.8
4031	16.0
4032	16.0
4033	16.5
4034	17.5
4035	16.8
4036	17.0
4037	16.4
4038	16.9
4039	17.6
4040	19.7
4041	21.9
4042	22.5
4043	23.5
4044	24.0
4045	24.5
4046	24.9
4047	24.9
4048	24.8
4049	24.9
4050	23.2
4051	21.4
4052	18.1
4053	16.9
4054	15.6
4055	15.7
4056	15.2
4057	13.9
4058	13.2
4059	13.0
4060	12.9
4061	16.2
4062	18.8
4063	21.4
4064	22.8
4065	23.7
4066	25.1
4067	25.6
4068	26.1
4069	27.3
4070	27.8
4071	28.3
4072	28.1
4073	27.8
4074	26.7
4075	23.1
4076	21.0
4077	20.6
4078	17.3
4079	16.1
4080	15.4
4081	14.8
4082	14.3
4083	13.8
4084	13.6
4085	16.0
4086	18.7
4087	21.1
4088	23.6
4089	25.0
4090	26.2
4091	27.1
4092	28.3
4093	29.4
4094	29.9
4095	30.3
4096	30.2
4097	29.5
4098	26.9
4099	24.0
4100	22.6
4101	20.5
4102	19.5
4103	19.1
4104	17.7
4105	17.8
4106	17.5
4107	17.5
4108	17.7
4109	18.4
4110	20.0
4111	21.8
4112	22.5
4113	23.7
4114	25.0
4115	24.7
4116	20.4
4117	20.3
4118	19.1
4119	20.7
4120	22.0
4121	21.6
4122	21.4
4123	20.4
4124	18.4
4125	17.2
4126	17.1
4127	16.1
4128	14.0
4129	13.4
4130	11.8
4131	11.2
4132	11.2
4133	14.0
4134	15.9
4135	18.0
4136	19.1
4137	20.1
4138	20.4
4139	19.6
4140	18.2
4141	16.3
4142	15.8
4143	18.1
4144	17.9
4145	16.8
4146	16.6
4147	16.2
4148	15.4
4149	14.7
4150	12.9
4151	12.7
4152	13.7
4153	13.3
4154	13.1
4155	13.2
4156	13.7
4157	14.4
4158	15.3
4159	16.6
4160	17.7
4161	19.1
4162	19.5
4163	20.6
4164	19.2
4165	21.3
4166	22.1
4167	22.6
4168	22.0
4169	21.0
4170	20.1
4171	16.8
4172	13.2
4173	12.3
4174	10.4
4175	10.4
4176	9.5
4177	8.9
4178	9.4
4179	10.1
4180	10.7
4181	12.5
4182	14.9
4183	17.5
4184	19.0
4185	20.6
4186	21.6
4187	22.3
4188	22.7
4189	23.4
4190	24.7
4191	25.4
4192	25.3
4193	25.1
4194	24.4
4195	20.6
4196	17.8
4197	16.2
4198	15.8
4199	16.9
4200	17.0
4201	16.9
4202	16.7
4203	16.5
4204	16.2
4205	17.0
4206	18.1
4207	19.7
4208	21.2
4209	22.9
4210	24.6
4211	26.3
4212	26.9
4213	27.7
4214	26.8
4215	27.0
4216	25.8
4217	23.3
4218	21.6
4219	20.9
4220	16.8
4221	14.1
4222	13.5
4223	13.5
4224	12.5
4225	11.7
4226	11.0
4227	10.5
4228	10.6
4229	10.6
4230	12.0
4231	14.1
4232	15.4
4233	16.9
4234	16.3
4235	19.0
4236	19.3
4237	19.4
4238	19.0
4239	19.7
4240	19.5
4241	17.1
4242	16.6
4243	14.4
4244	13.8
4245	13.5
4246	12.6
4247	12.5
4248	11.7
4249	11.8
4250	11.7
4251	10.9
4252	10.1
4253	11.3
4254	11.5
4255	13.1
4256	14.4
4257	12.6
4258	12.5
4259	15.6
4260	17.3
4261	15.1
4262	14.3
4263	15.1
4264	14.7
4265	13.8
4266	14.2
4267	13.0
4268	11.6
4269	12.0
4270	11.3
4271	11.4
4272	11.2
4273	11.2
4274	11.0
4275	11.0
4276	10.9
4277	11.4
4278	12.6
4279	13.6
4280	14.9
4281	16.1
4282	16.4
4283	15.2
4284	16.6
4285	18.5
4286	19.0
4287	18.8
4288	19.2
4289	18.4
4290	17.0
4291	15.3
4292	12.2
4293	10.4
4294	12.3
4295	12.2
4296	12.6
4297	12.1
4298	11.5
4299	10.3
4300	10.9
4301	12.1
4302	14.3
4303	15.6
4304	17.3
4305	17.6
4306	18.4
4307	19.8
4308	19.7
4309	20.0
4310	21.4
4311	21.2
4312	21.0
4313	21.0
4314	19.4
4315	17.4
4316	15.3
4317	14.7
4318	14.4
4319	13.8
4320	13.8
4321	13.9
4322	14.1
4323	14.1
4324	13.3
4325	14.4
4326	15.9
4327	16.6
4328	18.2
4329	18.6
4330	20.1
4331	21.8
4332	21.5
4333	21.6
4334	23.2
4335	22.8
4336	21.9
4337	21.8
4338	21.3
4339	18.4
4340	16.4
4341	14.6
4342	13.3
4343	12.3
4344	11.6
4345	11.0
4346	10.6
4347	10.5
4348	10.8
4349	10.8
4350	11.3
4351	11.7
4352	12.1
4353	13.6
4354	14.0
4355	15.9
4356	16.1
4357	14.4
4358	15.3
4359	15.9
4360	15.8
4361	15.8
4362	15.7
4363	15.1
4364	14.2
4365	13.7
4366	13.1
4367	13.1
4368	12.6
4369	12.3
4370	12.0
4371	11.7
4372	11.7
4373	11.6
4374	11.6
4375	11.9
4376	12.6
4377	13.8
4378	14.9
4379	15.6
4380	16.2
4381	16.7
4382	17.0
4383	17.6
4384	18.0
4385	15.0
4386	16.0
4387	14.8
4388	13.5
4389	13.2
4390	12.9
4391	12.6
4392	12.3
4393	11.2
4394	11.5
4395	11.4
4396	11.9
4397	12.3
4398	13.1
4399	14.1
4400	16.8
4401	18.2
4402	17.8
4403	18.4
4404	17.5
4405	17.9
4406	18.6
4407	17.7
4408	15.7
4409	14.4
4410	13.9
4411	13.0
4412	12.7
4413	12.3
4414	11.7
4415	11.7
4416	11.3
4417	11.0
4418	10.8
4419	10.6
4420	8.8
4421	9.7
4422	12.2
4423	14.0
4424	15.2
4425	16.4
4426	17.7
4427	19.6
4428	19.1
4429	19.4
4430	20.5
4431	20.7
4432	20.7
4433	21.6
4434	20.7
4435	19.3
4436	16.2
4437	12.6
4438	11.1
4439	10.2
4440	9.5
4441	10.7
4442	10.9
4443	10.7
4444	10.7
4445	12.0
4446	14.1
4447	16.9
4448	18.7
4449	22.8
4450	24.0
4451	23.8
4452	24.0
4453	24.0
4454	26.2
4455	26.4
4456	24.7
4457	24.4
4458	23.0
4459	21.8
4460	20.5
4461	20.1
4462	17.5
4463	17.1
4464	16.8
4465	16.5
4466	16.1
4467	15.8
4468	15.9
4469	15.9
4470	16.3
4471	16.9
4472	18.6
4473	21.8
4474	23.8
4475	24.9
4476	26.2
4477	26.8
4478	27.0
4479	27.2
4480	27.5
4481	25.7
4482	24.8
4483	15.8
4484	15.5
4485	15.3
4486	15.2
4487	15.4
4488	14.9
4489	14.6
4490	14.6
4491	14.5
4492	14.0
4493	14.2
4494	15.4
4495	16.3
4496	15.0
4497	15.3
4498	15.8
4499	15.9
4500	17.0
4501	17.1
4502	16.3
4503	16.8
4504	16.4
4505	15.9
4506	15.5
4507	15.2
4508	14.6
4509	14.6
4510	14.4
4511	13.9
4512	13.9
4513	13.4
4514	13.0
4515	12.8
4516	12.8
4517	12.9
4518	13.0
4519	13.0
4520	13.4
4521	13.7
4522	15.3
4523	16.6
4524	16.9
4525	17.1
4526	17.1
4527	17.9
4528	18.7
4529	18.4
4530	17.7
4531	17.1
4532	16.6
4533	15.7
4534	15.2
4535	15.0
4536	14.8
4537	14.9
4538	15.2
4539	15.7
4540	15.2
4541	14.6
4542	13.5
4543	13.3
4544	12.9
4545	12.9
4546	14.6
4547	13.8
4548	13.3
4549	11.6
4550	10.7
4551	10.1
4552	9.1
4553	9.2
4554	9.3
4555	9.4
4556	9.2
4557	9.1
4558	9.1
4559	9.1
4560	10.0
4561	10.5
4562	10.3
4563	10.3
4564	10.0
4565	10.0
4566	10.1
4567	10.7
4568	11.5
4569	11.8
4570	11.9
4571	11.1
4572	12.1
4573	12.4
4574	14.1
4575	15.4
4576	15.5
4577	13.7
4578	12.2
4579	11.2
4580	10.5
4581	10.2
4582	10.5
4583	10.8
4584	11.1
4585	11.3
4586	11.3
4587	11.1
4588	11.8
4589	11.2
4590	15.0
4591	18.5
4592	20.3
4593	22.0
4594	22.9
4595	22.7
4596	24.1
4597	25.4
4598	25.4
4599	25.7
4600	25.5
4601	25.3
4602	24.4
4603	22.5
4604	20.6
4605	17.7
4606	15.3
4607	15.5
4608	15.5
4609	13.2
4610	12.6
4611	12.2
4612	11.6
4613	12.3
4614	16.2
4615	16.2
4616	19.5
4617	23.1
4618	24.4
4619	25.1
4620	25.6
4621	25.0
4622	25.8
4623	26.0
4624	25.3
4625	25.2
4626	24.8
4627	23.0
4628	21.4
4629	20.5
4630	19.6
4631	19.3
4632	18.4
4633	15.5
4634	14.7
4635	13.4
4636	13.2
4637	12.7
4638	13.8
4639	17.6
4640	20.9
4641	23.4
4642	24.3
4643	25.5
4644	27.0
4645	27.3
4646	27.7
4647	27.7
4648	27.5
4649	26.1
4650	24.3
4651	22.7
4652	19.0
4653	17.4
4654	15.6
4655	14.2
4656	14.9
4657	14.2
4658	13.5
4659	12.5
4660	11.7
4661	13.1
4662	16.1
4663	18.4
4664	20.6
4665	23.2
4666	24.2
4667	25.6
4668	26.3
4669	28.2
4670	28.1
4671	29.4
4672	29.0
4673	26.9
4674	25.0
4675	21.8
4676	19.7
4677	18.1
4678	17.3
4679	17.7
4680	17.8
4681	16.9
4682	17.5
4683	17.3
4684	16.7
4685	16.7
4686	17.4
4687	19.5
4688	20.9
4689	20.9
4690	21.9
4691	21.6
4692	22.1
4693	21.0
4694	20.0
4695	19.6
4696	20.6
4697	21.4
4698	21.4
4699	20.1
4700	18.5
4701	16.9
4702	16.2
4703	14.9
4704	14.3
4705	13.6
4706	14.1
4707	13.8
4708	13.3
4709	14.6
4710	16.9
4711	18.6
4712	21.3
4713	23.7
4714	25.1
4715	25.7
4716	26.4
4717	27.9
4718	28.0
4719	28.6
4720	28.8
4721	28.9
4722	27.4
4723	25.3
4724	20.7
4725	18.9
4726	17.4
4727	16.5
4728	15.6
4729	14.8
4730	14.1
4731	13.8
4732	14.1
4733	14.9
4734	17.3
4735	19.7
4736	22.4
4737	24.5
4738	26.8
4739	28.1
4740	29.6
4741	29.7
4742	30.0
4743	29.4
4744	28.5
4745	29.9
4746	28.6
4747	25.9
4748	21.8
4749	21.5
4750	19.4
4751	18.3
4752	17.8
4753	17.5
4754	16.8
4755	16.2
4756	16.1
4757	17.7
4758	18.1
4759	19.5
4760	21.2
4761	23.5
4762	25.0
4763	26.3
4764	27.5
4765	27.0
4766	28.3
4767	26.5
4768	25.4
4769	25.8
4770	24.2
4771	23.2
4772	21.4
4773	19.4
4774	17.7
4775	17.5
4776	17.6
4777	15.8
4778	16.0
4779	15.4
4780	14.7
4781	16.0
4782	17.5
4783	18.7
4784	20.0
4785	21.9
4786	22.7
4787	22.6
4788	23.7
4789	19.2
4790	22.6
4791	22.9
4792	24.6
4793	23.3
4794	23.6
4795	22.1
4796	20.9
4797	19.9
4798	18.3
4799	17.5
4800	17.6
4801	17.4
4802	17.3
4803	17.1
4804	17.0
4805	16.9
4806	17.5
4807	18.2
4808	18.9
4809	20.0
4810	19.8
4811	21.2
4812	22.1
4813	22.6
4814	22.9
4815	22.3
4816	23.2
4817	22.3
4818	20.9
4819	20.7
4820	20.2
4821	19.7
4822	18.8
4823	18.0
4824	17.0
4825	16.2
4826	15.7
4827	15.8
4828	16.3
4829	16.6
4830	19.0
4831	21.0
4832	22.8
4833	24.7
4834	25.8
4835	27.2
4836	28.8
4837	30.1
4838	29.2
4839	29.1
4840	28.6
4841	26.3
4842	21.2
4843	17.9
4844	17.7
4845	17.5
4846	17.3
4847	16.9
4848	16.4
4849	15.6
4850	14.9
4851	14.7
4852	14.4
4853	14.9
4854	16.0
4855	18.3
4856	20.8
4857	22.3
4858	23.8
4859	25.8
4860	26.5
4861	27.1
4862	27.9
4863	28.1
4864	28.6
4865	28.3
4866	25.9
4867	23.8
4868	21.7
4869	19.4
4870	18.8
4871	18.9
4872	18.5
4873	18.0
4874	17.4
4875	16.7
4876	16.7
4877	18.3
4878	19.0
4879	19.5
4880	20.4
4881	22.0
4882	24.1
4883	25.5
4884	26.3
4885	27.3
4886	27.5
4887	27.4
4888	28.0
4889	27.0
4890	26.5
4891	23.4
4892	20.1
4893	18.6
4894	17.1
4895	16.3
4896	15.4
4897	15.3
4898	14.6
4899	14.2
4900	13.6
4901	14.8
4902	18.4
4903	21.5
4904	21.6
4905	21.1
4906	23.6
4907	24.1
4908	25.7
4909	26.9
4910	27.3
4911	26.7
4912	26.8
4913	25.7
4914	23.9
4915	22.1
4916	21.5
4917	19.5
4918	17.9
4919	16.6
4920	18.4
4921	19.3
4922	17.2
4923	16.2
4924	17.3
4925	17.7
4926	18.4
4927	18.7
4928	19.1
4929	19.8
4930	21.0
4931	21.0
4932	22.7
4933	22.8
4934	17.6
4935	17.7
4936	18.1
4937	17.8
4938	17.4
4939	17.3
4940	17.4
4941	17.1
4942	16.7
4943	16.9
4944	16.7
4945	16.2
4946	15.8
4947	14.6
4948	15.0
4949	15.0
4950	15.8
4951	16.3
4952	17.5
4953	19.1
4954	21.1
4955	22.1
4956	23.0
4957	23.9
4958	23.4
4959	24.4
4960	24.2
4961	23.3
4962	21.6
4963	17.4
4964	15.2
4965	14.3
4966	14.0
4967	14.1
4968	14.0
4969	13.1
4970	12.7
4971	11.8
4972	12.2
4973	13.2
4974	14.4
4975	15.3
4976	17.6
4977	18.7
4978	19.6
4979	20.4
4980	21.7
4981	19.9
4982	18.4
4983	18.0
4984	17.0
4985	14.5
4986	14.3
4987	14.1
4988	13.6
4989	13.0
4990	13.0
4991	13.3
4992	13.2
4993	12.4
4994	12.1
4995	12.5
4996	12.2
4997	12.3
4998	12.8
4999	13.4
5000	14.5
5001	15.2
5002	17.0
5003	17.8
5004	18.6
5005	17.5
5006	20.4
5007	19.0
5008	18.3
5009	18.5
5010	17.4
5011	16.1
5012	13.6
5013	12.3
5014	11.5
5015	10.4
5016	9.9
5017	9.6
5018	9.5
5019	8.8
5020	7.4
5021	8.6
5022	11.2
5023	14.9
5024	17.5
5025	18.9
5026	18.8
5027	19.8
5028	20.3
5029	20.4
5030	20.8
5031	20.2
5032	21.1
5033	19.7
5034	18.7
5035	16.2
5036	13.6
5037	11.6
5038	10.8
5039	9.4
5040	8.9
5041	8.1
5042	8.1
5043	7.2
5044	6.6
5045	7.5
5046	10.9
5047	14.1
5048	17.4
5049	19.4
5050	21.0
5051	21.4
5052	22.4
5053	22.8
5054	23.0
5055	23.0
5056	22.8
5057	22.4
5058	21.6
5059	18.6
5060	17.5
5061	16.6
5062	15.4
5063	14.4
5064	14.4
5065	12.3
5066	13.0
5067	10.0
5068	9.3
5069	10.2
5070	13.2
5071	16.7
5072	18.7
5073	21.4
5074	22.7
5075	23.9
5076	25.0
5077	25.7
5078	27.0
5079	26.3
5080	26.6
5081	27.2
5082	25.2
5083	21.2
5084	18.6
5085	16.4
5086	15.1
5087	14.4
5088	13.8
5089	13.2
5090	12.6
5091	12.0
5092	12.3
5093	11.1
5094	13.4
5095	16.5
5096	19.0
5097	21.0
5098	22.0
5099	22.7
5100	23.3
5101	23.3
5102	24.3
5103	25.2
5104	24.3
5105	25.8
5106	24.7
5107	21.6
5108	17.4
5109	16.3
5110	15.0
5111	14.6
5112	14.7
5113	14.4
5114	13.7
5115	13.9
5116	13.2
5117	14.1
5118	16.1
5119	18.3
5120	20.1
5121	22.7
5122	24.9
5123	26.8
5124	27.2
5125	27.8
5126	28.6
5127	28.4
5128	28.9
5129	29.4
5130	27.5
5131	24.5
5132	21.1
5133	18.6
5134	16.7
5135	16.0
5136	16.0
5137	16.7
5138	17.1
5139	17.3
5140	17.4
5141	16.9
5142	18.1
5143	20.5
5144	21.0
5145	17.9
5146	19.3
5147	20.0
5148	20.5
5149	23.7
5150	25.4
5151	26.3
5152	26.7
5153	24.1
5154	21.8
5155	20.0
5156	18.5
5157	18.4
5158	16.6
5159	16.0
5160	16.2
5161	16.2
5162	16.2
5163	16.2
5164	16.2
5165	16.4
5166	16.2
5167	16.0
5168	15.8
5169	15.6
5170	15.9
5171	15.7
5172	15.3
5173	15.6
5174	16.1
5175	16.1
5176	15.9
5177	15.3
5178	15.3
5179	15.1
5180	14.4
5181	14.1
5182	14.1
5183	14.2
5184	14.3
5185	14.3
5186	14.2
5187	13.9
5188	14.0
5189	14.0
5190	14.0
5191	14.6
5192	15.5
5193	16.6
5194	16.4
5195	17.5
5196	17.3
5197	17.7
5198	19.6
5199	17.5
5200	18.9
5201	18.4
5202	17.7
5203	15.5
5204	14.0
5205	13.0
5206	12.3
5207	11.4
5208	10.9
5209	10.5
5210	10.3
5211	9.6
5212	9.5
5213	9.5
5214	11.6
5215	13.4
5216	15.5
5217	16.3
5218	17.8
5219	19.2
5220	19.9
5221	21.1
5222	21.4
5223	21.3
5224	21.1
5225	20.7
5226	19.5
5227	17.0
5228	15.9
5229	14.6
5230	13.7
5231	12.7
5232	12.0
5233	11.7
5234	11.2
5235	10.8
5236	10.4
5237	10.6
5238	11.5
5239	12.5
5240	13.3
5241	14.1
5242	14.7
5243	15.5
5244	16.0
5245	17.3
5246	18.5
5247	19.4
5248	19.6
5249	19.4
5250	18.9
5251	16.9
5252	14.9
5253	14.8
5254	14.0
5255	13.8
5256	13.1
5257	10.7
5258	9.9
5259	9.4
5260	10.6
5261	10.9
5262	12.2
5263	13.2
5264	14.3
5265	14.8
5266	15.6
5267	16.9
5268	18.0
5269	18.0
5270	18.2
5271	18.5
5272	18.8
5273	18.8
5274	18.1
5275	17.2
5276	16.2
5277	15.6
5278	15.6
5279	15.3
5280	14.7
5281	14.8
5282	14.8
5283	15.0
5284	15.0
5285	15.1
5286	15.5
5287	16.5
5288	16.8
5289	17.9
5290	19.8
5291	20.7
5292	21.9
5293	22.3
5294	23.2
5295	23.7
5296	23.6
5297	23.3
5298	22.5
5299	20.0
5300	18.0
5301	15.6
5302	13.6
5303	13.1
5304	12.1
5305	11.3
5306	11.0
5307	10.2
5308	10.1
5309	10.2
5310	11.7
5311	14.1
5312	17.7
5313	20.5
5314	22.3
5315	23.7
5316	24.8
5317	25.1
5318	25.6
5319	25.7
5320	25.3
5321	24.2
5322	23.0
5323	21.1
5324	19.7
5325	18.4
5326	17.2
5327	16.0
5328	14.9
5329	14.2
5330	13.6
5331	13.4
5332	13.9
5333	13.7
5334	15.8
5335	18.3
5336	21.0
5337	24.0
5338	26.6
5339	29.1
5340	31.3
5341	32.5
5342	32.9
5343	32.6
5344	33.0
5345	31.8
5346	29.6
5347	25.2
5348	20.9
5349	19.0
5350	18.9
5351	19.3
5352	18.6
5353	17.9
5354	17.7
5355	15.6
5356	15.3
5357	15.9
5358	18.2
5359	20.9
5360	23.7
5361	26.0
5362	28.3
5363	30.6
5364	32.2
5365	33.0
5366	33.9
5367	33.5
5368	32.6
5369	31.1
5370	27.8
5371	25.9
5372	20.1
5373	20.2
5374	19.5
5375	18.1
5376	19.1
5377	17.7
5378	16.5
5379	16.0
5380	14.9
5381	15.9
5382	20.6
5383	20.8
5384	22.6
5385	23.5
5386	25.0
5387	24.3
5388	25.1
5389	25.3
5390	25.2
5391	22.8
5392	21.3
5393	21.1
5394	21.1
5395	19.9
5396	18.6
5397	18.5
5398	17.1
5399	17.3
5400	16.4
5401	16.1
5402	16.1
5403	15.4
5404	14.5
5405	13.2
5406	14.0
5407	16.1
5408	17.6
5409	19.0
5410	19.9
5411	20.8
5412	22.2
5413	23.0
5414	23.3
5415	23.4
5416	23.7
5417	23.9
5418	22.7
5419	18.9
5420	15.9
5421	15.1
5422	14.7
5423	12.9
5424	11.8
5425	11.7
5426	10.5
5427	10.3
5428	9.7
5429	9.7
5430	11.2
5431	15.2
5432	18.5
5433	21.2
5434	22.9
5435	25.0
5436	25.7
5437	25.9
5438	26.3
5439	26.7
5440	26.8
5441	26.7
5442	23.8
5443	21.4
5444	18.7
5445	18.6
5446	17.4
5447	17.8
5448	17.2
5449	16.6
5450	15.5
5451	15.2
5452	16.4
5453	16.0
5454	16.7
5455	19.3
5456	22.2
5457	24.0
5458	25.7
5459	27.0
5460	27.9
5461	28.6
5462	29.2
5463	29.2
5464	29.1
5465	29.4
5466	26.9
5467	21.1
5468	19.2
5469	17.3
5470	15.7
5471	15.6
5472	14.3
5473	14.6
5474	13.4
5475	13.4
5476	13.0
5477	12.2
5478	14.7
5479	17.8
5480	20.6
5481	23.6
5482	26.1
5483	28.1
5484	28.6
5485	29.3
5486	29.8
5487	29.5
5488	29.8
5489	28.7
5490	25.2
5491	21.1
5492	18.3
5493	16.9
5494	16.4
5495	15.2
5496	15.1
5497	15.3
5498	15.1
5499	13.9
5500	14.3
5501	13.4
5502	14.2
5503	17.9
5504	20.4
5505	21.4
5506	22.4
5507	23.1
5508	24.6
5509	25.4
5510	25.9
5511	25.8
5512	25.8
5513	23.4
5514	21.6
5515	18.7
5516	18.5
5517	18.4
5518	17.7
5519	17.6
5520	17.4
5521	16.9
5522	16.7
5523	16.7
5524	16.6
5525	16.6
5526	16.6
5527	17.1
5528	17.7
5529	19.7
5530	21.2
5531	22.6
5532	24.1
5533	25.0
5534	25.8
5535	25.9
5536	25.6
5537	24.7
5538	23.0
5539	20.1
5540	17.1
5541	17.1
5542	15.9
5543	14.0
5544	13.2
5545	12.5
5546	12.5
5547	11.3
5548	11.1
5549	10.9
5550	12.0
5551	14.8
5552	18.0
5553	20.2
5554	22.6
5555	24.5
5556	25.8
5557	26.5
5558	26.9
5559	27.2
5560	26.1
5561	25.1
5562	24.1
5563	20.2
5564	18.4
5565	19.1
5566	18.7
5567	17.1
5568	16.3
5569	14.6
5570	13.4
5571	13.5
5572	13.7
5573	14.7
5574	15.7
5575	18.6
5576	21.6
5577	22.4
5578	22.5
5579	22.9
5580	22.8
5581	19.3
5582	18.0
5583	17.5
5584	17.0
5585	15.5
5586	15.6
5587	15.9
5588	16.1
5589	15.6
5590	15.6
5591	16.2
5592	16.1
5593	15.5
5594	15.3
5595	15.0
5596	14.2
5597	13.8
5598	14.2
5599	14.8
5600	16.4
5601	16.6
5602	15.7
5603	16.4
5604	18.6
5605	18.1
5606	19.4
5607	19.0
5608	18.1
5609	17.4
5610	16.3
5611	14.7
5612	13.2
5613	13.1
5614	13.0
5615	12.5
5616	12.0
5617	11.2
5618	10.8
5619	11.0
5620	11.2
5621	10.4
5622	10.8
5623	12.0
5624	13.5
5625	14.4
5626	16.1
5627	15.7
5628	17.7
5629	17.1
5630	18.0
5631	18.6
5632	17.8
5633	18.0
5634	17.5
5635	13.8
5636	12.6
5637	11.3
5638	11.6
5639	11.8
5640	11.4
5641	11.1
5642	11.3
5643	11.4
5644	11.0
5645	11.4
5646	12.2
5647	14.8
5648	15.0
5649	16.2
5650	18.2
5651	19.6
5652	20.2
5653	19.4
5654	15.3
5655	13.8
5656	13.7
5657	14.9
5658	14.7
5659	13.9
5660	13.7
5661	13.3
5662	13.0
5663	12.7
5664	12.4
5665	12.1
5666	12.0
5667	12.0
5668	12.2
5669	11.9
5670	12.9
5671	13.9
5672	16.6
5673	20.4
5674	22.3
5675	23.4
5676	23.2
5677	22.9
5678	23.3
5679	22.9
5680	21.5
5681	20.1
5682	18.0
5683	14.4
5684	14.1
5685	14.2
5686	14.1
5687	13.8
5688	13.9
5689	14.1
5690	14.1
5691	14.0
5692	13.9
5693	13.8
5694	13.9
5695	14.2
5696	14.3
5697	15.8
5698	17.1
5699	18.6
5700	20.1
5701	20.8
5702	22.3
5703	22.4
5704	22.3
5705	21.4
5706	18.2
5707	17.3
5708	16.2
5709	15.3
5710	14.0
5711	13.6
5712	13.7
5713	13.8
5714	13.7
5715	13.1
5716	12.8
5717	12.5
5718	13.0
5719	14.7
5720	17.2
5721	19.0
5722	21.0
5723	22.7
5724	23.3
5725	23.8
5726	22.7
5727	22.7
5728	22.3
5729	20.8
5730	19.7
5731	18.5
5732	17.7
5733	17.1
5734	16.6
5735	16.3
5736	15.8
5737	15.8
5738	15.6
5739	15.5
5740	15.4
5741	15.4
5742	15.3
5743	15.8
5744	16.4
5745	18.1
5746	19.1
5747	19.6
5748	19.9
5749	20.3
5750	21.2
5751	21.2
5752	21.2
5753	20.6
5754	18.5
5755	17.3
5756	16.2
5757	15.4
5758	15.7
5759	15.5
5760	15.8
5761	15.3
5762	15.4
5763	15.5
5764	14.5
5765	14.5
5766	14.3
5767	14.2
5768	14.1
5769	14.3
5770	14.0
5771	14.0
5772	15.1
5773	16.0
5774	15.9
5775	15.3
5776	15.6
5777	15.1
5778	13.6
5779	13.0
5780	12.7
5781	12.7
5782	13.0
5783	12.8
5784	12.6
5785	12.3
5786	12.1
5787	11.9
5788	10.9
5789	11.0
5790	11.4
5791	12.9
5792	16.0
5793	16.7
5794	18.0
5795	17.9
5796	18.9
5797	19.6
5798	20.6
5799	20.9
5800	20.3
5801	19.9
5802	16.8
5803	14.4
5804	13.2
5805	13.1
5806	13.6
5807	13.8
5808	14.0
5809	13.0
5810	12.9
5811	12.6
5812	12.3
5813	12.2
5814	12.2
5815	12.8
5816	13.8
5817	15.2
5818	17.5
5819	18.7
5820	18.0
5821	19.7
5822	18.5
5823	18.5
5824	18.6
5825	18.7
5826	16.3
5827	14.1
5828	13.0
5829	12.5
5830	12.5
5831	11.8
5832	11.3
5833	9.9
5834	10.0
5835	8.9
5836	9.3
5837	10.8
5838	11.3
5839	12.6
5840	14.3
5841	15.3
5842	16.4
5843	17.2
5844	17.2
5845	16.4
5846	17.8
5847	16.8
5848	16.3
5849	16.3
5850	15.5
5851	14.3
5852	13.7
5853	13.3
5854	13.0
5855	12.9
5856	12.6
5857	12.2
5858	12.1
5859	11.9
5860	11.4
5861	11.1
5862	11.2
5863	12.2
5864	13.5
5865	13.7
5866	14.4
5867	15.0
5868	16.2
5869	16.2
5870	17.8
5871	16.8
5872	16.6
5873	14.9
5874	13.4
5875	13.1
5876	12.3
5877	11.6
5878	11.5
5879	11.3
5880	11.3
5881	11.2
5882	10.8
5883	10.2
5884	9.7
5885	9.8
5886	10.8
5887	11.5
5888	12.2
5889	12.4
5890	13.4
5891	13.9
5892	13.8
5893	13.0
5894	12.4
5895	12.2
5896	12.2
5897	11.9
5898	11.8
5899	11.7
5900	11.6
5901	11.5
5902	11.3
5903	11.0
5904	10.7
5905	10.4
5906	10.3
5907	10.3
5908	10.4
5909	10.4
5910	10.3
5911	10.4
5912	11.1
5913	12.2
5914	12.5
5915	13.0
5916	12.9
5917	12.7
5918	12.4
5919	12.5
5920	12.1
5921	10.6
5922	10.2
5923	9.0
5924	9.8
5925	9.6
5926	9.6
5927	7.7
5928	8.7
5929	8.1
5930	6.4
5931	6.6
5932	5.7
5933	8.1
5934	8.7
5935	9.0
5936	9.7
5937	10.2
5938	10.6
5939	11.1
5940	12.0
5941	9.6
5942	12.8
5943	10.3
5944	9.1
5945	10.8
5946	8.8
5947	8.3
5948	7.2
5949	7.4
5950	7.7
5951	8.0
5952	7.8
5953	7.2
5954	5.8
5955	4.9
5956	4.0
5957	3.9
5958	4.3
5959	7.0
5960	9.1
5961	11.5
5962	12.6
5963	14.3
5964	15.0
5965	16.2
5966	16.3
5967	16.2
5968	16.2
5969	15.3
5970	11.9
5971	11.2
5972	9.7
5973	7.3
5974	6.4
5975	5.4
5976	5.2
5977	5.0
5978	4.5
5979	3.4
5980	3.2
5981	3.0
5982	4.1
5983	6.6
5984	9.6
5985	12.5
5986	15.2
5987	17.0
5988	18.5
5989	19.4
5990	21.3
5991	20.6
5992	20.7
5993	19.5
5994	17.0
5995	15.1
5996	15.0
5997	14.9
5998	14.6
5999	13.8
6000	13.1
6001	12.3
6002	12.3
6003	12.1
6004	12.0
6005	12.0
6006	12.3
6007	13.0
6008	13.6
6009	14.2
6010	17.2
6011	18.1
6012	19.4
6013	19.7
6014	19.1
6015	19.6
6016	19.6
6017	17.7
6018	15.9
6019	15.1
6020	14.4
6021	13.5
6022	13.7
6023	13.3
6024	12.5
6025	11.6
6026	11.3
6027	11.7
6028	11.9
6029	11.4
6030	11.1
6031	12.1
6032	13.7
6033	17.4
6034	18.9
6035	20.7
6036	22.7
6037	23.4
6038	24.2
6039	24.0
6040	23.5
6041	21.2
6042	19.2
6043	17.4
6044	16.4
6045	15.3
6046	14.5
6047	13.2
6048	13.6
6049	13.0
6050	13.6
6051	13.7
6052	13.7
6053	13.8
6054	14.1
6055	13.5
6056	13.9
6057	13.8
6058	14.3
6059	15.9
6060	15.9
6061	16.9
6062	17.6
6063	17.1
6064	16.8
6065	15.8
6066	14.9
6067	13.7
6068	13.2
6069	12.9
6070	12.0
6071	11.3
6072	11.6
6073	12.1
6074	10.2
6075	8.9
6076	8.3
6077	7.3
6078	8.7
6079	11.5
6080	13.9
6081	15.1
6082	16.8
6083	17.9
6084	18.6
6085	19.7
6086	19.2
6087	19.6
6088	18.8
6089	18.5
6090	15.9
6091	12.9
6092	12.5
6093	11.7
6094	10.2
6095	9.8
6096	10.1
6097	11.5
6098	12.8
6099	12.6
6100	12.0
6101	11.2
6102	11.2
6103	12.2
6104	13.6
6105	14.7
6106	16.0
6107	17.2
6108	15.1
6109	17.5
6110	17.7
6111	18.3
6112	17.9
6113	16.9
6114	13.2
6115	12.7
6116	12.4
6117	10.9
6118	11.5
6119	9.9
6120	9.4
6121	10.7
6122	9.7
6123	10.1
6124	8.5
6125	7.8
6126	9.3
6127	11.2
6128	12.2
6129	15.3
6130	17.3
6131	18.3
6132	19.6
6133	19.0
6134	19.5
6135	20.2
6136	20.7
6137	19.0
6138	18.1
6139	15.6
6140	14.0
6141	13.0
6142	12.5
6143	12.4
6144	11.9
6145	11.7
6146	11.5
6147	11.3
6148	11.2
6149	10.7
6150	10.1
6151	10.1
6152	9.8
6153	10.4
6154	12.5
6155	15.4
6156	16.6
6157	17.6
6158	18.0
6159	17.6
6160	16.8
6161	15.9
6162	13.8
6163	13.5
6164	12.8
6165	12.1
6166	12.5
6167	11.3
6168	10.9
6169	10.6
6170	10.7
6171	10.6
6172	10.7
6173	10.9
6174	10.8
6175	11.5
6176	12.8
6177	14.8
6178	15.6
6179	17.2
6180	18.1
6181	18.5
6182	19.3
6183	19.6
6184	18.6
6185	17.6
6186	14.5
6187	13.7
6188	13.1
6189	12.4
6190	11.6
6191	11.6
6192	11.5
6193	10.4
6194	10.7
6195	11.0
6196	11.0
6197	11.1
6198	11.2
6199	12.7
6200	13.0
6201	14.4
6202	15.8
6203	17.7
6204	16.9
6205	16.6
6206	16.4
6207	16.8
6208	16.5
6209	15.9
6210	14.7
6211	12.5
6212	10.4
6213	8.9
6214	9.0
6215	8.5
6216	9.0
6217	10.0
6218	9.5
6219	8.2
6220	6.9
6221	7.1
6222	8.4
6223	10.3
6224	11.5
6225	13.4
6226	15.0
6227	15.4
6228	15.1
6229	15.4
6230	16.1
6231	16.2
6232	15.9
6233	14.8
6234	13.0
6235	11.6
6236	9.7
6237	9.2
6238	8.9
6239	8.0
6240	7.1
6241	6.7
6242	6.5
6243	6.0
6244	5.5
6245	5.9
6246	5.7
6247	7.4
6248	11.0
6249	14.0
6250	15.8
6251	17.3
6252	17.6
6253	18.8
6254	18.6
6255	18.4
6256	17.9
6257	16.4
6258	14.3
6259	13.4
6260	13.6
6261	12.2
6262	12.0
6263	10.2
6264	10.9
6265	10.4
6266	10.6
6267	10.3
6268	9.8
6269	9.4
6270	9.0
6271	11.1
6272	12.6
6273	13.4
6274	14.3
6275	16.2
6276	16.5
6277	16.9
6278	17.6
6279	18.0
6280	17.4
6281	16.2
6282	14.2
6283	13.3
6284	12.7
6285	12.1
6286	10.6
6287	10.5
6288	9.8
6289	9.9
6290	7.6
6291	6.9
6292	6.5
6293	7.8
6294	9.4
6295	9.7
6296	10.1
6297	11.2
6298	12.7
6299	15.3
6300	17.0
6301	18.5
6302	19.1
6303	19.9
6304	19.8
6305	18.0
6306	15.7
6307	14.5
6308	13.9
6309	12.0
6310	12.2
6311	11.6
6312	9.9
6313	11.1
6314	11.1
6315	10.5
6316	9.8
6317	10.1
6318	9.7
6319	11.1
6320	13.7
6321	15.6
6322	18.2
6323	20.2
6324	22.8
6325	24.2
6326	25.6
6327	25.2
6328	24.3
6329	21.9
6330	20.2
6331	18.3
6332	18.6
6333	18.5
6334	17.9
6335	16.9
6336	15.9
6337	13.6
6338	13.6
6339	12.8
6340	12.1
6341	12.6
6342	12.4
6343	14.0
6344	15.8
6345	18.1
6346	20.1
6347	22.9
6348	25.1
6349	26.5
6350	27.2
6351	26.8
6352	24.6
6353	23.6
6354	20.1
6355	18.8
6356	18.5
6357	18.2
6358	14.6
6359	14.5
6360	13.2
6361	11.3
6362	11.8
6363	13.1
6364	11.8
6365	10.3
6366	10.2
6367	12.1
6368	15.7
6369	18.3
6370	20.0
6371	21.3
6372	23.3
6373	24.0
6374	25.4
6375	24.4
6376	23.5
6377	21.3
6378	18.8
6379	17.4
6380	17.8
6381	14.3
6382	14.3
6383	12.7
6384	12.0
6385	11.4
6386	12.5
6387	13.1
6388	13.1
6389	12.9
6390	12.4
6391	14.6
6392	17.3
6393	19.0
6394	19.7
6395	21.2
6396	23.2
6397	25.1
6398	24.5
6399	24.3
6400	22.3
6401	21.5
6402	19.6
6403	18.5
6404	17.5
6405	17.7
6406	17.4
6407	17.7
6408	16.1
6409	15.4
6410	15.8
6411	15.3
6412	13.7
6413	14.3
6414	14.1
6415	15.1
6416	16.2
6417	17.0
6418	17.9
6419	17.8
6420	18.1
6421	19.5
6422	18.9
6423	18.2
6424	17.4
6425	16.7
6426	15.5
6427	15.3
6428	13.8
6429	13.2
6430	12.4
6431	12.2
6432	11.8
6433	11.4
6434	10.7
6435	10.3
6436	10.3
6437	10.2
6438	10.1
6439	10.2
6440	10.3
6441	10.6
6442	11.0
6443	12.0
6444	12.8
6445	11.4
6446	13.0
6447	10.8
6448	11.6
6449	10.2
6450	10.1
6451	9.6
6452	9.3
6453	9.2
6454	8.5
6455	8.6
6456	7.3
6457	6.8
6458	6.0
6459	5.4
6460	6.5
6461	7.0
6462	6.5
6463	7.9
6464	9.6
6465	11.7
6466	12.8
6467	14.3
6468	14.6
6469	15.7
6470	15.4
6471	15.8
6472	15.3
6473	13.2
6474	9.9
6475	8.2
6476	7.2
6477	5.8
6478	5.5
6479	5.3
6480	5.4
6481	5.3
6482	5.3
6483	8.5
6484	6.3
6485	6.3
6486	6.5
6487	7.5
6488	9.0
6489	11.2
6490	12.9
6491	14.5
6492	15.6
6493	16.7
6494	17.6
6495	16.4
6496	14.3
6497	12.8
6498	12.2
6499	11.1
6500	9.5
6501	9.2
6502	8.9
6503	8.8
6504	8.7
6505	8.4
6506	8.5
6507	8.6
6508	8.7
6509	8.9
6510	8.9
6511	8.9
6512	9.0
6513	8.6
6514	8.7
6515	8.9
6516	9.0
6517	9.3
6518	9.6
6519	9.6
6520	9.4
6521	9.4
6522	9.3
6523	9.3
6524	9.4
6525	9.3
6526	9.3
6527	8.5
6528	9.0
6529	8.6
6530	8.4
6531	8.4
6532	8.2
6533	8.0
6534	7.6
6535	7.9
6536	8.8
6537	10.2
6538	10.7
6539	12.2
6540	13.1
6541	13.3
6542	13.4
6543	13.0
6544	11.7
6545	10.3
6546	8.6
6547	8.0
6548	7.3
6549	6.7
6550	7.1
6551	7.9
6552	8.9
6553	9.8
6554	10.5
6555	10.4
6556	10.6
6557	10.6
6558	10.6
6559	11.1
6560	12.4
6561	13.2
6562	13.4
6563	14.2
6564	14.5
6565	16.4
6566	16.3
6567	15.4
6568	14.6
6569	12.9
6570	12.4
6571	10.0
6572	8.4
6573	7.2
6574	7.3
6575	8.7
6576	9.5
6577	9.7
6578	9.7
6579	10.1
6580	9.7
6581	9.7
6582	9.9
6583	10.4
6584	10.9
6585	11.6
6586	11.8
6587	12.6
6588	13.8
6589	13.7
6590	13.6
6591	13.3
6592	13.1
6593	13.0
6594	12.4
6595	12.8
6596	11.2
6597	9.3
6598	9.6
6599	10.4
6600	10.9
6601	11.0
6602	11.0
6603	10.8
6604	10.9
6605	11.0
6606	11.1
6607	11.3
6608	11.8
6609	13.1
6610	16.2
6611	15.3
6612	16.2
6613	16.2
6614	16.8
6615	16.8
6616	15.7
6617	14.5
6618	12.6
6619	12.0
6620	11.2
6621	10.8
6622	10.1
6623	10.2
6624	9.6
6625	9.4
6626	9.6
6627	9.3
6628	10.1
6629	9.9
6630	9.0
6631	9.3
6632	11.9
6633	15.1
6634	16.4
6635	18.0
6636	19.0
6637	19.6
6638	19.1
6639	19.8
6640	19.2
6641	14.4
6642	10.8
6643	9.0
6644	7.7
6645	8.0
6646	8.8
6647	8.5
6648	6.3
6649	7.2
6650	7.3
6651	6.9
6652	6.7
6653	7.0
6654	6.8
6655	8.4
6656	9.7
6657	12.5
6658	14.6
6659	17.7
6660	19.7
6661	20.8
6662	21.6
6663	21.4
6664	19.5
6665	16.8
6666	15.5
6667	14.1
6668	13.4
6669	12.1
6670	11.7
6671	11.2
6672	10.6
6673	10.1
6674	9.7
6675	7.3
6676	7.1
6677	7.6
6678	8.1
6679	10.0
6680	12.2
6681	15.5
6682	19.2
6683	20.3
6684	22.3
6685	23.2
6686	23.9
6687	22.9
6688	21.1
6689	18.1
6690	14.4
6691	13.7
6692	14.4
6693	12.7
6694	12.4
6695	10.8
6696	10.8
6697	9.5
6698	8.6
6699	9.3
6700	9.7
6701	9.3
6702	9.0
6703	9.8
6704	12.1
6705	16.4
6706	20.4
6707	22.7
6708	23.6
6709	23.3
6710	23.2
6711	22.7
6712	20.2
6713	18.7
6714	15.3
6715	16.2
6716	15.4
6717	14.9
6718	15.3
6719	14.9
6720	14.6
6721	14.4
6722	14.2
6723	13.9
6724	12.8
6725	12.2
6726	12.4
6727	13.0
6728	13.9
6729	14.3
6730	16.0
6731	15.5
6732	16.8
6733	17.4
6734	17.9
6735	17.8
6736	16.8
6737	14.9
6738	12.5
6739	11.3
6740	10.4
6741	10.8
6742	12.1
6743	11.4
6744	11.9
6745	11.9
6746	11.7
6747	12.5
6748	11.9
6749	10.5
6750	11.9
6751	12.4
6752	12.9
6753	13.5
6754	15.4
6755	17.1
6756	19.1
6757	19.6
6758	20.7
6759	19.6
6760	18.4
6761	17.3
6762	16.1
6763	15.6
6764	15.6
6765	15.0
6766	14.6
6767	14.5
6768	14.2
6769	13.9
6770	11.5
6771	11.2
6772	10.8
6773	10.4
6774	10.3
6775	9.7
6776	9.4
6777	9.8
6778	9.6
6779	9.4
6780	9.2
6781	9.6
6782	9.8
6783	9.6
6784	9.5
6785	9.2
6786	9.1
6787	8.9
6788	8.8
6789	8.6
6790	7.4
6791	5.6
6792	3.3
6793	1.3
6794	-0.1
6795	-0.1
6796	0.5
6797	0.8
6798	1.4
6799	1.3
6800	2.0
6801	2.8
6802	3.6
6803	5.4
6804	9.0
6805	12.8
6806	13.6
6807	13.8
6808	12.9
6809	10.1
6810	8.9
6811	7.4
6812	5.9
6813	3.6
6814	2.3
6815	1.8
6816	0.7
6817	2.7
6818	3.0
6819	3.2
6820	2.8
6821	2.9
6822	3.1
6823	3.2
6824	3.6
6825	3.8
6826	4.4
6827	5.3
6828	6.8
6829	10.4
6830	12.5
6831	13.7
6832	13.0
6833	9.0
6834	5.3
6835	4.0
6836	2.2
6837	2.1
6838	2.1
6839	2.1
6840	1.8
6841	0.6
6842	0.9
6843	1.4
6844	1.0
6845	1.2
6846	1.2
6847	1.4
6848	2.0
6849	2.7
6850	3.8
6851	4.9
6852	6.9
6853	10.7
6854	13.5
6855	13.9
6856	13.8
6857	11.2
6858	8.4
6859	7.4
6860	5.7
6861	3.3
6862	2.1
6863	1.3
6864	1.5
6865	1.8
6866	1.9
6867	0.7
6868	0.6
6869	2.3
6870	0.2
6871	1.3
6872	4.9
6873	9.1
6874	12.6
6875	14.5
6876	17.2
6877	17.2
6878	17.7
6879	17.8
6880	17.1
6881	12.4
6882	9.3
6883	6.7
6884	6.2
6885	4.6
6886	3.6
6887	3.4
6888	4.0
6889	4.1
6890	4.2
6891	4.0
6892	3.5
6893	2.8
6894	2.5
6895	2.5
6896	3.7
6897	5.4
6898	9.3
6899	14.2
6900	17.3
6901	17.9
6902	19.1
6903	18.6
6904	17.5
6905	14.1
6906	12.4
6907	8.6
6908	7.1
6909	6.1
6910	5.5
6911	4.8
6912	4.8
6913	5.9
6914	6.4
6915	6.0
6916	5.7
6917	5.4
6918	5.5
6919	5.3
6920	5.8
6921	6.5
6922	8.2
6923	12.4
6924	15.2
6925	17.5
6926	18.2
6927	17.9
6928	16.2
6929	13.4
6930	10.8
6931	10.2
6932	10.1
6933	10.1
6934	10.1
6935	10.3
6936	10.0
6937	9.7
6938	8.9
6939	8.1
6940	8.1
6941	8.2
6942	7.8
6943	7.3
6944	7.0
6945	6.8
6946	6.9
6947	7.1
6948	6.7
6949	6.3
6950	6.4
6951	6.5
6952	6.4
6953	6.3
6954	6.1
6955	6.0
6956	5.0
6957	3.7
6958	2.8
6959	2.0
6960	1.2
6961	0.9
6962	0.2
6963	0.2
6964	0.6
6965	0.7
6966	0.7
6967	0.9
6968	2.6
6969	4.0
6970	5.4
6971	6.2
6972	6.6
6973	7.1
6974	7.3
6975	7.0
6976	5.9
6977	4.0
6978	3.1
6979	3.2
6980	3.0
6981	2.4
6982	1.7
6983	1.4
6984	0.3
6985	0.1
6986	-1.1
6987	-1.8
6988	-2.2
6989	-3.2
6990	-3.5
6991	-2.3
6992	1.1
6993	3.9
6994	6.5
6995	8.4
6996	10.2
6997	10.2
6998	11.0
6999	10.6
7000	9.5
7001	8.4
7002	7.9
7003	7.6
7004	6.1
7005	5.0
7006	4.7
7007	4.4
7008	3.2
7009	1.0
7010	2.2
7011	0.5
7012	1.6
7013	0.0
7014	-0.5
7015	-0.7
7016	5.1
7017	8.0
7018	9.7
7019	12.0
7020	13.1
7021	14.1
7022	13.7
7023	13.3
7024	12.0
7025	10.3
7026	9.1
7027	8.7
7028	8.0
7029	7.0
7030	6.1
7031	5.7
7032	5.5
7033	4.3
7034	3.4
7035	2.1
7036	2.9
7037	5.0
7038	4.3
7039	5.8
7040	8.3
7041	11.1
7042	12.9
7043	14.4
7044	15.6
7045	16.4
7046	16.5
7047	16.0
7048	14.3
7049	11.8
7050	10.2
7051	8.6
7052	7.4
7053	6.6
7054	3.8
7055	4.8
7056	4.7
7057	3.0
7058	1.0
7059	1.4
7060	0.6
7061	0.4
7062	0.3
7063	0.3
7064	3.7
7065	7.0
7066	10.4
7067	12.8
7068	13.4
7069	13.6
7070	13.3
7071	13.3
7072	12.6
7073	9.9
7074	9.7
7075	9.0
7076	6.1
7077	6.2
7078	5.8
7079	5.6
7080	2.8
7081	2.4
7082	1.6
7083	1.2
7084	1.6
7085	1.7
7086	1.5
7087	3.4
7088	4.4
7089	5.1
7090	6.1
7091	7.3
7092	8.1
7093	8.7
7094	9.0
7095	8.8
7096	8.7
7097	8.4
7098	8.2
7099	8.1
7100	7.7
7101	7.5
7102	7.5
7103	5.1
7104	5.6
7105	5.9
7106	5.8
7107	5.8
7108	5.9
7109	5.7
7110	5.8
7111	5.9
7112	6.7
7113	7.7
7114	8.3
7115	10.1
7116	11.4
7117	12.2
7118	12.1
7119	12.1
7120	11.3
7121	9.8
7122	8.6
7123	7.3
7124	6.5
7125	6.4
7126	5.7
7127	6.5
7128	6.6
7129	6.4
7130	4.5
7131	4.3
7132	1.8
7133	1.8
7134	1.8
7135	3.1
7136	4.0
7137	7.3
7138	10.1
7139	12.5
7140	15.5
7141	15.3
7142	15.3
7143	14.3
7144	12.8
7145	10.4
7146	8.1
7147	6.1
7148	4.1
7149	2.8
7150	2.7
7151	6.3
7152	8.9
7153	8.6
7154	7.2
7155	7.2
7156	7.2
7157	7.3
7158	7.1
7159	7.2
7160	7.2
7161	7.6
7162	7.9
7163	8.8
7164	10.3
7165	12.1
7166	12.3
7167	11.1
7168	9.5
7169	8.6
7170	7.9
7171	7.3
7172	6.8
7173	6.3
7174	5.2
7175	5.1
7176	6.0
7177	5.0
7178	3.7
7179	5.1
7180	4.5
7181	3.4
7182	3.0
7183	5.0
7184	6.9
7185	8.3
7186	11.0
7187	11.5
7188	12.4
7189	12.8
7190	12.9
7191	12.5
7192	11.0
7193	7.7
7194	4.9
7195	5.5
7196	3.5
7197	2.6
7198	1.0
7199	1.6
7200	-0.3
7201	0.1
7202	-0.4
7203	1.0
7204	1.9
7205	2.4
7206	2.0
7207	2.2
7208	3.4
7209	6.1
7210	7.4
7211	8.1
7212	9.2
7213	10.0
7214	9.8
7215	8.8
7216	8.0
7217	7.6
7218	7.3
7219	7.2
7220	6.9
7221	6.9
7222	6.7
7223	6.5
7224	6.6
7225	6.4
7226	6.3
7227	6.4
7228	6.6
7229	5.9
7230	5.1
7231	3.6
7232	6.1
7233	7.5
7234	9.3
7235	9.8
7236	10.6
7237	11.4
7238	10.6
7239	10.0
7240	9.0
7241	7.6
7242	5.3
7243	4.2
7244	2.6
7245	2.3
7246	2.0
7247	2.6
7248	3.3
7249	3.8
7250	4.1
7251	4.4
7252	4.9
7253	5.3
7254	5.5
7255	6.4
7256	7.3
7257	8.5
7258	9.9
7259	12.0
7260	14.1
7261	15.1
7262	15.2
7263	15.1
7264	14.8
7265	14.6
7266	14.1
7267	14.0
7268	13.5
7269	13.2
7270	11.3
7271	9.2
7272	6.8
7273	5.1
7274	3.7
7275	3.5
7276	3.2
7277	2.6
7278	2.4
7279	1.8
7280	3.6
7281	5.4
7282	6.4
7283	7.0
7284	7.5
7285	7.4
7286	6.5
7287	6.6
7288	6.0
7289	6.1
7290	6.1
7291	6.0
7292	5.8
7293	5.9
7294	6.1
7295	5.8
7296	5.9
7297	5.8
7298	6.2
7299	5.8
7300	5.7
7301	5.6
7302	5.6
7303	5.9
7304	6.1
7305	7.3
7306	13.2
7307	13.2
7308	12.1
7309	11.5
7310	10.0
7311	8.4
7312	7.6
7313	7.3
7314	6.6
7315	5.2
7316	3.7
7317	3.3
7318	2.9
7319	2.4
7320	2.5
7321	3.7
7322	5.0
7323	3.5
7324	2.7
7325	4.1
7326	3.6
7327	3.5
7328	4.5
7329	5.9
7330	7.3
7331	8.0
7332	8.2
7333	8.6
7334	8.5
7335	9.2
7336	6.8
7337	4.8
7338	4.4
7339	3.4
7340	2.7
7341	1.6
7342	0.5
7343	0.3
7344	0.5
7345	0.7
7346	1.2
7347	1.9
7348	2.9
7349	3.4
7350	2.7
7351	2.3
7352	2.9
7353	3.4
7354	5.7
7355	7.8
7356	7.1
7357	7.4
7358	7.6
7359	7.5
7360	7.1
7361	6.2
7362	5.9
7363	6.0
7364	6.0
7365	5.8
7366	5.8
7367	5.7
7368	5.8
7369	5.7
7370	5.7
7371	5.5
7372	5.6
7373	5.6
7374	5.5
7375	5.6
7376	5.7
7377	6.1
7378	6.5
7379	6.2
7380	6.0
7381	6.1
7382	6.2
7383	6.0
7384	6.3
7385	6.0
7386	6.1
7387	6.0
7388	6.1
7389	6.1
7390	5.5
7391	5.1
7392	5.9
7393	6.0
7394	5.8
7395	4.7
7396	4.5
7397	3.7
7398	2.9
7399	2.2
7400	3.1
7401	4.2
7402	5.8
7403	6.7
7404	6.7
7405	5.4
7406	5.4
7407	5.5
7408	4.7
7409	3.9
7410	1.9
7411	0.3
7412	0.3
7413	-0.6
7414	0.4
7415	-0.5
7416	-0.1
7417	-1.2
7418	-1.0
7419	-0.5
7420	-0.5
7421	0.6
7422	0.2
7423	-1.4
7424	1.9
7425	4.7
7426	7.5
7427	8.7
7428	9.0
7429	9.2
7430	8.8
7431	8.4
7432	7.4
7433	7.5
7434	7.2
7435	6.6
7436	6.0
7437	5.3
7438	5.8
7439	5.1
7440	4.6
7441	4.1
7442	4.0
7443	3.6
7444	3.1
7445	3.5
7446	3.4
7447	3.8
7448	4.4
7449	5.6
7450	6.5
7451	7.6
7452	9.0
7453	8.1
7454	9.2
7455	8.2
7456	5.8
7457	4.7
7458	3.6
7459	2.2
7460	2.5
7461	2.4
7462	0.0
7463	-0.7
7464	-1.3
7465	-0.8
7466	-2.2
7467	-1.2
7468	-0.7
7469	-0.9
7470	-1.3
7471	-1.5
7472	-1.2
7473	-0.9
7474	0.8
7475	4.5
7476	5.3
7477	6.3
7478	8.1
7479	7.2
7480	5.5
7481	4.0
7482	3.9
7483	3.7
7484	2.3
7485	2.5
7486	2.6
7487	2.8
7488	2.8
7489	3.2
7490	3.7
7491	3.6
7492	3.7
7493	4.1
7494	5.3
7495	5.3
7496	5.5
7497	5.8
7498	6.3
7499	6.8
7500	7.2
7501	7.5
7502	7.9
7503	8.1
7504	8.1
7505	8.3
7506	8.3
7507	8.7
7508	9.1
7509	9.4
7510	8.8
7511	7.6
7512	5.5
7513	3.4
7514	1.6
7515	0.9
7516	1.6
7517	1.2
7518	2.1
7519	2.0
7520	3.8
7521	7.0
7522	8.3
7523	9.3
7524	10.5
7525	10.0
7526	10.7
7527	10.9
7528	9.5
7529	5.1
7530	2.2
7531	1.8
7532	0.6
7533	0.9
7534	-0.9
7535	-1.3
7536	-1.8
7537	-1.2
7538	-1.0
7539	-0.8
7540	-0.4
7541	-1.2
7542	-1.4
7543	-1.0
7544	-0.4
7545	0.0
7546	1.8
7547	3.0
7548	5.1
7549	5.9
7550	6.1
7551	5.9
7552	5.0
7553	4.4
7554	3.9
7555	3.2
7556	3.3
7557	3.2
7558	2.7
7559	2.3
7560	1.9
7561	1.7
7562	1.7
7563	1.8
7564	1.8
7565	1.6
7566	1.6
7567	1.9
7568	2.4
7569	3.2
7570	4.8
7571	8.0
7572	9.7
7573	10.4
7574	10.2
7575	9.9
7576	8.2
7577	7.6
7578	7.4
7579	6.6
7580	6.1
7581	6.0
7582	6.2
7583	5.6
7584	5.8
7585	4.8
7586	4.8
7587	5.3
7588	3.6
7589	4.3
7590	4.7
7591	6.0
7592	6.6
7593	8.6
7594	12.7
7595	13.3
7596	14.9
7597	15.4
7598	15.3
7599	14.3
7600	12.8
7601	11.1
7602	10.8
7603	10.7
7604	10.5
7605	11.3
7606	10.8
7607	10.3
7608	10.0
7609	10.7
7610	6.5
7611	6.9
7612	6.6
7613	5.3
7614	3.2
7615	2.7
7616	4.8
7617	9.1
7618	9.4
7619	10.8
7620	11.9
7621	11.4
7622	10.7
7623	10.2
7624	8.2
7625	7.4
7626	7.2
7627	6.6
7628	6.5
7629	6.4
7630	6.3
7631	6.3
7632	6.2
7633	6.0
7634	5.9
7635	5.9
7636	5.7
7637	5.8
7638	4.1
7639	3.4
7640	2.4
7641	0.6
7642	0.2
7643	0.3
7644	0.4
7645	0.9
7646	0.7
7647	0.7
7648	0.3
7649	0.4
7650	0.6
7651	0.7
7652	0.4
7653	0.8
7654	0.9
7655	1.1
7656	1.1
7657	1.0
7658	0.9
7659	1.6
7660	1.9
7661	1.7
7662	1.9
7663	1.8
7664	2.1
7665	2.5
7666	3.0
7667	3.6
7668	4.1
7669	4.2
7670	3.5
7671	4.3
7672	3.3
7673	3.3
7674	3.2
7675	3.6
7676	3.3
7677	2.9
7678	2.9
7679	2.7
7680	2.6
7681	2.6
7682	2.6
7683	2.5
7684	2.4
7685	2.4
7686	2.4
7687	2.4
7688	2.6
7689	2.9
7690	3.0
7691	3.1
7692	3.1
7693	3.0
7694	3.0
7695	3.0
7696	2.9
7697	2.7
7698	2.8
7699	2.6
7700	2.5
7701	2.5
7702	2.6
7703	2.6
7704	2.5
7705	2.6
7706	2.6
7707	2.7
7708	2.7
7709	2.7
7710	2.7
7711	2.6
7712	2.6
7713	3.0
7714	3.2
7715	3.4
7716	3.5
7717	3.3
7718	3.5
7719	3.4
7720	3.4
7721	3.4
7722	3.1
7723	2.9
7724	2.8
7725	2.7
7726	2.7
7727	2.5
7728	2.3
7729	2.1
7730	2.2
7731	2.2
7732	2.2
7733	2.2
7734	2.5
7735	2.8
7736	3.3
7737	3.9
7738	4.3
7739	5.0
7740	5.1
7741	5.1
7742	4.9
7743	5.0
7744	4.4
7745	3.9
7746	3.9
7747	3.8
7748	3.7
7749	3.8
7750	3.4
7751	2.9
7752	2.3
7753	2.1
7754	2.0
7755	2.2
7756	2.2
7757	2.6
7758	4.2
7759	4.0
7760	3.8
7761	4.4
7762	5.7
7763	6.4
7764	7.2
7765	7.8
7766	7.0
7767	6.2
7768	4.4
7769	3.0
7770	3.6
7771	2.9
7772	2.4
7773	1.3
7774	1.3
7775	1.6
7776	1.7
7777	2.2
7778	1.7
7779	1.3
7780	2.9
7781	3.0
7782	2.0
7783	2.1
7784	2.6
7785	3.4
7786	3.9
7787	4.7
7788	4.8
7789	4.8
7790	5.1
7791	4.9
7792	4.4
7793	3.6
7794	2.9
7795	2.4
7796	1.9
7797	1.5
7798	0.6
7799	3.1
7800	3.4
7801	4.0
7802	4.0
7803	3.4
7804	3.2
7805	3.3
7806	3.4
7807	2.7
7808	3.1
7809	3.4
7810	3.7
7811	4.0
7812	4.4
7813	4.4
7814	3.9
7815	3.8
7816	3.5
7817	2.2
7818	2.6
7819	1.5
7820	1.5
7821	0.0
7822	-0.7
7823	-1.8
7824	-1.9
7825	-2.1
7826	-1.5
7827	-0.8
7828	-0.9
7829	-1.5
7830	-2.3
7831	-2.6
7832	-1.6
7833	-1.0
7834	0.3
7835	1.2
7836	3.2
7837	3.3
7838	3.0
7839	2.0
7840	0.0
7841	-0.4
7842	-1.7
7843	-2.1
7844	-2.4
7845	-2.7
7846	-3.5
7847	-3.2
7848	-3.8
7849	-3.6
7850	-3.5
7851	-4.6
7852	-4.3
7853	-4.6
7854	-4.6
7855	-4.3
7856	-3.9
7857	-2.6
7858	-2.0
7859	-0.1
7860	0.4
7861	0.5
7862	1.4
7863	0.7
7864	-0.7
7865	-0.5
7866	-0.7
7867	-0.6
7868	-0.5
7869	-1.0
7870	-1.6
7871	-2.2
7872	-2.0
7873	-1.3
7874	-1.1
7875	-1.2
7876	-0.8
7877	-0.5
7878	-0.3
7879	-0.4
7880	-0.5
7881	-0.3
7882	-0.1
7883	0.1
7884	0.2
7885	-0.1
7886	0.2
7887	-0.3
7888	-1.9
7889	-3.2
7890	-4.0
7891	-4.0
7892	-4.9
7893	-5.4
7894	-5.1
7895	-5.6
7896	-6.8
7897	-4.8
7898	-4.6
7899	-4.8
7900	-4.2
7901	-4.0
7902	-4.1
7903	-3.6
7904	-3.2
7905	-2.9
7906	-2.3
7907	-0.9
7908	-0.5
7909	0.1
7910	0.6
7911	0.5
7912	0.3
7913	0.1
7914	-0.1
7915	-0.2
7916	-0.2
7917	-0.3
7918	-0.6
7919	-1.0
7920	-1.6
7921	-2.1
7922	-2.5
7923	-2.5
7924	-2.6
7925	-2.7
7926	-2.7
7927	-2.7
7928	-2.7
7929	-2.3
7930	-1.6
7931	-1.0
7932	-0.6
7933	0.0
7934	0.1
7935	-0.1
7936	-0.5
7937	-0.6
7938	-0.6
7939	-0.8
7940	-0.9
7941	-1.0
7942	-1.0
7943	-0.9
7944	-1.0
7945	-0.9
7946	-0.8
7947	-0.8
7948	-0.7
7949	-0.6
7950	-0.6
7951	-0.5
7952	-0.4
7953	-0.3
7954	0.2
7955	0.6
7956	0.8
7957	1.0
7958	1.4
7959	1.1
7960	0.9
7961	0.9
7962	0.7
7963	0.7
7964	0.4
7965	0.4
7966	0.4
7967	0.5
7968	0.5
7969	0.6
7970	0.7
7971	0.7
7972	0.7
7973	1.0
7974	1.2
7975	1.1
7976	1.6
7977	1.9
7978	2.1
7979	1.6
7980	2.3
7981	2.2
7982	2.0
7983	2.0
7984	1.8
7985	1.6
7986	1.3
7987	1.1
7988	1.0
7989	0.8
7990	0.7
7991	0.7
7992	0.8
7993	0.8
7994	0.8
7995	0.8
7996	1.0
7997	1.0
7998	0.9
7999	0.9
8000	1.2
8001	1.6
8002	1.9
8003	2.6
8004	2.4
8005	2.2
8006	2.3
8007	2.1
8008	2.2
8009	2.1
8010	1.9
8011	1.5
8012	1.3
8013	1.1
8014	0.9
8015	0.9
8016	0.7
8017	0.5
8018	0.4
8019	0.0
8020	-0.3
8021	-0.4
8022	-0.5
8023	-0.7
8024	-0.7
8025	-0.5
8026	-0.3
8027	-0.2
8028	0.0
8029	0.3
8030	0.1
8031	0.1
8032	0.1
8033	0.1
8034	0.0
8035	0.0
8036	0.0
8037	-0.2
8038	-0.4
8039	-0.5
8040	-0.5
8041	-0.6
8042	-0.6
8043	-0.6
8044	-0.5
8045	-0.5
8046	-0.4
8047	-0.2
8048	-0.2
8049	0.1
8050	0.4
8051	1.0
8052	1.4
8053	1.9
8054	2.3
8055	2.3
8056	2.0
8057	2.0
8058	1.2
8059	1.4
8060	1.5
8061	1.4
8062	1.3
8063	1.3
8064	1.1
8065	1.1
8066	1.3
8067	1.3
8068	1.0
8069	1.0
8070	0.9
8071	0.6
8072	0.7
8073	0.6
8074	0.5
8075	0.2
8076	0.5
8077	0.3
8078	0.3
8079	0.2
8080	0.0
8081	-0.3
8082	-0.4
8083	-0.9
8084	-1.1
8085	-0.8
8086	-0.9
8087	-0.7
8088	-0.8
8089	-0.8
8090	-0.7
8091	-0.5
8092	-0.4
8093	-0.3
8094	-0.5
8095	-0.3
8096	-0.2
8097	0.3
8098	0.5
8099	0.6
8100	0.6
8101	0.8
8102	0.6
8103	0.4
8104	0.1
8105	-0.3
8106	-0.5
8107	-0.6
8108	-0.8
8109	-1.1
8110	-1.4
8111	-1.6
8112	-1.6
8113	-1.7
8114	-1.8
8115	-1.9
8116	-1.9
8117	-1.9
8118	-2.2
8119	-3.0
8120	-3.2
8121	-2.8
8122	-2.8
8123	-2.4
8124	-1.9
8125	-1.3
8126	-1.7
8127	-1.8
8128	-2.0
8129	-2.2
8130	-2.3
8131	-2.3
8132	-2.2
8133	-2.5
8134	-2.7
8135	-3.3
8136	-3.7
8137	-4.0
8138	-4.0
8139	-4.1
8140	-4.2
8141	-4.3
8142	-4.3
8143	-4.5
8144	-4.5
8145	-4.2
8146	-4.1
8147	-3.6
8148	-3.7
8149	-3.6
8150	-3.4
8151	-3.4
8152	-3.4
8153	-3.4
8154	-3.4
8155	-3.3
8156	-3.2
8157	-3.1
8158	-2.3
8159	-1.3
8160	-0.2
8161	0.8
8162	1.4
8163	1.4
8164	1.4
8165	1.4
8166	1.3
8167	1.2
8168	1.2
8169	1.2
8170	1.4
8171	1.4
8172	1.6
8173	1.5
8174	1.4
8175	1.3
8176	1.0
8177	0.7
8178	0.3
8179	0.1
8180	0.1
8181	-0.1
8182	-0.1
8183	-0.3
8184	-0.4
8185	-0.4
8186	-0.4
8187	-0.4
8188	-0.6
8189	-1.0
8190	-1.4
8191	-1.6
8192	-1.4
8193	-1.0
8194	-0.2
8195	0.4
8196	0.9
8197	1.3
8198	1.2
8199	0.8
8200	0.1
8201	-0.6
8202	-1.1
8203	-1.5
8204	-2.2
8205	-2.5
8206	-3.2
8207	-3.8
8208	-4.0
8209	-4.2
8210	-4.7
8211	-5.1
8212	-5.3
8213	-5.6
8214	-5.3
8215	-5.2
8216	-4.9
8217	-4.4
8218	-3.2
8219	-2.6
8220	-2.2
8221	-1.8
8222	-1.9
8223	-2.8
8224	-3.9
8225	-4.6
8226	-5.0
8227	-5.5
8228	-5.9
8229	-6.0
8230	-6.1
8231	-6.1
8232	-6.2
8233	-6.3
8234	-6.5
8235	-6.6
8236	-6.7
8237	-6.8
8238	-7.2
8239	-7.6
8240	-7.0
8241	-5.6
8242	-4.4
8243	-3.6
8244	-2.3
8245	-2.1
8246	-2.7
8247	-3.0
8248	-4.5
8249	-4.8
8250	-5.7
8251	-5.5
8252	-6.1
8253	-6.4
8254	-6.8
8255	-7.1
8256	-7.4
8257	-7.8
8258	-7.8
8259	-7.9
8260	-8.1
8261	-8.5
8262	-8.4
8263	-8.4
8264	-7.9
8265	-7.4
8266	-7.0
8267	-6.8
8268	-6.3
8269	-6.4
8270	-5.8
8271	-6.0
8272	-6.6
8273	-7.0
8274	-7.2
8275	-7.1
8276	-5.8
8277	-5.8
8278	-6.1
8279	-6.1
8280	-6.4
8281	-6.4
8282	-6.5
8283	-6.7
8284	-6.9
8285	-7.0
8286	-7.7
8287	-8.4
8288	-8.2
8289	-6.9
8290	-5.5
8291	-3.6
8292	-2.7
8293	-1.7
8294	-1.2
8295	-2.6
8296	-4.3
8297	-4.9
8298	-5.6
8299	-5.9
8300	-6.4
8301	-6.6
8302	-7.0
8303	-7.3
8304	-6.2
8305	-5.7
8306	-5.6
8307	-5.6
8308	-5.7
8309	-5.8
8310	-5.7
8311	-5.7
8312	-5.5
8313	-5.5
8314	-5.0
8315	-4.6
8316	-4.4
8317	-4.3
8318	-4.0
8319	-3.8
8320	-3.7
8321	-3.6
8322	-3.4
8323	-3.4
8324	-3.4
8325	-3.1
8326	-3.4
8327	-3.2
8328	-3.1
8329	-3.0
8330	-3.0
8331	-2.9
8332	-2.8
8333	-2.8
8334	-2.7
8335	-2.6
8336	-2.5
8337	-2.4
8338	-2.1
8339	-1.5
8340	-0.7
8341	-0.5
8342	-0.3
8343	-0.6
8344	-0.6
8345	-1.0
8346	-1.4
8347	-1.8
8348	-2.1
8349	-2.4
8350	-2.9
8351	-3.1
8352	-3.2
8353	-3.4
8354	-3.4
8355	-3.4
8356	-3.5
8357	-3.5
8358	-3.4
8359	-3.3
8360	-3.2
8361	-2.9
8362	-2.6
8363	-2.3
8364	-2.0
8365	-1.5
8366	-1.3
8367	-1.4
8368	-1.6
8369	-1.8
8370	-1.6
8371	-1.8
8372	-1.6
8373	-1.6
8374	-1.5
8375	-1.4
8376	-1.1
8377	-1.2
8378	-1.9
8379	-1.2
8380	-0.9
8381	-1.6
8382	-1.9
8383	-1.7
8384	-1.6
8385	-0.5
8386	0.2
8387	1.2
8388	1.4
8389	2.9
8390	2.8
8391	2.1
8392	2.1
8393	1.9
8394	1.9
8395	1.9
8396	1.3
8397	1.9
8398	1.7
8399	1.6
8400	1.3
8401	1.4
8402	1.1
8403	1.5
8404	1.2
8405	1.6
8406	2.3
8407	1.8
8408	1.4
8409	1.7
8410	3.1
8411	3.5
8412	3.8
8413	3.6
8414	3.3
8415	2.9
8416	2.8
8417	2.0
8418	1.7
8419	1.5
8420	1.8
8421	1.5
8422	1.6
8423	1.5
8424	1.2
8425	1.8
8426	2.1
8427	1.6
8428	1.3
8429	1.1
8430	0.8
8431	0.9
8432	0.8
8433	0.7
8434	0.8
8435	0.5
8436	0.3
8437	0.0
8438	0.1
8439	0.2
8440	0.1
8441	-0.1
8442	-0.2
8443	-0.4
8444	-0.7
8445	-0.7
8446	-1.0
8447	-1.3
8448	-1.9
8449	-2.4
8450	-2.7
8451	-2.6
8452	-3.8
8453	-4.7
8454	-4.9
8455	-4.4
8456	-3.8
8457	-2.7
8458	-0.9
8459	0.2
8460	0.5
8461	1.2
8462	1.4
8463	0.5
8464	-1.1
8465	-1.5
8466	-1.5
8467	-1.8
8468	-2.2
8469	-2.8
8470	-4.4
8471	-4.3
8472	-5.0
8473	-5.6
8474	-4.0
8475	-3.0
8476	-2.7
8477	-2.7
8478	-2.4
8479	-2.1
8480	-2.1
8481	-2.0
8482	-1.6
8483	-1.6
8484	-1.0
8485	-0.4
8486	-0.8
8487	-0.9
8488	-0.9
8489	-0.9
8490	-0.8
8491	-0.8
8492	-0.8
8493	-0.6
8494	-0.4
8495	-0.3
8496	-0.2
8497	-0.1
8498	-0.1
8499	0.0
8500	0.1
8501	0.3
8502	0.8
8503	0.9
8504	1.1
8505	1.9
8506	2.2
8507	2.8
8508	3.3
8509	3.1
8510	3.4
8511	3.1
8512	2.7
8513	2.9
8514	2.9
8515	3.9
8516	4.0
8517	4.1
8518	4.4
8519	4.0
8520	3.1
8521	3.4
8522	3.2
8523	3.4
8524	3.7
8525	3.5
8526	3.4
8527	3.3
8528	3.1
8529	3.6
8530	4.6
8531	5.0
8532	5.4
8533	5.3
8534	5.2
8535	4.8
8536	4.3
8537	3.8
8538	3.7
8539	4.6
8540	6.4
8541	9.0
8542	8.5
8543	8.4
8544	8.6
8545	9.3
8546	9.2
8547	8.2
8548	8.0
8549	8.2
8550	7.2
8551	8.5
8552	8.1
8553	8.4
8554	8.6
8555	8.6
8556	8.6
8557	8.5
8558	8.2
8559	7.4
8560	6.3
8561	5.7
8562	5.1
8563	5.4
8564	4.7
8565	4.7
8566	4.2
8567	3.5
8568	2.8
8569	2.8
8570	1.9
8571	1.4
8572	1.2
8573	1.1
8574	0.9
8575	0.6
8576	0.5
8577	0.4
8578	0.3
8579	0.3
8580	0.2
8581	0.1
8582	0.3
8583	0.2
8584	0.1
8585	-0.2
8586	-0.2
8587	-0.2
8588	-0.3
8589	-0.3
8590	-0.3
8591	-0.3
8592	-0.3
8593	-0.2
8594	-0.2
8595	-0.2
8596	-0.4
8597	-0.6
8598	-0.8
8599	-0.8
8600	-0.7
8601	-0.6
8602	-0.4
8603	-0.1
8604	0.2
8605	-0.2
8606	-0.3
8607	-0.8
8608	-0.9
8609	-1.0
8610	-1.1
8611	-1.2
8612	-1.0
8613	-1.0
8614	-1.0
8615	-1.3
8616	-1.3
8617	-1.8
8618	-1.8
8619	-1.9
8620	-1.9
8621	-1.8
8622	-2.0
8623	-2.2
8624	-2.0
8625	-1.6
8626	-1.3
8627	-1.8
8628	-1.6
8629	-2.1
8630	-2.2
8631	-2.3
8632	-2.3
8633	-1.8
8634	-1.6
8635	-1.7
8636	-1.8
8637	-1.8
8638	-1.4
8639	-1.1
8640	-0.9
8641	-1.4
8642	-1.6
8643	-1.7
8644	-1.9
8645	-2.1
8646	-1.9
8647	-2.0
8648	-1.8
8649	-1.3
8650	-0.9
8651	-0.3
8652	0.1
8653	0.4
8654	0.4
8655	0.2
8656	0.1
8657	0.2
8658	-0.1
8659	-0.6
8660	-0.8
8661	-0.9
8662	-1.3
8663	-1.2
8664	-1.1
8665	-1.1
8666	-0.9
8667	-1.1
8668	-1.1
8669	-1.2
8670	-1.1
8671	-1.4
8672	-1.4
8673	-1.1
8674	-0.5
8675	-0.1
8676	0.2
8677	0.7
8678	1.1
8679	1.3
8680	1.2
8681	1.2
8682	1.4
8683	1.3
8684	1.4
8685	1.5
8686	2.3
8687	1.9
8688	2.8
8689	2.8
8690	3.6
8691	4.3
8692	4.0
8693	3.2
8694	3.9
8695	4.8
8696	4.5
8697	4.9
8698	4.9
8699	5.1
8700	6.0
8701	6.7
8702	6.3
8703	5.0
8704	4.2
8705	5.6
8706	5.0
8707	4.4
8708	4.3
8709	5.2
8710	5.7
8711	8.3
8712	8.8
8713	9.5
8714	10.2
8715	10.3
8716	10.1
8717	10.6
8718	10.9
8719	11.3
8720	11.3
8721	11.2
8722	11.5
8723	11.9
8724	12.1
8725	12.1
8726	11.9
8727	11.8
8728	11.9
8729	11.3
8730	11.2
8731	10.2
8732	9.3
8733	8.8
8734	8.3
8735	8.1
8736	8.7
8737	8.9
8738	8.7
8739	6.9
8740	5.4
8741	5.9
8742	6.3
8743	6.4
8744	7.8
8745	7.9
8746	8.4
8747	9.2
8748	9.2
8749	9.0
8750	8.7
8751	8.3
8752	6.3
8753	5.1
8754	4.0
8755	2.5
8756	1.3
8757	0.2
8758	-0.1
8759	0.1
8760	0.8
