time [h]	Qevap [W]
0	3733.33
1	3733.33
2	3733.33
3	0.00
4	0.00
5	0.00
6	0.00
7	3733.33
8	3733.33
9	3733.33
10	3733.33
11	3733.33
12	3733.33
13	0.00
14	0.00
15	3733.33
16	3733.33
17	3733.33
18	3733.33
19	3733.33
20	3733.33
21	3733.33
22	0.00
23	0.00
24	3733.33
25	3733.33
26	3733.33
27	3733.33
28	3733.33
29	3733.33
30	0.00
31	0.00
32	3733.33
33	3733.33
34	3733.33
35	3733.33
36	0.00
37	0.00
38	3733.33
39	3733.33
40	3733.33
41	3733.33
42	3733.33
43	3733.33
44	0.00
45	0.00
46	3733.33
47	3733.33
48	3733.33
49	3733.33
50	3733.33
51	3733.33
52	3733.33
53	0.00
54	0.00
55	3733.33
56	3733.33
57	3733.33
58	3733.33
59	3733.33
60	3733.33
61	3733.33
62	0.00
63	0.00
64	3733.33
65	3733.33
66	3733.33
67	3733.33
68	0.00
69	0.00
70	3733.33
71	3733.33
72	3733.33
73	3733.33
74	3733.33
75	3733.33
76	0.00
77	0.00
78	3733.33
79	3733.33
80	3733.33
81	3733.33
82	3733.33
83	0.00
84	0.00
85	3733.33
86	3733.33
87	3733.33
88	3733.33
89	3733.33
90	3733.33
91	3733.33
92	0.00
93	0.00
94	3733.33
95	3733.33
96	3733.33
97	3733.33
98	3733.33
99	0.00
100	0.00
101	3733.33
102	3733.33
103	3733.33
104	3733.33
105	3733.33
106	0.00
107	0.00
108	3733.33
109	3733.33
110	3733.33
111	3733.33
112	3733.33
113	3733.33
114	0.00
115	0.00
116	3733.33
117	3733.33
118	3733.33
119	3733.33
120	0.00
121	0.00
122	3733.33
123	3733.33
124	3733.33
125	3733.33
126	3733.33
127	0.00
128	0.00
129	3733.33
130	3733.33
131	3733.33
132	3733.33
133	0.00
134	0.00
135	0.00
136	0.00
137	3733.33
138	3733.33
139	3733.33
140	3733.33
141	3733.33
142	0.00
143	0.00
144	0.00
145	0.00
146	0.00
147	3733.33
148	3733.33
149	3733.33
150	3733.33
151	3733.33
152	0.00
153	0.00
154	3733.33
155	3733.33
156	3733.33
157	3733.33
158	3733.33
159	0.00
160	0.00
161	0.00
162	0.00
163	3733.33
164	3733.33
165	3733.33
166	3733.33
167	3733.33
168	3733.33
169	0.00
170	0.00
171	0.00
172	0.00
173	0.00
174	0.00
175	3733.33
176	3733.33
177	3733.33
178	3733.33
179	3733.33
180	0.00
181	0.00
182	3733.33
183	3733.33
184	3733.33
185	3733.33
186	3733.33
187	0.00
188	0.00
189	3733.33
190	3733.33
191	3733.33
192	3733.33
193	3733.33
194	0.00
195	0.00
196	0.00
197	0.00
198	3733.33
199	3733.33
200	3733.33
201	3733.33
202	3733.33
203	0.00
204	0.00
205	3733.33
206	3733.33
207	3733.33
208	3733.33
209	0.00
210	0.00
211	3733.33
212	3733.33
213	3733.33
214	3733.33
215	0.00
216	0.00
217	3733.33
218	3733.33
219	3733.33
220	3733.33
221	3733.33
222	0.00
223	0.00
224	3733.33
225	3733.33
226	3733.33
227	3733.33
228	0.00
229	0.00
230	3733.33
231	3733.33
232	3733.33
233	3733.33
234	3733.33
235	0.00
236	0.00
237	3733.33
238	3733.33
239	3733.33
240	3733.33
241	3733.33
242	3733.33
243	0.00
244	0.00
245	3733.33
246	3733.33
247	3733.33
248	3733.33
249	3733.33
250	0.00
251	0.00
252	3733.33
253	3733.33
254	3733.33
255	3733.33
256	0.00
257	0.00
258	3733.33
259	3733.33
260	3733.33
261	3733.33
262	0.00
263	0.00
264	3733.33
265	3733.33
266	3733.33
267	3733.33
268	3733.33
269	0.00
270	0.00
271	3733.33
272	3733.33
273	3733.33
274	3733.33
275	3733.33
276	3733.33
277	0.00
278	0.00
279	3733.33
280	3733.33
281	3733.33
282	3733.33
283	3733.33
284	3733.33
285	0.00
286	0.00
287	3733.33
288	3733.33
289	3733.33
290	3733.33
291	3733.33
292	0.00
293	0.00
294	3733.33
295	3733.33
296	3733.33
297	3733.33
298	0.00
299	0.00
300	3733.33
301	3733.33
302	3733.33
303	3733.33
304	3733.33
305	0.00
306	0.00
307	3733.33
308	3733.33
309	3733.33
310	3733.33
311	3733.33
312	3733.33
313	0.00
314	0.00
315	3733.33
316	3733.33
317	3733.33
318	3733.33
319	3733.33
320	0.00
321	0.00
322	3733.33
323	3733.33
324	3733.33
325	3733.33
326	3733.33
327	3733.33
328	0.00
329	0.00
330	3733.33
331	3733.33
332	3733.33
333	3733.33
334	0.00
335	0.00
336	3733.33
337	3733.33
338	3733.33
339	3733.33
340	3733.33
341	3733.33
342	0.00
343	0.00
344	3733.33
345	3733.33
346	3733.33
347	3733.33
348	0.00
349	0.00
350	3733.33
351	3733.33
352	3733.33
353	3733.33
354	3733.33
355	0.00
356	0.00
357	3733.33
358	3733.33
359	3733.33
360	3733.33
361	3733.33
362	3733.33
363	3733.33
364	0.00
365	0.00
366	3733.33
367	3733.33
368	3733.33
369	3733.33
370	3733.33
371	3733.33
372	0.00
373	0.00
374	3733.33
375	3733.33
376	3733.33
377	3733.33
378	3733.33
379	3733.33
380	0.00
381	0.00
382	3733.33
383	3733.33
384	3733.33
385	3733.33
386	0.00
387	0.00
388	3733.33
389	3733.33
390	3733.33
391	3733.33
392	3733.33
393	3733.33
394	0.00
395	0.00
396	3733.33
397	3733.33
398	3733.33
399	3733.33
400	3733.33
401	3733.33
402	0.00
403	0.00
404	3733.33
405	3733.33
406	3733.33
407	3733.33
408	0.00
409	0.00
410	3733.33
411	3733.33
412	3733.33
413	3733.33
414	3733.33
415	0.00
416	0.00
417	3733.33
418	3733.33
419	3733.33
420	3733.33
421	3733.33
422	0.00
423	0.00
424	3733.33
425	3733.33
426	3733.33
427	3733.33
428	3733.33
429	0.00
430	0.00
431	3733.33
432	3733.33
433	3733.33
434	3733.33
435	3733.33
436	0.00
437	0.00
438	3733.33
439	3733.33
440	3733.33
441	3733.33
442	0.00
443	0.00
444	3733.33
445	3733.33
446	3733.33
447	3733.33
448	3733.33
449	0.00
450	0.00
451	3733.33
452	3733.33
453	3733.33
454	3733.33
455	3733.33
456	0.00
457	0.00
458	3733.33
459	3733.33
460	3733.33
461	3733.33
462	3733.33
463	3733.33
464	0.00
465	0.00
466	3733.33
467	3733.33
468	3733.33
469	3733.33
470	3733.33
471	3733.33
472	0.00
473	0.00
474	3733.33
475	3733.33
476	3733.33
477	3733.33
478	3733.33
479	0.00
480	0.00
481	3733.33
482	3733.33
483	3733.33
484	3733.33
485	3733.33
486	0.00
487	0.00
488	3733.33
489	3733.33
490	3733.33
491	3733.33
492	0.00
493	0.00
494	3733.33
495	3733.33
496	3733.33
497	3733.33
498	0.00
499	0.00
500	3733.33
501	3733.33
502	3733.33
503	3733.33
504	0.00
505	0.00
506	3733.33
507	3733.33
508	3733.33
509	3733.33
510	3733.33
511	0.00
512	0.00
513	3733.33
514	3733.33
515	3733.33
516	3733.33
517	3733.33
518	3733.33
519	0.00
520	0.00
521	3733.33
522	3733.33
523	3733.33
524	3733.33
525	3733.33
526	0.00
527	0.00
528	3733.33
529	3733.33
530	3733.33
531	3733.33
532	3733.33
533	3733.33
534	0.00
535	0.00
536	3733.33
537	3733.33
538	3733.33
539	3733.33
540	3733.33
541	3733.33
542	0.00
543	0.00
544	3733.33
545	3733.33
546	3733.33
547	3733.33
548	3733.33
549	3733.33
550	0.00
551	0.00
552	3733.33
553	3733.33
554	3733.33
555	3733.33
556	0.00
557	0.00
558	3733.33
559	3733.33
560	3733.33
561	3733.33
562	0.00
563	0.00
564	3733.33
565	3733.33
566	3733.33
567	3733.33
568	3733.33
569	0.00
570	0.00
571	3733.33
572	3733.33
573	3733.33
574	3733.33
575	3733.33
576	3733.33
577	0.00
578	0.00
579	3733.33
580	3733.33
581	3733.33
582	3733.33
583	0.00
584	0.00
585	3733.33
586	3733.33
587	3733.33
588	3733.33
589	3733.33
590	3733.33
591	0.00
592	0.00
593	3733.33
594	3733.33
595	3733.33
596	3733.33
597	3733.33
598	0.00
599	0.00
600	3733.33
601	3733.33
602	3733.33
603	3733.33
604	3733.33
605	3733.33
606	0.00
607	0.00
608	3733.33
609	3733.33
610	3733.33
611	3733.33
612	3733.33
613	3733.33
614	0.00
615	0.00
616	3733.33
617	3733.33
618	3733.33
619	3733.33
620	3733.33
621	3733.33
622	0.00
623	0.00
624	3733.33
625	3733.33
626	3733.33
627	3733.33
628	3733.33
629	3733.33
630	0.00
631	0.00
632	3733.33
633	3733.33
634	3733.33
635	3733.33
636	3733.33
637	0.00
638	0.00
639	3733.33
640	3733.33
641	3733.33
642	3733.33
643	3733.33
644	0.00
645	0.00
646	3733.33
647	3733.33
648	3733.33
649	3733.33
650	3733.33
651	0.00
652	0.00
653	3733.33
654	3733.33
655	3733.33
656	3733.33
657	3733.33
658	3733.33
659	3733.33
660	0.00
661	0.00
662	3733.33
663	3733.33
664	3733.33
665	3733.33
666	0.00
667	0.00
668	3733.33
669	3733.33
670	3733.33
671	3733.33
672	0.00
673	0.00
674	3733.33
675	3733.33
676	3733.33
677	3733.33
678	0.00
679	0.00
680	3733.33
681	3733.33
682	3733.33
683	3733.33
684	3733.33
685	3733.33
686	0.00
687	0.00
688	3733.33
689	3733.33
690	3733.33
691	3733.33
692	3733.33
693	0.00
694	0.00
695	3733.33
696	3733.33
697	3733.33
698	3733.33
699	3733.33
700	3733.33
701	0.00
702	0.00
703	3733.33
704	3733.33
705	3733.33
706	3733.33
707	3733.33
708	3733.33
709	3733.33
710	0.00
711	0.00
712	3733.33
713	3733.33
714	3733.33
715	3733.33
716	3733.33
717	0.00
718	0.00
719	3733.33
720	3733.33
721	3733.33
722	3733.33
723	0.00
724	0.00
725	3733.33
726	3733.33
727	3733.33
728	3733.33
729	3733.33
730	0.00
731	0.00
732	3733.33
733	3733.33
734	3733.33
735	3733.33
736	3733.33
737	0.00
738	0.00
739	3733.33
740	3733.33
741	3733.33
742	3733.33
743	3733.33
744	3733.33
745	3733.33
746	0.00
747	0.00
748	3733.33
749	3733.33
750	3733.33
751	3733.33
752	3733.33
753	3733.33
754	0.00
755	0.00
756	3733.33
757	3733.33
758	3733.33
759	3733.33
760	3733.33
761	0.00
762	0.00
763	3733.33
764	3733.33
765	3733.33
766	3733.33
767	3733.33
768	0.00
769	0.00
770	3733.33
771	3733.33
772	3733.33
773	3733.33
774	0.00
775	0.00
776	3733.33
777	3733.33
778	3733.33
779	3733.33
780	3733.33
781	0.00
782	0.00
783	3733.33
784	3733.33
785	3733.33
786	3733.33
787	3733.33
788	3733.33
789	0.00
790	0.00
791	3733.33
792	3733.33
793	3733.33
794	3733.33
795	3733.33
796	0.00
797	0.00
798	3733.33
799	3733.33
800	3733.33
801	3733.33
802	3733.33
803	0.00
804	0.00
805	3733.33
806	3733.33
807	3733.33
808	3733.33
809	3733.33
810	0.00
811	0.00
812	3733.33
813	3733.33
814	3733.33
815	3733.33
816	3733.33
817	0.00
818	0.00
819	3733.33
820	3733.33
821	3733.33
822	3733.33
823	3733.33
824	0.00
825	0.00
826	3733.33
827	3733.33
828	3733.33
829	3733.33
830	3733.33
831	3733.33
832	0.00
833	0.00
834	3733.33
835	3733.33
836	3733.33
837	3733.33
838	3733.33
839	3733.33
840	3733.33
841	0.00
842	0.00
843	3733.33
844	3733.33
845	3733.33
846	3733.33
847	3733.33
848	3733.33
849	0.00
850	0.00
851	3733.33
852	3733.33
853	3733.33
854	3733.33
855	3733.33
856	3733.33
857	0.00
858	0.00
859	3733.33
860	3733.33
861	3733.33
862	3733.33
863	0.00
864	0.00
865	3733.33
866	3733.33
867	3733.33
868	3733.33
869	3733.33
870	0.00
871	0.00
872	3733.33
873	3733.33
874	3733.33
875	3733.33
876	3733.33
877	0.00
878	0.00
879	3733.33
880	3733.33
881	3733.33
882	3733.33
883	3733.33
884	0.00
885	0.00
886	3733.33
887	3733.33
888	3733.33
889	3733.33
890	3733.33
891	0.00
892	0.00
893	3733.33
894	3733.33
895	3733.33
896	3733.33
897	3733.33
898	0.00
899	0.00
900	3733.33
901	3733.33
902	3733.33
903	3733.33
904	3733.33
905	3733.33
906	0.00
907	0.00
908	3733.33
909	3733.33
910	3733.33
911	3733.33
912	0.00
913	0.00
914	3733.33
915	3733.33
916	3733.33
917	3733.33
918	3733.33
919	3733.33
920	3733.33
921	0.00
922	0.00
923	3733.33
924	3733.33
925	3733.33
926	3733.33
927	0.00
928	0.00
929	3733.33
930	3733.33
931	3733.33
932	3733.33
933	3733.33
934	0.00
935	0.00
936	3733.33
937	3733.33
938	3733.33
939	3733.33
940	3733.33
941	3733.33
942	0.00
943	0.00
944	3733.33
945	3733.33
946	3733.33
947	3733.33
948	3733.33
949	0.00
950	0.00
951	3733.33
952	3733.33
953	3733.33
954	3733.33
955	0.00
956	0.00
957	3733.33
958	3733.33
959	3733.33
960	3733.33
961	3733.33
962	0.00
963	0.00
964	3733.33
965	3733.33
966	3733.33
967	3733.33
968	3733.33
969	0.00
970	0.00
971	3733.33
972	3733.33
973	3733.33
974	3733.33
975	3733.33
976	0.00
977	0.00
978	3733.33
979	3733.33
980	3733.33
981	3733.33
982	0.00
983	0.00
984	3733.33
985	3733.33
986	3733.33
987	3733.33
988	0.00
989	0.00
990	3733.33
991	3733.33
992	3733.33
993	3733.33
994	0.00
995	0.00
996	3733.33
997	3733.33
998	3733.33
999	3733.33
1000	3733.33
1001	3733.33
1002	0.00
1003	0.00
1004	3733.33
1005	3733.33
1006	3733.33
1007	3733.33
1008	0.00
1009	0.00
1010	3733.33
1011	3733.33
1012	3733.33
1013	3733.33
1014	3733.33
1015	0.00
1016	0.00
1017	3733.33
1018	3733.33
1019	3733.33
1020	3733.33
1021	3733.33
1022	3733.33
1023	0.00
1024	0.00
1025	3733.33
1026	3733.33
1027	3733.33
1028	3733.33
1029	3733.33
1030	0.00
1031	0.00
1032	3733.33
1033	3733.33
1034	3733.33
1035	3733.33
1036	3733.33
1037	3733.33
1038	3733.33
1039	0.00
1040	0.00
1041	3733.33
1042	3733.33
1043	3733.33
1044	3733.33
1045	3733.33
1046	0.00
1047	0.00
1048	3733.33
1049	3733.33
1050	3733.33
1051	3733.33
1052	3733.33
1053	0.00
1054	0.00
1055	3733.33
1056	3733.33
1057	3733.33
1058	3733.33
1059	0.00
1060	0.00
1061	3733.33
1062	3733.33
1063	3733.33
1064	3733.33
1065	0.00
1066	0.00
1067	3733.33
1068	3733.33
1069	3733.33
1070	3733.33
1071	0.00
1072	0.00
1073	3733.33
1074	3733.33
1075	3733.33
1076	3733.33
1077	3733.33
1078	3733.33
1079	0.00
1080	0.00
1081	3733.33
1082	3733.33
1083	3733.33
1084	3733.33
1085	3733.33
1086	3733.33
1087	0.00
1088	0.00
1089	3733.33
1090	3733.33
1091	3733.33
1092	3733.33
1093	3733.33
1094	3733.33
1095	0.00
1096	0.00
1097	3733.33
1098	3733.33
1099	3733.33
1100	3733.33
1101	0.00
1102	0.00
1103	3733.33
1104	3733.33
1105	3733.33
1106	3733.33
1107	0.00
1108	0.00
1109	3733.33
1110	3733.33
1111	3733.33
1112	3733.33
1113	3733.33
1114	3733.33
1115	0.00
1116	0.00
1117	3733.33
1118	3733.33
1119	3733.33
1120	3733.33
1121	0.00
1122	0.00
1123	3733.33
1124	3733.33
1125	3733.33
1126	3733.33
1127	3733.33
1128	0.00
1129	0.00
1130	3733.33
1131	3733.33
1132	3733.33
1133	3733.33
1134	0.00
1135	0.00
1136	3733.33
1137	3733.33
1138	3733.33
1139	3733.33
1140	3733.33
1141	0.00
1142	0.00
1143	3733.33
1144	3733.33
1145	3733.33
1146	3733.33
1147	3733.33
1148	0.00
1149	0.00
1150	3733.33
1151	3733.33
1152	3733.33
1153	3733.33
1154	3733.33
1155	0.00
1156	0.00
1157	3733.33
1158	3733.33
1159	3733.33
1160	3733.33
1161	3733.33
1162	3733.33
1163	0.00
1164	0.00
1165	3733.33
1166	3733.33
1167	3733.33
1168	3733.33
1169	3733.33
1170	0.00
1171	0.00
1172	3733.33
1173	3733.33
1174	3733.33
1175	3733.33
1176	3733.33
1177	0.00
1178	0.00
1179	3733.33
1180	3733.33
1181	3733.33
1182	3733.33
1183	3733.33
1184	0.00
1185	0.00
1186	3733.33
1187	3733.33
1188	3733.33
1189	3733.33
1190	3733.33
1191	3733.33
1192	0.00
1193	0.00
1194	3733.33
1195	3733.33
1196	3733.33
1197	3733.33
1198	3733.33
1199	3733.33
1200	0.00
1201	0.00
1202	3733.33
1203	3733.33
1204	3733.33
1205	3733.33
1206	3733.33
1207	0.00
1208	0.00
1209	3733.33
1210	3733.33
1211	3733.33
1212	3733.33
1213	3733.33
1214	3733.33
1215	3733.33
1216	0.00
1217	0.00
1218	3733.33
1219	3733.33
1220	3733.33
1221	3733.33
1222	3733.33
1223	3733.33
1224	0.00
1225	0.00
1226	3733.33
1227	3733.33
1228	3733.33
1229	3733.33
1230	0.00
1231	0.00
1232	3733.33
1233	3733.33
1234	3733.33
1235	3733.33
1236	3733.33
1237	3733.33
1238	0.00
1239	0.00
1240	3733.33
1241	3733.33
1242	3733.33
1243	3733.33
1244	3733.33
1245	3733.33
1246	0.00
1247	0.00
1248	3733.33
1249	3733.33
1250	3733.33
1251	3733.33
1252	3733.33
1253	3733.33
1254	0.00
1255	0.00
1256	3733.33
1257	3733.33
1258	3733.33
1259	3733.33
1260	3733.33
1261	0.00
1262	0.00
1263	3733.33
1264	3733.33
1265	3733.33
1266	3733.33
1267	0.00
1268	0.00
1269	3733.33
1270	3733.33
1271	3733.33
1272	3733.33
1273	3733.33
1274	0.00
1275	0.00
1276	3733.33
1277	3733.33
1278	3733.33
1279	3733.33
1280	3733.33
1281	0.00
1282	0.00
1283	3733.33
1284	3733.33
1285	3733.33
1286	3733.33
1287	3733.33
1288	0.00
1289	0.00
1290	3733.33
1291	3733.33
1292	3733.33
1293	3733.33
1294	3733.33
1295	0.00
1296	0.00
1297	3733.33
1298	3733.33
1299	3733.33
1300	3733.33
1301	3733.33
1302	3733.33
1303	0.00
1304	0.00
1305	3733.33
1306	3733.33
1307	3733.33
1308	3733.33
1309	3733.33
1310	0.00
1311	0.00
1312	3733.33
1313	3733.33
1314	3733.33
1315	3733.33
1316	0.00
1317	0.00
1318	3733.33
1319	3733.33
1320	3733.33
1321	3733.33
1322	3733.33
1323	3733.33
1324	0.00
1325	0.00
1326	3733.33
1327	3733.33
1328	3733.33
1329	3733.33
1330	3733.33
1331	0.00
1332	0.00
1333	3733.33
1334	3733.33
1335	3733.33
1336	3733.33
1337	3733.33
1338	0.00
1339	0.00
1340	3733.33
1341	3733.33
1342	3733.33
1343	3733.33
1344	3733.33
1345	0.00
1346	0.00
1347	3733.33
1348	3733.33
1349	3733.33
1350	3733.33
1351	3733.33
1352	0.00
1353	0.00
1354	3733.33
1355	3733.33
1356	3733.33
1357	3733.33
1358	0.00
1359	0.00
1360	3733.33
1361	3733.33
1362	3733.33
1363	3733.33
1364	3733.33
1365	0.00
1366	0.00
1367	3733.33
1368	3733.33
1369	3733.33
1370	3733.33
1371	0.00
1372	0.00
1373	3733.33
1374	3733.33
1375	3733.33
1376	3733.33
1377	3733.33
1378	0.00
1379	0.00
1380	3733.33
1381	3733.33
1382	3733.33
1383	3733.33
1384	0.00
1385	0.00
1386	3733.33
1387	3733.33
1388	3733.33
1389	3733.33
1390	0.00
1391	0.00
1392	3733.33
1393	3733.33
1394	3733.33
1395	3733.33
1396	3733.33
1397	3733.33
1398	0.00
1399	0.00
1400	3733.33
1401	3733.33
1402	3733.33
1403	3733.33
1404	3733.33
1405	3733.33
1406	0.00
1407	0.00
1408	3733.33
1409	3733.33
1410	3733.33
1411	3733.33
1412	3733.33
1413	3733.33
1414	3733.33
1415	0.00
1416	0.00
1417	3733.33
1418	3733.33
1419	3733.33
1420	3733.33
1421	0.00
1422	0.00
1423	3733.33
1424	3733.33
1425	3733.33
1426	3733.33
1427	3733.33
1428	0.00
1429	0.00
1430	3733.33
1431	3733.33
1432	3733.33
1433	3733.33
1434	3733.33
1435	0.00
1436	0.00
1437	3733.33
1438	3733.33
1439	3733.33
1440	3733.33
1441	0.00
1442	0.00
1443	3733.33
1444	3733.33
1445	3733.33
1446	3733.33
1447	3733.33
1448	0.00
1449	0.00
1450	3733.33
1451	3733.33
1452	3733.33
1453	3733.33
1454	3733.33
1455	0.00
1456	0.00
1457	3733.33
1458	3733.33
1459	3733.33
1460	3733.33
1461	3733.33
1462	3733.33
1463	3733.33
1464	0.00
1465	0.00
1466	3733.33
1467	3733.33
1468	3733.33
1469	3733.33
1470	3733.33
1471	3733.33
1472	3733.33
1473	0.00
1474	0.00
1475	3733.33
1476	3733.33
1477	3733.33
1478	3733.33
1479	3733.33
1480	3733.33
1481	0.00
1482	0.00
1483	3733.33
1484	3733.33
1485	3733.33
1486	3733.33
1487	3733.33
1488	0.00
1489	0.00
1490	3733.33
1491	3733.33
1492	3733.33
1493	3733.33
1494	0.00
1495	0.00
1496	3733.33
1497	3733.33
1498	3733.33
1499	3733.33
1500	0.00
1501	0.00
1502	3733.33
1503	3733.33
1504	3733.33
1505	3733.33
1506	3733.33
1507	3733.33
1508	0.00
1509	0.00
1510	3733.33
1511	3733.33
1512	3733.33
1513	3733.33
1514	3733.33
1515	3733.33
1516	0.00
1517	0.00
1518	3733.33
1519	3733.33
1520	3733.33
1521	3733.33
1522	0.00
1523	0.00
1524	3733.33
1525	3733.33
1526	3733.33
1527	3733.33
1528	0.00
1529	0.00
1530	3733.33
1531	3733.33
1532	3733.33
1533	3733.33
1534	3733.33
1535	0.00
1536	0.00
1537	3733.33
1538	3733.33
1539	3733.33
1540	3733.33
1541	3733.33
1542	0.00
1543	0.00
1544	3733.33
1545	3733.33
1546	3733.33
1547	3733.33
1548	3733.33
1549	0.00
1550	0.00
1551	3733.33
1552	3733.33
1553	3733.33
1554	3733.33
1555	3733.33
1556	0.00
1557	0.00
1558	3733.33
1559	3733.33
1560	3733.33
1561	3733.33
1562	3733.33
1563	3733.33
1564	0.00
1565	0.00
1566	3733.33
1567	3733.33
1568	3733.33
1569	3733.33
1570	0.00
1571	0.00
1572	3733.33
1573	3733.33
1574	3733.33
1575	3733.33
1576	3733.33
1577	3733.33
1578	0.00
1579	0.00
1580	3733.33
1581	3733.33
1582	3733.33
1583	3733.33
1584	3733.33
1585	3733.33
1586	3733.33
1587	0.00
1588	0.00
1589	3733.33
1590	3733.33
1591	3733.33
1592	3733.33
1593	3733.33
1594	3733.33
1595	0.00
1596	0.00
1597	3733.33
1598	3733.33
1599	3733.33
1600	3733.33
1601	3733.33
1602	3733.33
1603	3733.33
1604	0.00
1605	0.00
1606	3733.33
1607	3733.33
1608	3733.33
1609	3733.33
1610	0.00
1611	0.00
1612	3733.33
1613	3733.33
1614	3733.33
1615	3733.33
1616	3733.33
1617	0.00
1618	0.00
1619	3733.33
1620	3733.33
1621	3733.33
1622	3733.33
1623	3733.33
1624	3733.33
1625	0.00
1626	0.00
1627	3733.33
1628	3733.33
1629	3733.33
1630	3733.33
1631	3733.33
1632	3733.33
1633	0.00
1634	0.00
1635	0.00
1636	0.00
1637	0.00
1638	3733.33
1639	3733.33
1640	3733.33
1641	3733.33
1642	3733.33
1643	0.00
1644	0.00
1645	3733.33
1646	3733.33
1647	3733.33
1648	3733.33
1649	0.00
1650	0.00
1651	3733.33
1652	3733.33
1653	3733.33
1654	3733.33
1655	0.00
1656	0.00
1657	3733.33
1658	3733.33
1659	3733.33
1660	0.00
1661	0.00
1662	0.00
1663	0.00
1664	3733.33
1665	3733.33
1666	3733.33
1667	3733.33
1668	0.00
1669	0.00
1670	0.00
1671	0.00
1672	0.00
1673	0.00
1674	0.00
1675	0.00
1676	0.00
1677	3733.33
1678	3733.33
1679	3733.33
1680	3733.33
1681	0.00
1682	0.00
1683	0.00
1684	0.00
1685	0.00
1686	0.00
1687	3733.33
1688	3733.33
1689	3733.33
1690	3733.33
1691	3733.33
1692	0.00
1693	0.00
1694	0.00
1695	0.00
1696	0.00
1697	0.00
1698	0.00
1699	0.00
1700	0.00
1701	0.00
1702	0.00
1703	3733.33
1704	3733.33
1705	3733.33
1706	0.00
1707	0.00
1708	0.00
1709	0.00
1710	0.00
1711	3733.33
1712	3733.33
1713	3733.33
1714	3733.33
1715	0.00
1716	0.00
1717	0.00
1718	0.00
1719	0.00
1720	0.00
1721	0.00
1722	0.00
1723	0.00
1724	0.00
1725	0.00
1726	0.00
1727	0.00
1728	0.00
1729	0.00
1730	0.00
1731	0.00
1732	0.00
1733	0.00
1734	3733.33
1735	3733.33
1736	3733.33
1737	3733.33
1738	3733.33
1739	3733.33
1740	0.00
1741	0.00
1742	0.00
1743	0.00
1744	0.00
1745	0.00
1746	0.00
1747	0.00
1748	0.00
1749	0.00
1750	0.00
1751	0.00
1752	0.00
1753	0.00
1754	0.00
1755	0.00
1756	0.00
1757	0.00
1758	3733.33
1759	3733.33
1760	3733.33
1761	3733.33
1762	3733.33
1763	0.00
1764	0.00
1765	0.00
1766	0.00
1767	0.00
1768	0.00
1769	0.00
1770	0.00
1771	0.00
1772	0.00
1773	0.00
1774	0.00
1775	0.00
1776	0.00
1777	0.00
1778	0.00
1779	0.00
1780	0.00
1781	3733.33
1782	3733.33
1783	3733.33
1784	3733.33
1785	3733.33
1786	0.00
1787	0.00
1788	0.00
1789	0.00
1790	0.00
1791	0.00
1792	0.00
1793	0.00
1794	0.00
1795	0.00
1796	0.00
1797	0.00
1798	3733.33
1799	3733.33
1800	3733.33
1801	0.00
1802	0.00
1803	0.00
1804	0.00
1805	0.00
1806	0.00
1807	0.00
1808	0.00
1809	3733.33
1810	3733.33
1811	3733.33
1812	3733.33
1813	0.00
1814	0.00
1815	0.00
1816	0.00
1817	0.00
1818	0.00
1819	0.00
1820	0.00
1821	3733.33
1822	3733.33
1823	3733.33
1824	3733.33
1825	0.00
1826	0.00
1827	0.00
1828	0.00
1829	0.00
1830	0.00
1831	0.00
1832	3733.33
1833	3733.33
1834	3733.33
1835	3733.33
1836	0.00
1837	0.00
1838	0.00
1839	0.00
1840	0.00
1841	0.00
1842	0.00
1843	0.00
1844	0.00
1845	0.00
1846	3733.33
1847	3733.33
1848	3733.33
1849	0.00
1850	0.00
1851	0.00
1852	0.00
1853	0.00
1854	0.00
1855	3733.33
1856	3733.33
1857	3733.33
1858	3733.33
1859	0.00
1860	0.00
1861	0.00
1862	0.00
1863	0.00
1864	0.00
1865	0.00
1866	0.00
1867	0.00
1868	0.00
1869	0.00
1870	0.00
1871	0.00
1872	0.00
1873	0.00
1874	3733.33
1875	3733.33
1876	3733.33
1877	0.00
1878	0.00
1879	0.00
1880	3733.33
1881	3733.33
1882	3733.33
1883	3733.33
1884	3733.33
1885	0.00
1886	0.00
1887	0.00
1888	0.00
1889	0.00
1890	0.00
1891	0.00
1892	0.00
1893	0.00
1894	0.00
1895	0.00
1896	0.00
1897	0.00
1898	0.00
1899	0.00
1900	0.00
1901	0.00
1902	3733.33
1903	3733.33
1904	3733.33
1905	3733.33
1906	3733.33
1907	0.00
1908	0.00
1909	0.00
1910	0.00
1911	0.00
1912	0.00
1913	0.00
1914	0.00
1915	0.00
1916	0.00
1917	3733.33
1918	3733.33
1919	3733.33
1920	3733.33
1921	0.00
1922	0.00
1923	0.00
1924	0.00
1925	0.00
1926	0.00
1927	0.00
1928	0.00
1929	0.00
1930	3733.33
1931	3733.33
1932	3733.33
1933	0.00
1934	0.00
1935	0.00
1936	0.00
1937	0.00
1938	0.00
1939	0.00
1940	0.00
1941	0.00
1942	3733.33
1943	3733.33
1944	3733.33
1945	0.00
1946	0.00
1947	0.00
1948	0.00
1949	0.00
1950	0.00
1951	0.00
1952	3733.33
1953	3733.33
1954	3733.33
1955	3733.33
1956	0.00
1957	0.00
1958	0.00
1959	0.00
1960	0.00
1961	0.00
1962	0.00
1963	0.00
1964	0.00
1965	0.00
1966	0.00
1967	0.00
1968	0.00
1969	0.00
1970	0.00
1971	0.00
1972	0.00
1973	3733.33
1974	3733.33
1975	3733.33
1976	3733.33
1977	3733.33
1978	3733.33
1979	0.00
1980	0.00
1981	0.00
1982	0.00
1983	0.00
1984	0.00
1985	0.00
1986	0.00
1987	0.00
1988	0.00
1989	0.00
1990	3733.33
1991	3733.33
1992	3733.33
1993	0.00
1994	0.00
1995	0.00
1996	0.00
1997	0.00
1998	0.00
1999	3733.33
2000	3733.33
2001	3733.33
2002	3733.33
2003	3733.33
2004	0.00
2005	0.00
2006	0.00
2007	0.00
2008	0.00
2009	0.00
2010	0.00
2011	3733.33
2012	3733.33
2013	3733.33
2014	3733.33
2015	3733.33
2016	3733.33
2017	0.00
2018	0.00
2019	0.00
2020	0.00
2021	0.00
2022	0.00
2023	3733.33
2024	3733.33
2025	3733.33
2026	3733.33
2027	3733.33
2028	0.00
2029	0.00
2030	0.00
2031	0.00
2032	0.00
2033	0.00
2034	0.00
2035	0.00
2036	0.00
2037	3733.33
2038	3733.33
2039	3733.33
2040	3733.33
2041	0.00
2042	0.00
2043	0.00
2044	0.00
2045	0.00
2046	0.00
2047	3733.33
2048	3733.33
2049	3733.33
2050	3733.33
2051	3733.33
2052	3733.33
2053	3733.33
2054	0.00
2055	0.00
2056	0.00
2057	0.00
2058	0.00
2059	0.00
2060	3733.33
2061	3733.33
2062	3733.33
2063	3733.33
2064	3733.33
2065	0.00
2066	0.00
2067	0.00
2068	0.00
2069	0.00
2070	0.00
2071	3733.33
2072	3733.33
2073	3733.33
2074	3733.33
2075	0.00
2076	0.00
2077	3733.33
2078	3733.33
2079	3733.33
2080	3733.33
2081	3733.33
2082	0.00
2083	0.00
2084	3733.33
2085	3733.33
2086	3733.33
2087	3733.33
2088	3733.33
2089	3733.33
2090	0.00
2091	0.00
2092	0.00
2093	0.00
2094	0.00
2095	0.00
2096	3733.33
2097	3733.33
2098	3733.33
2099	3733.33
2100	3733.33
2101	0.00
2102	0.00
2103	0.00
2104	0.00
2105	0.00
2106	0.00
2107	3733.33
2108	3733.33
2109	3733.33
2110	3733.33
2111	3733.33
2112	3733.33
2113	0.00
2114	0.00
2115	0.00
2116	0.00
2117	0.00
2118	0.00
2119	3733.33
2120	3733.33
2121	3733.33
2122	3733.33
2123	3733.33
2124	3733.33
2125	0.00
2126	0.00
2127	0.00
2128	0.00
2129	0.00
2130	0.00
2131	0.00
2132	0.00
2133	3733.33
2134	3733.33
2135	3733.33
2136	3733.33
2137	0.00
2138	0.00
2139	0.00
2140	0.00
2141	0.00
2142	0.00
2143	3733.33
2144	3733.33
2145	3733.33
2146	3733.33
2147	0.00
2148	0.00
2149	0.00
2150	0.00
2151	0.00
2152	0.00
2153	0.00
2154	0.00
2155	0.00
2156	0.00
2157	0.00
2158	0.00
2159	0.00
2160	0.00
2161	0.00
2162	0.00
2163	0.00
2164	0.00
2165	0.00
2166	3733.33
2167	3733.33
2168	3733.33
2169	3733.33
2170	0.00
2171	0.00
2172	0.00
2173	0.00
2174	0.00
2175	0.00
2176	0.00
2177	0.00
2178	0.00
2179	0.00
2180	0.00
2181	0.00
2182	0.00
2183	0.00
2184	0.00
2185	0.00
2186	0.00
2187	0.00
2188	0.00
2189	0.00
2190	3733.33
2191	3733.33
2192	3733.33
2193	3733.33
2194	0.00
2195	0.00
2196	0.00
2197	0.00
2198	0.00
2199	0.00
2200	0.00
2201	0.00
2202	0.00
2203	0.00
2204	0.00
2205	0.00
2206	0.00
2207	0.00
2208	0.00
2209	0.00
2210	0.00
2211	0.00
2212	0.00
2213	0.00
2214	0.00
2215	3733.33
2216	3733.33
2217	3733.33
2218	3733.33
2219	0.00
2220	0.00
2221	0.00
2222	0.00
2223	0.00
2224	0.00
2225	0.00
2226	0.00
2227	0.00
2228	0.00
2229	0.00
2230	0.00
2231	0.00
2232	0.00
2233	0.00
2234	0.00
2235	0.00
2236	0.00
2237	0.00
2238	3733.33
2239	3733.33
2240	3733.33
2241	3733.33
2242	0.00
2243	0.00
2244	3733.33
2245	3733.33
2246	3733.33
2247	3733.33
2248	0.00
2249	0.00
2250	0.00
2251	0.00
2252	3733.33
2253	3733.33
2254	3733.33
2255	3733.33
2256	3733.33
2257	0.00
2258	0.00
2259	0.00
2260	0.00
2261	0.00
2262	0.00
2263	3733.33
2264	3733.33
2265	3733.33
2266	3733.33
2267	0.00
2268	0.00
2269	3733.33
2270	3733.33
2271	3733.33
2272	3733.33
2273	3733.33
2274	0.00
2275	0.00
2276	3733.33
2277	3733.33
2278	3733.33
2279	3733.33
2280	0.00
2281	0.00
2282	3733.33
2283	3733.33
2284	3733.33
2285	3733.33
2286	3733.33
2287	3733.33
2288	0.00
2289	0.00
2290	0.00
2291	3733.33
2292	3733.33
2293	3733.33
2294	0.00
2295	0.00
2296	0.00
2297	0.00
2298	0.00
2299	0.00
2300	3733.33
2301	3733.33
2302	3733.33
2303	3733.33
2304	3733.33
2305	0.00
2306	0.00
2307	0.00
2308	0.00
2309	0.00
2310	0.00
2311	3733.33
2312	3733.33
2313	3733.33
2314	3733.33
2315	0.00
2316	0.00
2317	0.00
2318	0.00
2319	0.00
2320	0.00
2321	0.00
2322	0.00
2323	3733.33
2324	3733.33
2325	3733.33
2326	3733.33
2327	0.00
2328	0.00
2329	0.00
2330	0.00
2331	0.00
2332	0.00
2333	0.00
2334	0.00
2335	3733.33
2336	3733.33
2337	3733.33
2338	3733.33
2339	0.00
2340	0.00
2341	0.00
2342	0.00
2343	0.00
2344	0.00
2345	0.00
2346	0.00
2347	0.00
2348	0.00
2349	0.00
2350	0.00
2351	0.00
2352	0.00
2353	0.00
2354	0.00
2355	0.00
2356	0.00
2357	3733.33
2358	3733.33
2359	3733.33
2360	3733.33
2361	0.00
2362	0.00
2363	0.00
2364	0.00
2365	0.00
2366	0.00
2367	0.00
2368	0.00
2369	0.00
2370	3733.33
2371	3733.33
2372	3733.33
2373	3733.33
2374	0.00
2375	0.00
2376	0.00
2377	0.00
2378	0.00
2379	0.00
2380	0.00
2381	0.00
2382	0.00
2383	3733.33
2384	3733.33
2385	3733.33
2386	3733.33
2387	3733.33
2388	0.00
2389	0.00
2390	3733.33
2391	3733.33
2392	3733.33
2393	3733.33
2394	3733.33
2395	3733.33
2396	0.00
2397	0.00
2398	0.00
2399	3733.33
2400	3733.33
2401	3733.33
2402	0.00
2403	0.00
2404	0.00
2405	0.00
2406	0.00
2407	3733.33
2408	3733.33
2409	3733.33
2410	3733.33
2411	3733.33
2412	3733.33
2413	0.00
2414	0.00
2415	0.00
2416	0.00
2417	0.00
2418	0.00
2419	3733.33
2420	3733.33
2421	3733.33
2422	3733.33
2423	3733.33
2424	3733.33
2425	0.00
2426	0.00
2427	0.00
2428	0.00
2429	0.00
2430	0.00
2431	3733.33
2432	3733.33
2433	3733.33
2434	3733.33
2435	3733.33
2436	0.00
2437	0.00
2438	3733.33
2439	3733.33
2440	3733.33
2441	3733.33
2442	3733.33
2443	3733.33
2444	0.00
2445	0.00
2446	0.00
2447	0.00
2448	0.00
2449	0.00
2450	0.00
2451	0.00
2452	0.00
2453	0.00
2454	3733.33
2455	3733.33
2456	3733.33
2457	3733.33
2458	3733.33
2459	3733.33
2460	3733.33
2461	0.00
2462	0.00
2463	3733.33
2464	3733.33
2465	3733.33
2466	3733.33
2467	3733.33
2468	0.00
2469	0.00
2470	3733.33
2471	3733.33
2472	3733.33
2473	3733.33
2474	0.00
2475	0.00
2476	0.00
2477	0.00
2478	0.00
2479	3733.33
2480	3733.33
2481	3733.33
2482	3733.33
2483	3733.33
2484	0.00
2485	0.00
2486	0.00
2487	0.00
2488	0.00
2489	0.00
2490	0.00
2491	0.00
2492	0.00
2493	3733.33
2494	3733.33
2495	3733.33
2496	3733.33
2497	0.00
2498	0.00
2499	0.00
2500	0.00
2501	0.00
2502	0.00
2503	3733.33
2504	3733.33
2505	3733.33
2506	3733.33
2507	0.00
2508	0.00
2509	0.00
2510	0.00
2511	0.00
2512	0.00
2513	0.00
2514	0.00
2515	3733.33
2516	3733.33
2517	3733.33
2518	3733.33
2519	3733.33
2520	0.00
2521	0.00
2522	0.00
2523	0.00
2524	0.00
2525	0.00
2526	0.00
2527	0.00
2528	0.00
2529	3733.33
2530	3733.33
2531	3733.33
2532	3733.33
2533	0.00
2534	0.00
2535	0.00
2536	0.00
2537	0.00
2538	0.00
2539	0.00
2540	3733.33
2541	3733.33
2542	3733.33
2543	3733.33
2544	3733.33
2545	0.00
2546	0.00
2547	0.00
2548	0.00
2549	0.00
2550	0.00
2551	0.00
2552	0.00
2553	3733.33
2554	3733.33
2555	3733.33
2556	3733.33
2557	0.00
2558	0.00
2559	0.00
2560	0.00
2561	0.00
2562	0.00
2563	0.00
2564	0.00
2565	0.00
2566	0.00
2567	3733.33
2568	3733.33
2569	3733.33
2570	0.00
2571	0.00
2572	0.00
2573	0.00
2574	0.00
2575	0.00
2576	3733.33
2577	3733.33
2578	3733.33
2579	0.00
2580	0.00
2581	0.00
2582	0.00
2583	0.00
2584	0.00
2585	0.00
2586	0.00
2587	0.00
2588	0.00
2589	0.00
2590	3733.33
2591	3733.33
2592	3733.33
2593	0.00
2594	0.00
2595	0.00
2596	0.00
2597	0.00
2598	0.00
2599	3733.33
2600	3733.33
2601	3733.33
2602	3733.33
2603	0.00
2604	0.00
2605	0.00
2606	0.00
2607	0.00
2608	0.00
2609	0.00
2610	0.00
2611	0.00
2612	0.00
2613	0.00
2614	3733.33
2615	3733.33
2616	3733.33
2617	3733.33
2618	0.00
2619	0.00
2620	0.00
2621	0.00
2622	0.00
2623	0.00
2624	0.00
2625	0.00
2626	0.00
2627	0.00
2628	3733.33
2629	3733.33
2630	3733.33
2631	0.00
2632	0.00
2633	0.00
2634	0.00
2635	0.00
2636	0.00
2637	0.00
2638	0.00
2639	0.00
2640	0.00
2641	0.00
2642	0.00
2643	0.00
2644	0.00
2645	0.00
2646	0.00
2647	0.00
2648	3733.33
2649	3733.33
2650	3733.33
2651	0.00
2652	0.00
2653	0.00
2654	0.00
2655	0.00
2656	0.00
2657	0.00
2658	0.00
2659	0.00
2660	0.00
2661	0.00
2662	0.00
2663	0.00
2664	0.00
2665	0.00
2666	0.00
2667	0.00
2668	0.00
2669	0.00
2670	0.00
2671	0.00
2672	0.00
2673	3733.33
2674	3733.33
2675	3733.33
2676	0.00
2677	0.00
2678	0.00
2679	0.00
2680	0.00
2681	0.00
2682	0.00
2683	0.00
2684	0.00
2685	0.00
2686	0.00
2687	0.00
2688	0.00
2689	0.00
2690	0.00
2691	0.00
2692	0.00
2693	0.00
2694	0.00
2695	3733.33
2696	3733.33
2697	3733.33
2698	3733.33
2699	0.00
2700	0.00
2701	0.00
2702	0.00
2703	0.00
2704	0.00
2705	0.00
2706	0.00
2707	0.00
2708	0.00
2709	0.00
2710	3733.33
2711	3733.33
2712	3733.33
2713	0.00
2714	0.00
2715	0.00
2716	0.00
2717	0.00
2718	0.00
2719	3733.33
2720	3733.33
2721	3733.33
2722	3733.33
2723	0.00
2724	0.00
2725	0.00
2726	0.00
2727	0.00
2728	0.00
2729	0.00
2730	0.00
2731	0.00
2732	0.00
2733	0.00
2734	0.00
2735	0.00
2736	0.00
2737	0.00
2738	0.00
2739	0.00
2740	0.00
2741	0.00
2742	0.00
2743	3733.33
2744	3733.33
2745	3733.33
2746	0.00
2747	0.00
2748	0.00
2749	0.00
2750	0.00
2751	0.00
2752	0.00
2753	0.00
2754	0.00
2755	0.00
2756	0.00
2757	0.00
2758	0.00
2759	0.00
2760	0.00
2761	0.00
2762	0.00
2763	0.00
2764	0.00
2765	0.00
2766	0.00
2767	0.00
2768	0.00
2769	0.00
2770	0.00
2771	0.00
2772	0.00
2773	0.00
2774	0.00
2775	0.00
2776	0.00
2777	0.00
2778	0.00
2779	0.00
2780	0.00
2781	0.00
2782	0.00
2783	0.00
2784	0.00
2785	0.00
2786	0.00
2787	0.00
2788	0.00
2789	0.00
2790	3733.33
2791	3733.33
2792	3733.33
2793	0.00
2794	0.00
2795	0.00
2796	0.00
2797	0.00
2798	0.00
2799	0.00
2800	0.00
2801	0.00
2802	0.00
2803	0.00
2804	0.00
2805	0.00
2806	0.00
2807	0.00
2808	0.00
2809	0.00
2810	0.00
2811	0.00
2812	0.00
2813	0.00
2814	3733.33
2815	3733.33
2816	3733.33
2817	3733.33
2818	0.00
2819	0.00
2820	0.00
2821	0.00
2822	0.00
2823	0.00
2824	0.00
2825	0.00
2826	0.00
2827	0.00
2828	0.00
2829	0.00
2830	0.00
2831	0.00
2832	0.00
2833	0.00
2834	0.00
2835	0.00
2836	0.00
2837	0.00
2838	3733.33
2839	3733.33
2840	3733.33
2841	3733.33
2842	3733.33
2843	0.00
2844	0.00
2845	0.00
2846	0.00
2847	0.00
2848	0.00
2849	0.00
2850	0.00
2851	0.00
2852	0.00
2853	0.00
2854	0.00
2855	0.00
2856	0.00
2857	0.00
2858	0.00
2859	0.00
2860	0.00
2861	0.00
2862	0.00
2863	0.00
2864	0.00
2865	0.00
2866	0.00
2867	0.00
2868	0.00
2869	0.00
2870	0.00
2871	0.00
2872	0.00
2873	0.00
2874	0.00
2875	0.00
2876	0.00
2877	0.00
2878	0.00
2879	0.00
2880	0.00
2881	0.00
2882	0.00
2883	0.00
2884	0.00
2885	0.00
2886	0.00
2887	3733.33
2888	3733.33
2889	-23.80
2890	-113.20
2891	-199.90
2892	-319.70
2893	-336.20
2894	-289.00
2895	-140.60
2896	0.00
2897	0.00
2898	0.00
2899	0.00
2900	0.00
2901	0.00
2902	0.00
2903	0.00
2904	0.00
2905	0.00
2906	0.00
2907	0.00
2908	0.00
2909	0.00
2910	0.00
2911	0.00
2912	0.00
2913	0.00
2914	-9.10
2915	0.00
2916	-1.10
2917	-8.90
2918	0.00
2919	3733.33
2920	3733.33
2921	3733.33
2922	0.00
2923	0.00
2924	0.00
2925	0.00
2926	0.00
2927	0.00
2928	0.00
2929	0.00
2930	0.00
2931	0.00
2932	0.00
2933	0.00
2934	0.00
2935	-21.10
2936	-808.40
2937	-1214.30
2938	-927.10
2939	-843.60
2940	-933.50
2941	-806.30
2942	-939.40
2943	-1208.80
2944	-945.50
2945	-174.20
2946	0.00
2947	0.00
2948	0.00
2949	0.00
2950	0.00
2951	0.00
2952	0.00
2953	0.00
2954	0.00
2955	0.00
2956	0.00
2957	0.00
2958	0.00
2959	0.00
2960	0.00
2961	0.00
2962	0.00
2963	0.00
2964	0.00
2965	0.00
2966	0.00
2967	0.00
2968	-0.60
2969	0.00
2970	3733.33
2971	3733.33
2972	3733.33
2973	0.00
2974	0.00
2975	0.00
2976	0.00
2977	0.00
2978	0.00
2979	0.00
2980	0.00
2981	0.00
2982	0.00
2983	0.00
2984	0.00
2985	0.00
2986	0.00
2987	0.00
2988	0.00
2989	0.00
2990	0.00
2991	0.00
2992	0.00
2993	0.00
2994	0.00
2995	0.00
2996	0.00
2997	0.00
2998	0.00
2999	3733.33
3000	3733.33
3001	3733.33
3002	0.00
3003	0.00
3004	0.00
3005	0.00
3006	0.00
3007	0.00
3008	0.00
3009	0.00
3010	3733.33
3011	3733.33
3012	3733.33
3013	3733.33
3014	0.00
3015	0.00
3016	0.00
3017	0.00
3018	0.00
3019	0.00
3020	0.00
3021	0.00
3022	0.00
3023	3733.33
3024	3733.33
3025	3733.33
3026	0.00
3027	0.00
3028	0.00
3029	0.00
3030	0.00
3031	0.00
3032	0.00
3033	3733.33
3034	3733.33
3035	3733.33
3036	3733.33
3037	0.00
3038	0.00
3039	0.00
3040	0.00
3041	0.00
3042	0.00
3043	0.00
3044	0.00
3045	0.00
3046	0.00
3047	3733.33
3048	3733.33
3049	3733.33
3050	0.00
3051	0.00
3052	0.00
3053	0.00
3054	0.00
3055	0.00
3056	0.00
3057	0.00
3058	0.00
3059	0.00
3060	0.00
3061	0.00
3062	0.00
3063	0.00
3064	0.00
3065	0.00
3066	0.00
3067	0.00
3068	0.00
3069	0.00
3070	0.00
3071	0.00
3072	0.00
3073	0.00
3074	0.00
3075	0.00
3076	0.00
3077	0.00
3078	3733.33
3079	3733.33
3080	3733.33
3081	0.00
3082	0.00
3083	0.00
3084	0.00
3085	0.00
3086	0.00
3087	0.00
3088	0.00
3089	0.00
3090	0.00
3091	0.00
3092	0.00
3093	0.00
3094	0.00
3095	0.00
3096	0.00
3097	0.00
3098	0.00
3099	0.00
3100	0.00
3101	0.00
3102	0.00
3103	0.00
3104	0.00
3105	0.00
3106	3733.33
3107	3733.33
3108	3733.33
3109	0.00
3110	0.00
3111	0.00
3112	0.00
3113	0.00
3114	0.00
3115	0.00
3116	0.00
3117	0.00
3118	0.00
3119	0.00
3120	0.00
3121	0.00
3122	0.00
3123	0.00
3124	0.00
3125	0.00
3126	0.00
3127	0.00
3128	0.00
3129	0.00
3130	0.00
3131	0.00
3132	0.00
3133	0.00
3134	0.00
3135	3733.33
3136	3733.33
3137	3733.33
3138	0.00
3139	0.00
3140	0.00
3141	0.00
3142	0.00
3143	0.00
3144	0.00
3145	0.00
3146	0.00
3147	0.00
3148	0.00
3149	0.00
3150	0.00
3151	0.00
3152	0.00
3153	0.00
3154	0.00
3155	0.00
3156	0.00
3157	0.00
3158	0.00
3159	0.00
3160	0.00
3161	0.00
3162	0.00
3163	0.00
3164	0.00
3165	0.00
3166	0.00
3167	0.00
3168	0.00
3169	0.00
3170	0.00
3171	0.00
3172	0.00
3173	0.00
3174	0.00
3175	3733.33
3176	3733.33
3177	3733.33
3178	0.00
3179	0.00
3180	0.00
3181	0.00
3182	0.00
3183	0.00
3184	0.00
3185	0.00
3186	0.00
3187	0.00
3188	0.00
3189	0.00
3190	0.00
3191	0.00
3192	0.00
3193	0.00
3194	0.00
3195	0.00
3196	0.00
3197	0.00
3198	0.00
3199	0.00
3200	3733.33
3201	3733.33
3202	3733.33
3203	3733.33
3204	0.00
3205	0.00
3206	0.00
3207	0.00
3208	0.00
3209	0.00
3210	0.00
3211	0.00
3212	0.00
3213	0.00
3214	0.00
3215	0.00
3216	0.00
3217	0.00
3218	0.00
3219	0.00
3220	0.00
3221	0.00
3222	0.00
3223	3733.33
3224	3733.33
3225	3733.33
3226	0.00
3227	0.00
3228	0.00
3229	0.00
3230	0.00
3231	0.00
3232	0.00
3233	0.00
3234	0.00
3235	0.00
3236	0.00
3237	0.00
3238	0.00
3239	0.00
3240	0.00
3241	0.00
3242	0.00
3243	0.00
3244	0.00
3245	0.00
3246	3733.33
3247	3733.33
3248	3733.33
3249	3733.33
3250	3733.33
3251	0.00
3252	0.00
3253	0.00
3254	0.00
3255	0.00
3256	0.00
3257	0.00
3258	0.00
3259	0.00
3260	0.00
3261	0.00
3262	0.00
3263	0.00
3264	0.00
3265	0.00
3266	0.00
3267	0.00
3268	0.00
3269	0.00
3270	0.00
3271	0.00
3272	0.00
3273	0.00
3274	0.00
3275	0.00
3276	0.00
3277	0.00
3278	0.00
3279	0.00
3280	0.00
3281	0.00
3282	0.00
3283	3733.33
3284	3733.33
3285	3733.33
3286	0.00
3287	0.00
3288	0.00
3289	0.00
3290	0.00
3291	0.00
3292	0.00
3293	0.00
3294	0.00
3295	0.00
3296	0.00
3297	0.00
3298	0.00
3299	0.00
3300	0.00
3301	3733.33
3302	3733.33
3303	3733.33
3304	0.00
3305	0.00
3306	0.00
3307	0.00
3308	0.00
3309	0.00
3310	0.00
3311	0.00
3312	0.00
3313	0.00
3314	0.00
3315	0.00
3316	0.00
3317	0.00
3318	0.00
3319	0.00
3320	0.00
3321	0.00
3322	0.00
3323	0.00
3324	0.00
3325	0.00
3326	0.00
3327	0.00
3328	0.00
3329	0.00
3330	0.00
3331	0.00
3332	0.00
3333	0.00
3334	0.00
3335	3733.33
3336	3733.33
3337	3733.33
3338	0.00
3339	0.00
3340	0.00
3341	0.00
3342	0.00
3343	0.00
3344	0.00
3345	0.00
3346	0.00
3347	0.00
3348	0.00
3349	0.00
3350	0.00
3351	0.00
3352	0.00
3353	0.00
3354	0.00
3355	0.00
3356	0.00
3357	0.00
3358	0.00
3359	0.00
3360	0.00
3361	0.00
3362	0.00
3363	0.00
3364	0.00
3365	0.00
3366	3733.33
3367	3733.33
3368	3733.33
3369	3733.33
3370	0.00
3371	0.00
3372	0.00
3373	0.00
3374	0.00
3375	0.00
3376	0.00
3377	0.00
3378	0.00
3379	0.00
3380	0.00
3381	0.00
3382	0.00
3383	0.00
3384	0.00
3385	0.00
3386	0.00
3387	0.00
3388	0.00
3389	0.00
3390	0.00
3391	3733.33
3392	3733.33
3393	3733.33
3394	3733.33
3395	0.00
3396	0.00
3397	0.00
3398	0.00
3399	0.00
3400	0.00
3401	0.00
3402	0.00
3403	0.00
3404	0.00
3405	0.00
3406	0.00
3407	0.00
3408	0.00
3409	0.00
3410	0.00
3411	0.00
3412	0.00
3413	0.00
3414	3733.33
3415	3733.33
3416	3733.33
3417	3733.33
3418	0.00
3419	0.00
3420	0.00
3421	0.00
3422	0.00
3423	0.00
3424	0.00
3425	0.00
3426	0.00
3427	0.00
3428	0.00
3429	0.00
3430	0.00
3431	0.00
3432	0.00
3433	0.00
3434	0.00
3435	0.00
3436	0.00
3437	0.00
3438	0.00
3439	0.00
3440	0.00
3441	0.00
3442	0.00
3443	0.00
3444	0.00
3445	0.00
3446	0.00
3447	0.00
3448	0.00
3449	0.00
3450	0.00
3451	3733.33
3452	3733.33
3453	3733.33
3454	0.00
3455	0.00
3456	0.00
3457	0.00
3458	0.00
3459	0.00
3460	0.00
3461	0.00
3462	0.00
3463	0.00
3464	0.00
3465	0.00
3466	0.00
3467	0.00
3468	0.00
3469	0.00
3470	0.00
3471	0.00
3472	0.00
3473	0.00
3474	0.00
3475	0.00
3476	0.00
3477	0.00
3478	0.00
3479	0.00
3480	0.00
3481	0.00
3482	0.00
3483	0.00
3484	0.00
3485	0.00
3486	0.00
3487	0.00
3488	0.00
3489	0.00
3490	0.00
3491	0.00
3492	0.00
3493	0.00
3494	0.00
3495	0.00
3496	0.00
3497	0.00
3498	0.00
3499	3733.33
3500	3733.33
3501	3733.33
3502	0.00
3503	0.00
3504	0.00
3505	0.00
3506	0.00
3507	0.00
3508	0.00
3509	0.00
3510	0.00
3511	0.00
3512	0.00
3513	0.00
3514	0.00
3515	0.00
3516	0.00
3517	0.00
3518	0.00
3519	0.00
3520	0.00
3521	0.00
3522	0.00
3523	0.00
3524	0.00
3525	0.00
3526	0.00
3527	0.00
3528	0.00
3529	0.00
3530	0.00
3531	0.00
3532	0.00
3533	0.00
3534	0.00
3535	0.00
3536	0.00
3537	0.00
3538	0.00
3539	0.00
3540	0.00
3541	0.00
3542	0.00
3543	0.00
3544	0.00
3545	0.00
3546	0.00
3547	0.00
3548	0.00
3549	0.00
3550	3733.33
3551	3733.33
3552	3733.33
3553	0.00
3554	0.00
3555	0.00
3556	0.00
3557	0.00
3558	0.00
3559	0.00
3560	0.00
3561	-44.60
3562	-289.70
3563	-436.90
3564	-489.90
3565	-418.80
3566	-487.70
3567	-978.90
3568	-946.20
3569	-511.20
3570	-77.10
3571	0.00
3572	0.00
3573	0.00
3574	0.00
3575	0.00
3576	0.00
3577	0.00
3578	0.00
3579	0.00
3580	0.00
3581	0.00
3582	0.00
3583	0.00
3584	0.00
3585	0.00
3586	0.00
3587	0.00
3588	0.00
3589	0.00
3590	0.00
3591	0.00
3592	0.00
3593	0.00
3594	0.00
3595	0.00
3596	0.00
3597	0.00
3598	0.00
3599	0.00
3600	0.00
3601	0.00
3602	0.00
3603	0.00
3604	0.00
3605	0.00
3606	0.00
3607	3733.33
3608	3733.33
3609	3733.33
3610	0.00
3611	0.00
3612	0.00
3613	0.00
3614	0.00
3615	0.00
3616	0.00
3617	0.00
3618	0.00
3619	0.00
3620	0.00
3621	0.00
3622	0.00
3623	0.00
3624	0.00
3625	0.00
3626	0.00
3627	0.00
3628	0.00
3629	0.00
3630	0.00
3631	0.00
3632	3733.33
3633	3733.33
3634	3733.33
3635	0.00
3636	0.00
3637	0.00
3638	0.00
3639	0.00
3640	0.00
3641	0.00
3642	0.00
3643	0.00
3644	0.00
3645	0.00
3646	0.00
3647	0.00
3648	0.00
3649	0.00
3650	0.00
3651	0.00
3652	0.00
3653	0.00
3654	3733.33
3655	3733.33
3656	3733.33
3657	3733.33
3658	0.00
3659	0.00
3660	0.00
3661	0.00
3662	0.00
3663	0.00
3664	0.00
3665	0.00
3666	0.00
3667	0.00
3668	0.00
3669	0.00
3670	0.00
3671	0.00
3672	0.00
3673	0.00
3674	0.00
3675	0.00
3676	0.00
3677	0.00
3678	0.00
3679	0.00
3680	0.00
3681	0.00
3682	0.00
3683	0.00
3684	0.00
3685	0.00
3686	3733.33
3687	3733.33
3688	3733.33
3689	0.00
3690	0.00
3691	0.00
3692	0.00
3693	0.00
3694	0.00
3695	0.00
3696	0.00
3697	0.00
3698	0.00
3699	0.00
3700	0.00
3701	0.00
3702	0.00
3703	0.00
3704	0.00
3705	0.00
3706	0.00
3707	0.00
3708	0.00
3709	0.00
3710	0.00
3711	0.00
3712	0.00
3713	0.00
3714	0.00
3715	0.00
3716	0.00
3717	0.00
3718	0.00
3719	0.00
3720	0.00
3721	0.00
3722	0.00
3723	0.00
3724	0.00
3725	0.00
3726	0.00
3727	3733.33
3728	3733.33
3729	3733.33
3730	0.00
3731	0.00
3732	0.00
3733	0.00
3734	0.00
3735	0.00
3736	0.00
3737	0.00
3738	0.00
3739	0.00
3740	0.00
3741	0.00
3742	0.00
3743	0.00
3744	0.00
3745	0.00
3746	0.00
3747	0.00
3748	0.00
3749	0.00
3750	0.00
3751	0.00
3752	0.00
3753	0.00
3754	0.00
3755	0.00
3756	0.00
3757	0.00
3758	0.00
3759	0.00
3760	0.00
3761	0.00
3762	0.00
3763	0.00
3764	0.00
3765	0.00
3766	0.00
3767	0.00
3768	0.00
3769	0.00
3770	0.00
3771	0.00
3772	0.00
3773	0.00
3774	3733.33
3775	3733.33
3776	3733.33
3777	0.00
3778	0.00
3779	0.00
3780	0.00
3781	0.00
3782	0.00
3783	0.00
3784	0.00
3785	0.00
3786	0.00
3787	0.00
3788	0.00
3789	0.00
3790	0.00
3791	0.00
3792	0.00
3793	0.00
3794	0.00
3795	0.00
3796	0.00
3797	0.00
3798	0.00
3799	0.00
3800	3733.33
3801	3733.33
3802	3733.33
3803	0.00
3804	0.00
3805	0.00
3806	0.00
3807	0.00
3808	0.00
3809	0.00
3810	0.00
3811	0.00
3812	0.00
3813	0.00
3814	0.00
3815	0.00
3816	0.00
3817	0.00
3818	0.00
3819	0.00
3820	0.00
3821	0.00
3822	0.00
3823	0.00
3824	0.00
3825	0.00
3826	3733.33
3827	3733.33
3828	3733.33
3829	0.00
3830	0.00
3831	0.00
3832	0.00
3833	0.00
3834	0.00
3835	0.00
3836	0.00
3837	0.00
3838	0.00
3839	0.00
3840	0.00
3841	0.00
3842	0.00
3843	0.00
3844	0.00
3845	0.00
3846	0.00
3847	0.00
3848	-16.10
3849	-494.10
3850	-370.80
3851	-274.80
3852	-356.40
3853	-427.60
3854	-400.80
3855	-556.40
3856	-634.30
3857	-359.70
3858	-75.80
3859	0.00
3860	0.00
3861	0.00
3862	0.00
3863	0.00
3864	0.00
3865	0.00
3866	0.00
3867	0.00
3868	0.00
3869	0.00
3870	-156.10
3871	-1427.50
3872	-1613.80
3873	-1613.80
3874	-1613.80
3875	-1613.80
3876	-1614.30
3877	-2003.70
3878	-2562.20
3879	-2831.40
3880	-1940.30
3881	-483.50
3882	-299.00
3883	-41.20
3884	0.00
3885	3733.33
3886	3733.33
3887	3733.33
3888	0.00
3889	0.00
3890	0.00
3891	0.00
3892	0.00
3893	0.00
3894	0.00
3895	0.00
3896	0.00
3897	0.00
3898	0.00
3899	0.00
3900	0.00
3901	0.00
3902	0.00
3903	0.00
3904	0.00
3905	0.00
3906	0.00
3907	0.00
3908	0.00
3909	0.00
3910	0.00
3911	0.00
3912	0.00
3913	0.00
3914	0.00
3915	0.00
3916	0.00
3917	0.00
3918	0.00
3919	0.00
3920	0.00
3921	0.00
3922	0.00
3923	0.00
3924	-13.10
3925	-140.60
3926	-272.50
3927	-638.00
3928	-673.90
3929	-275.50
3930	-25.00
3931	0.00
3932	0.00
3933	0.00
3934	0.00
3935	0.00
3936	0.00
3937	0.00
3938	0.00
3939	0.00
3940	0.00
3941	0.00
3942	0.00
3943	-146.40
3944	-1164.80
3945	-1581.00
3946	-1399.60
3947	-1119.20
3948	-1089.30
3949	-1505.00
3950	-2260.90
3951	-2483.90
3952	-2246.90
3953	-1838.30
3954	-1089.10
3955	-254.10
3956	0.00
3957	3733.33
3958	3733.33
3959	3733.33
3960	0.00
3961	0.00
3962	0.00
3963	0.00
3964	0.00
3965	0.00
3966	0.00
3967	0.00
3968	-48.30
3969	-667.10
3970	-891.50
3971	-924.90
3972	-792.50
3973	-780.40
3974	-799.60
3975	-823.80
3976	-961.30
3977	-763.90
3978	-292.30
3979	-55.10
3980	0.00
3981	0.00
3982	0.00
3983	0.00
3984	0.00
3985	0.00
3986	0.00
3987	0.00
3988	0.00
3989	0.00
3990	0.00
3991	0.00
3992	0.00
3993	0.00
3994	0.00
3995	-117.50
3996	-5.60
3997	0.00
3998	-112.20
3999	-334.10
4000	-230.90
4001	-67.10
4002	-1.10
4003	0.00
4004	0.00
4005	0.00
4006	0.00
4007	0.00
4008	0.00
4009	0.00
4010	0.00
4011	0.00
4012	0.00
4013	0.00
4014	0.00
4015	0.00
4016	0.00
4017	0.00
4018	0.00
4019	3733.33
4020	3733.33
4021	3733.33
4022	0.00
4023	0.00
4024	0.00
4025	0.00
4026	0.00
4027	0.00
4028	0.00
4029	0.00
4030	0.00
4031	0.00
4032	0.00
4033	0.00
4034	0.00
4035	0.00
4036	0.00
4037	0.00
4038	0.00
4039	0.00
4040	0.00
4041	0.00
4042	0.00
4043	0.00
4044	0.00
4045	0.00
4046	0.00
4047	-0.60
4048	-63.00
4049	-34.60
4050	0.00
4051	0.00
4052	0.00
4053	0.00
4054	0.00
4055	0.00
4056	0.00
4057	0.00
4058	0.00
4059	0.00
4060	0.00
4061	0.00
4062	0.00
4063	0.00
4064	0.00
4065	0.00
4066	0.00
4067	-30.50
4068	-129.10
4069	-179.00
4070	-462.30
4071	-965.00
4072	-1013.30
4073	-733.30
4074	-270.70
4075	-54.70
4076	0.00
4077	0.00
4078	0.00
4079	0.00
4080	0.00
4081	3733.33
4082	3733.33
4083	3733.33
4084	0.00
4085	0.00
4086	0.00
4087	0.00
4088	0.00
4089	0.00
4090	-110.80
4091	-368.70
4092	-1252.00
4093	-1323.30
4094	-1568.50
4095	-379.20
4096	-8.00
4097	0.00
4098	0.00
4099	0.00
4100	0.00
4101	0.00
4102	0.00
4103	0.00
4104	0.00
4105	0.00
4106	0.00
4107	0.00
4108	0.00
4109	0.00
4110	0.00
4111	0.00
4112	0.00
4113	-161.20
4114	-83.80
4115	0.00
4116	-1.10
4117	0.00
4118	0.00
4119	0.00
4120	0.00
4121	-46.20
4122	-12.40
4123	0.00
4124	0.00
4125	0.00
4126	0.00
4127	0.00
4128	0.00
4129	0.00
4130	0.00
4131	0.00
4132	0.00
4133	0.00
4134	0.00
4135	0.00
4136	-195.10
4137	-1122.90
4138	-974.00
4139	-916.40
4140	-1133.20
4141	-1114.80
4142	-1531.90
4143	-1858.20
4144	-1420.00
4145	-852.30
4146	-272.90
4147	-113.10
4148	0.00
4149	0.00
4150	0.00
4151	0.00
4152	0.00
4153	0.00
4154	0.00
4155	0.00
4156	0.00
4157	0.00
4158	0.00
4159	3733.33
4160	3733.33
4161	3733.33
4162	0.00
4163	-69.60
4164	-453.30
4165	-942.30
4166	-1195.70
4167	-1336.50
4168	-1078.80
4169	-623.00
4170	-180.30
4171	-37.70
4172	0.00
4173	0.00
4174	0.00
4175	0.00
4176	0.00
4177	0.00
4178	0.00
4179	0.00
4180	0.00
4181	0.00
4182	0.00
4183	-24.70
4184	-593.10
4185	-926.70
4186	-801.60
4187	-711.00
4188	-781.90
4189	-869.50
4190	-1181.00
4191	-1475.20
4192	-1354.80
4193	-938.70
4194	-265.10
4195	-29.40
4196	0.00
4197	0.00
4198	0.00
4199	0.00
4200	0.00
4201	0.00
4202	0.00
4203	0.00
4204	0.00
4205	0.00
4206	0.00
4207	-94.90
4208	-806.50
4209	-994.80
4210	-710.10
4211	-631.50
4212	-598.00
4213	-701.40
4214	-748.70
4215	-905.20
4216	-1022.30
4217	-781.90
4218	-309.80
4219	-32.70
4220	0.00
4221	0.00
4222	0.00
4223	0.00
4224	0.00
4225	0.00
4226	0.00
4227	0.00
4228	0.00
4229	0.00
4230	0.00
4231	0.00
4232	-201.30
4233	-552.80
4234	-883.40
4235	-869.80
4236	-1039.70
4237	-1275.30
4238	-1543.00
4239	-1728.60
4240	-1634.80
4241	-1235.60
4242	-702.80
4243	-203.50
4244	0.00
4245	3733.33
4246	3733.33
4247	3733.33
4248	0.00
4249	0.00
4250	0.00
4251	0.00
4252	0.00
4253	0.00
4254	0.00
4255	-177.60
4256	-465.20
4257	-630.30
4258	-380.70
4259	-584.40
4260	-814.20
4261	-613.60
4262	-155.00
4263	-253.70
4264	-509.30
4265	-254.50
4266	-25.50
4267	0.00
4268	0.00
4269	0.00
4270	0.00
4271	0.00
4272	0.00
4273	0.00
4274	0.00
4275	0.00
4276	0.00
4277	0.00
4278	0.00
4279	0.00
4280	0.00
4281	0.00
4282	0.00
4283	0.00
4284	0.00
4285	0.00
4286	0.00
4287	0.00
4288	0.00
4289	0.00
4290	0.00
4291	0.00
4292	0.00
4293	0.00
4294	0.00
4295	0.00
4296	0.00
4297	0.00
4298	0.00
4299	0.00
4300	0.00
4301	0.00
4302	0.00
4303	0.00
4304	0.00
4305	0.00
4306	0.00
4307	0.00
4308	3733.33
4309	3733.33
4310	3733.33
4311	0.00
4312	0.00
4313	0.00
4314	0.00
4315	0.00
4316	0.00
4317	0.00
4318	0.00
4319	0.00
4320	0.00
4321	0.00
4322	0.00
4323	0.00
4324	0.00
4325	0.00
4326	0.00
4327	0.00
4328	0.00
4329	0.00
4330	0.00
4331	0.00
4332	0.00
4333	0.00
4334	0.00
4335	0.00
4336	0.00
4337	0.00
4338	0.00
4339	0.00
4340	0.00
4341	0.00
4342	0.00
4343	0.00
4344	0.00
4345	0.00
4346	0.00
4347	0.00
4348	0.00
4349	0.00
4350	0.00
4351	0.00
4352	0.00
4353	0.00
4354	0.00
4355	0.00
4356	0.00
4357	0.00
4358	0.00
4359	0.00
4360	0.00
4361	0.00
4362	3733.33
4363	3733.33
4364	3733.33
4365	0.00
4366	0.00
4367	0.00
4368	0.00
4369	0.00
4370	0.00
4371	0.00
4372	0.00
4373	0.00
4374	0.00
4375	0.00
4376	0.00
4377	0.00
4378	0.00
4379	0.00
4380	0.00
4381	0.00
4382	0.00
4383	0.00
4384	0.00
4385	0.00
4386	0.00
4387	0.00
4388	0.00
4389	0.00
4390	0.00
4391	0.00
4392	0.00
4393	0.00
4394	0.00
4395	0.00
4396	0.00
4397	0.00
4398	0.00
4399	0.00
4400	0.00
4401	0.00
4402	0.00
4403	0.00
4404	0.00
4405	0.00
4406	0.00
4407	0.00
4408	0.00
4409	0.00
4410	0.00
4411	0.00
4412	0.00
4413	0.00
4414	0.00
4415	0.00
4416	0.00
4417	0.00
4418	0.00
4419	0.00
4420	0.00
4421	0.00
4422	0.00
4423	0.00
4424	-332.70
4425	-1143.90
4426	-902.50
4427	-794.60
4428	-794.10
4429	-652.10
4430	-489.50
4431	-152.10
4432	0.00
4433	3733.33
4434	3733.33
4435	3733.33
4436	0.00
4437	0.00
4438	0.00
4439	0.00
4440	0.00
4441	0.00
4442	0.00
4443	0.00
4444	0.00
4445	0.00
4446	0.00
4447	0.00
4448	0.00
4449	0.00
4450	0.00
4451	0.00
4452	0.00
4453	0.00
4454	0.00
4455	0.00
4456	0.00
4457	0.00
4458	0.00
4459	0.00
4460	0.00
4461	0.00
4462	0.00
4463	0.00
4464	0.00
4465	0.00
4466	0.00
4467	0.00
4468	0.00
4469	0.00
4470	0.00
4471	0.00
4472	0.00
4473	0.00
4474	0.00
4475	0.00
4476	0.00
4477	0.00
4478	0.00
4479	0.00
4480	0.00
4481	0.00
4482	0.00
4483	0.00
4484	0.00
4485	3733.33
4486	3733.33
4487	3733.33
4488	0.00
4489	0.00
4490	0.00
4491	0.00
4492	0.00
4493	0.00
4494	0.00
4495	0.00
4496	0.00
4497	0.00
4498	0.00
4499	0.00
4500	0.00
4501	0.00
4502	0.00
4503	0.00
4504	0.00
4505	0.00
4506	0.00
4507	0.00
4508	0.00
4509	0.00
4510	0.00
4511	0.00
4512	0.00
4513	0.00
4514	0.00
4515	0.00
4516	0.00
4517	0.00
4518	0.00
4519	0.00
4520	0.00
4521	0.00
4522	0.00
4523	0.00
4524	0.00
4525	0.00
4526	0.00
4527	0.00
4528	0.00
4529	0.00
4530	0.00
4531	0.00
4532	0.00
4533	0.00
4534	3733.33
4535	3733.33
4536	3733.33
4537	0.00
4538	0.00
4539	0.00
4540	0.00
4541	0.00
4542	0.00
4543	0.00
4544	0.00
4545	0.00
4546	0.00
4547	0.00
4548	0.00
4549	0.00
4550	0.00
4551	0.00
4552	0.00
4553	0.00
4554	0.00
4555	0.00
4556	0.00
4557	0.00
4558	0.00
4559	0.00
4560	0.00
4561	0.00
4562	0.00
4563	0.00
4564	0.00
4565	0.00
4566	0.00
4567	0.00
4568	0.00
4569	0.00
4570	0.00
4571	-109.30
4572	-409.30
4573	-585.10
4574	-542.50
4575	-618.00
4576	-532.30
4577	-185.90
4578	0.00
4579	0.00
4580	0.00
4581	0.00
4582	0.00
4583	0.00
4584	0.00
4585	0.00
4586	0.00
4587	0.00
4588	0.00
4589	0.00
4590	0.00
4591	0.00
4592	-252.40
4593	-950.30
4594	-1104.80
4595	-1087.40
4596	-1136.70
4597	-1249.10
4598	-1264.00
4599	-819.10
4600	-447.10
4601	-122.40
4602	-26.10
4603	0.00
4604	3733.33
4605	3733.33
4606	3733.33
4607	0.00
4608	0.00
4609	0.00
4610	0.00
4611	0.00
4612	0.00
4613	0.00
4614	0.00
4615	-229.70
4616	-1479.50
4617	-1682.80
4618	-1897.30
4619	-2124.60
4620	-2438.30
4621	-2727.70
4622	-2871.50
4623	-2705.20
4624	-1696.60
4625	-700.20
4626	-258.40
4627	-130.70
4628	0.00
4629	0.00
4630	0.00
4631	0.00
4632	0.00
4633	0.00
4634	0.00
4635	0.00
4636	0.00
4637	0.00
4638	0.00
4639	0.00
4640	0.00
4641	0.00
4642	-454.90
4643	-948.10
4644	-1413.00
4645	-2116.40
4646	-2217.30
4647	-2001.30
4648	-1345.90
4649	-945.70
4650	-276.20
4651	-71.70
4652	0.00
4653	0.00
4654	0.00
4655	0.00
4656	0.00
4657	0.00
4658	0.00
4659	0.00
4660	0.00
4661	0.00
4662	0.00
4663	0.00
4664	0.00
4665	0.00
4666	0.00
4667	0.00
4668	-84.30
4669	-387.80
4670	-753.70
4671	-192.90
4672	-373.50
4673	-121.60
4674	0.00
4675	3733.33
4676	3733.33
4677	3733.33
4678	0.00
4679	0.00
4680	0.00
4681	0.00
4682	0.00
4683	0.00
4684	0.00
4685	0.00
4686	0.00
4687	0.00
4688	0.00
4689	0.00
4690	0.00
4691	0.00
4692	0.00
4693	0.00
4694	0.00
4695	-14.90
4696	-42.40
4697	0.00
4698	0.00
4699	0.00
4700	0.00
4701	0.00
4702	0.00
4703	0.00
4704	0.00
4705	0.00
4706	0.00
4707	0.00
4708	0.00
4709	0.00
4710	0.00
4711	0.00
4712	0.00
4713	0.00
4714	0.00
4715	0.00
4716	0.00
4717	0.00
4718	0.00
4719	0.00
4720	0.00
4721	0.00
4722	0.00
4723	0.00
4724	0.00
4725	0.00
4726	0.00
4727	0.00
4728	0.00
4729	0.00
4730	0.00
4731	0.00
4732	0.00
4733	0.00
4734	0.00
4735	0.00
4736	0.00
4737	-53.80
4738	-233.40
4739	-191.00
4740	-251.20
4741	-275.10
4742	-672.60
4743	-1218.80
4744	-1185.30
4745	-792.50
4746	-269.60
4747	-39.10
4748	0.00
4749	3733.33
4750	3733.33
4751	3733.33
4752	0.00
4753	0.00
4754	0.00
4755	0.00
4756	0.00
4757	0.00
4758	0.00
4759	0.00
4760	-200.90
4761	-894.40
4762	-1375.00
4763	-1451.10
4764	-1690.90
4765	-1923.50
4766	-2361.70
4767	-2561.90
4768	-2320.00
4769	-1659.80
4770	-913.40
4771	-212.80
4772	0.00
4773	0.00
4774	0.00
4775	0.00
4776	0.00
4777	0.00
4778	0.00
4779	0.00
4780	0.00
4781	0.00
4782	-227.10
4783	-1419.50
4784	-1613.80
4785	-1751.40
4786	-2264.30
4787	-2698.70
4788	-3112.10
4789	-3318.80
4790	-3278.90
4791	-3191.10
4792	-3157.20
4793	-2934.80
4794	-1983.10
4795	-909.90
4796	-137.40
4797	-69.20
4798	-0.60
4799	0.00
4800	0.00
4801	0.00
4802	0.00
4803	0.00
4804	0.00
4805	0.00
4806	0.00
4807	-153.50
4808	-963.40
4809	-1568.00
4810	-2285.70
4811	-2727.40
4812	-3153.90
4813	-3280.90
4814	-3165.00
4815	-2839.70
4816	-2540.30
4817	-2222.70
4818	-1339.10
4819	-648.70
4820	-87.00
4821	0.00
4822	3733.33
4823	3733.33
4824	3733.33
4825	0.00
4826	0.00
4827	0.00
4828	0.00
4829	0.00
4830	0.00
4831	-170.40
4832	-1317.30
4833	-1506.50
4834	-1710.60
4835	-1311.00
4836	-1953.90
4837	-2476.20
4838	-2497.00
4839	-2333.70
4840	-1869.30
4841	-649.00
4842	-87.10
4843	-36.10
4844	0.00
4845	0.00
4846	0.00
4847	0.00
4848	0.00
4849	0.00
4850	0.00
4851	0.00
4852	0.00
4853	0.00
4854	0.00
4855	0.00
4856	0.00
4857	0.00
4858	0.00
4859	-11.80
4860	-66.20
4861	-16.60
4862	-55.10
4863	-158.50
4864	-203.30
4865	-124.00
4866	0.00
4867	0.00
4868	0.00
4869	0.00
4870	0.00
4871	0.00
4872	0.00
4873	0.00
4874	0.00
4875	0.00
4876	0.00
4877	0.00
4878	0.00
4879	0.00
4880	0.00
4881	0.00
4882	0.00
4883	0.00
4884	0.00
4885	0.00
4886	0.00
4887	0.00
4888	0.00
4889	0.00
4890	0.00
4891	0.00
4892	0.00
4893	0.00
4894	0.00
4895	0.00
4896	0.00
4897	0.00
4898	0.00
4899	0.00
4900	0.00
4901	0.00
4902	0.00
4903	0.00
4904	0.00
4905	0.00
4906	3733.33
4907	3733.33
4908	3733.33
4909	0.00
4910	0.00
4911	0.00
4912	0.00
4913	0.00
4914	0.00
4915	0.00
4916	0.00
4917	0.00
4918	0.00
4919	0.00
4920	0.00
4921	0.00
4922	0.00
4923	0.00
4924	0.00
4925	0.00
4926	0.00
4927	0.00
4928	0.00
4929	0.00
4930	0.00
4931	0.00
4932	0.00
4933	0.00
4934	0.00
4935	0.00
4936	-5.20
4937	0.00
4938	0.00
4939	0.00
4940	0.00
4941	0.00
4942	0.00
4943	0.00
4944	0.00
4945	0.00
4946	0.00
4947	0.00
4948	0.00
4949	0.00
4950	0.00
4951	0.00
4952	0.00
4953	0.00
4954	0.00
4955	0.00
4956	0.00
4957	0.00
4958	0.00
4959	0.00
4960	0.00
4961	0.00
4962	0.00
4963	0.00
4964	0.00
4965	0.00
4966	0.00
4967	0.00
4968	0.00
4969	0.00
4970	0.00
4971	0.00
4972	0.00
4973	0.00
4974	0.00
4975	0.00
4976	0.00
4977	0.00
4978	0.00
4979	3733.33
4980	3733.33
4981	3733.33
4982	-48.10
4983	-130.80
4984	-42.60
4985	0.00
4986	0.00
4987	0.00
4988	0.00
4989	0.00
4990	0.00
4991	0.00
4992	0.00
4993	0.00
4994	0.00
4995	0.00
4996	0.00
4997	0.00
4998	0.00
4999	0.00
5000	0.00
5001	-1094.60
5002	-1483.70
5003	-1417.30
5004	-2022.70
5005	-2473.90
5006	-2736.40
5007	-2683.50
5008	-1482.20
5009	-663.10
5010	-89.70
5011	0.00
5012	0.00
5013	0.00
5014	0.00
5015	0.00
5016	0.00
5017	0.00
5018	0.00
5019	0.00
5020	0.00
5021	0.00
5022	0.00
5023	0.00
5024	0.00
5025	-3.00
5026	-728.90
5027	-940.90
5028	-1032.80
5029	-773.10
5030	-436.00
5031	-18.80
5032	0.00
5033	0.00
5034	0.00
5035	0.00
5036	0.00
5037	0.00
5038	0.00
5039	0.00
5040	0.00
5041	0.00
5042	0.00
5043	0.00
5044	0.00
5045	0.00
5046	0.00
5047	0.00
5048	-11.50
5049	-816.20
5050	-1190.50
5051	-1199.10
5052	-1564.30
5053	-1604.20
5054	-1831.80
5055	-1873.20
5056	-1504.50
5057	-896.20
5058	-155.10
5059	-9.30
5060	0.00
5061	3733.33
5062	3733.33
5063	3733.33
5064	0.00
5065	0.00
5066	0.00
5067	0.00
5068	0.00
5069	0.00
5070	0.00
5071	-16.40
5072	-808.30
5073	-1274.60
5074	-997.30
5075	-629.30
5076	-319.00
5077	-214.20
5078	-5.00
5079	0.00
5080	0.00
5081	0.00
5082	0.00
5083	0.00
5084	0.00
5085	0.00
5086	0.00
5087	0.00
5088	0.00
5089	0.00
5090	0.00
5091	0.00
5092	0.00
5093	0.00
5094	0.00
5095	0.00
5096	0.00
5097	0.00
5098	0.00
5099	0.00
5100	0.00
5101	0.00
5102	0.00
5103	0.00
5104	0.00
5105	0.00
5106	0.00
5107	0.00
5108	0.00
5109	0.00
5110	0.00
5111	0.00
5112	0.00
5113	0.00
5114	0.00
5115	0.00
5116	0.00
5117	0.00
5118	0.00
5119	0.00
5120	0.00
5121	0.00
5122	0.00
5123	0.00
5124	0.00
5125	0.00
5126	0.00
5127	0.00
5128	0.00
5129	0.00
5130	0.00
5131	0.00
5132	0.00
5133	0.00
5134	0.00
5135	0.00
5136	0.00
5137	0.00
5138	0.00
5139	0.00
5140	0.00
5141	0.00
5142	0.00
5143	0.00
5144	0.00
5145	3733.33
5146	3733.33
5147	3733.33
5148	0.00
5149	0.00
5150	0.00
5151	-46.00
5152	-111.40
5153	-15.90
5154	0.00
5155	0.00
5156	0.00
5157	0.00
5158	0.00
5159	0.00
5160	0.00
5161	0.00
5162	0.00
5163	0.00
5164	0.00
5165	0.00
5166	0.00
5167	0.00
5168	0.00
5169	0.00
5170	0.00
5171	0.00
5172	0.00
5173	0.00
5174	0.00
5175	0.00
5176	0.00
5177	0.00
5178	0.00
5179	0.00
5180	0.00
5181	0.00
5182	0.00
5183	0.00
5184	0.00
5185	0.00
5186	0.00
5187	0.00
5188	0.00
5189	0.00
5190	0.00
5191	0.00
5192	0.00
5193	0.00
5194	0.00
5195	0.00
5196	0.00
5197	0.00
5198	0.00
5199	0.00
5200	0.00
5201	0.00
5202	0.00
5203	0.00
5204	0.00
5205	0.00
5206	0.00
5207	0.00
5208	0.00
5209	0.00
5210	0.00
5211	0.00
5212	0.00
5213	0.00
5214	0.00
5215	0.00
5216	0.00
5217	-36.40
5218	-281.30
5219	-314.00
5220	-334.00
5221	-358.20
5222	-407.70
5223	-760.80
5224	-656.50
5225	-307.00
5226	-6.40
5227	0.00
5228	3733.33
5229	3733.33
5230	3733.33
5231	0.00
5232	0.00
5233	0.00
5234	0.00
5235	0.00
5236	0.00
5237	0.00
5238	0.00
5239	0.00
5240	0.00
5241	-469.50
5242	-916.90
5243	-866.30
5244	-1019.60
5245	-1472.50
5246	-2006.30
5247	-2004.80
5248	-1395.70
5249	-434.40
5250	-37.60
5251	0.00
5252	0.00
5253	0.00
5254	0.00
5255	0.00
5256	0.00
5257	0.00
5258	0.00
5259	0.00
5260	0.00
5261	0.00
5262	0.00
5263	-13.50
5264	-1010.80
5265	-1612.10
5266	-1603.90
5267	-1784.60
5268	-2253.00
5269	-2808.80
5270	-3072.70
5271	-3009.80
5272	-2795.50
5273	-2453.40
5274	-1802.50
5275	-789.60
5276	-139.90
5277	-76.40
5278	0.00
5279	0.00
5280	0.00
5281	0.00
5282	0.00
5283	0.00
5284	0.00
5285	0.00
5286	0.00
5287	0.00
5288	0.00
5289	0.00
5290	-294.20
5291	-1353.70
5292	-1731.70
5293	-2024.90
5294	-2154.80
5295	-1978.10
5296	-1609.60
5297	-1166.80
5298	-417.90
5299	-113.90
5300	0.00
5301	3733.33
5302	3733.33
5303	3733.33
5304	0.00
5305	0.00
5306	0.00
5307	0.00
5308	0.00
5309	0.00
5310	0.00
5311	-163.10
5312	-1283.40
5313	-1582.30
5314	-1772.00
5315	-2171.70
5316	-2732.60
5317	-3083.50
5318	-3081.40
5319	-2722.80
5320	-2464.10
5321	-2178.50
5322	-1700.40
5323	-896.60
5324	-262.10
5325	-130.50
5326	-28.20
5327	0.00
5328	0.00
5329	0.00
5330	0.00
5331	0.00
5332	0.00
5333	0.00
5334	0.00
5335	-932.40
5336	-1839.60
5337	-2593.70
5338	-3177.00
5339	-3746.20
5340	-3909.00
5341	-3977.50
5342	-3846.70
5343	-3847.60
5344	-3730.80
5345	-3369.50
5346	-2594.20
5347	-1701.70
5348	-1049.50
5349	-821.10
5350	-399.80
5351	-15.70
5352	0.00
5353	0.00
5354	0.00
5355	0.00
5356	0.00
5357	0.00
5358	0.00
5359	-43.30
5360	-1469.10
5361	-2687.50
5362	-3356.40
5363	-3799.10
5364	-3929.10
5365	-3905.00
5366	-3659.30
5367	-3457.30
5368	-3536.40
5369	-3377.60
5370	-2831.90
5371	-1958.10
5372	-1200.80
5373	-969.30
5374	-438.50
5375	-17.30
5376	0.00
5377	0.00
5378	0.00
5379	0.00
5380	0.00
5381	0.00
5382	0.00
5383	-248.90
5384	-1286.60
5385	-1867.80
5386	-1817.60
5387	-1785.50
5388	-1971.90
5389	-2390.70
5390	-2143.00
5391	-1577.80
5392	-1300.50
5393	-371.60
5394	-9.20
5395	0.00
5396	3733.33
5397	3733.33
5398	3733.33
5399	0.00
5400	0.00
5401	0.00
5402	0.00
5403	0.00
5404	0.00
5405	0.00
5406	0.00
5407	0.00
5408	0.00
5409	0.00
5410	0.00
5411	0.00
5412	0.00
5413	0.00
5414	0.00
5415	-0.40
5416	-169.40
5417	-4.20
5418	0.00
5419	0.00
5420	0.00
5421	0.00
5422	0.00
5423	0.00
5424	0.00
5425	0.00
5426	0.00
5427	0.00
5428	0.00
5429	0.00
5430	0.00
5431	0.00
5432	0.00
5433	0.00
5434	0.00
5435	0.00
5436	0.00
5437	-240.90
5438	-1107.90
5439	-1453.80
5440	-1244.80
5441	-662.30
5442	-74.80
5443	-11.40
5444	0.00
5445	0.00
5446	0.00
5447	0.00
5448	0.00
5449	0.00
5450	0.00
5451	0.00
5452	0.00
5453	0.00
5454	0.00
5455	0.00
5456	-167.10
5457	-600.20
5458	-1028.60
5459	-1088.80
5460	-1422.30
5461	-1611.70
5462	-1715.70
5463	-1226.60
5464	-304.30
5465	0.00
5466	0.00
5467	0.00
5468	0.00
5469	0.00
5470	0.00
5471	0.00
5472	0.00
5473	0.00
5474	0.00
5475	0.00
5476	0.00
5477	0.00
5478	0.00
5479	0.00
5480	-23.50
5481	-824.80
5482	-925.20
5483	-1019.80
5484	-1336.10
5485	-1716.30
5486	-1985.40
5487	-1639.00
5488	-975.20
5489	-329.30
5490	-48.50
5491	0.00
5492	3733.33
5493	3733.33
5494	3733.33
5495	0.00
5496	0.00
5497	0.00
5498	0.00
5499	0.00
5500	0.00
5501	0.00
5502	0.00
5503	0.00
5504	0.00
5505	0.00
5506	0.00
5507	-23.30
5508	-100.20
5509	-331.20
5510	-1372.00
5511	-1258.30
5512	-346.80
5513	-3.90
5514	0.00
5515	0.00
5516	0.00
5517	0.00
5518	0.00
5519	0.00
5520	0.00
5521	0.00
5522	0.00
5523	0.00
5524	0.00
5525	0.00
5526	0.00
5527	0.00
5528	0.00
5529	-44.10
5530	-210.70
5531	-326.80
5532	-457.60
5533	-803.80
5534	-1202.70
5535	-1398.90
5536	-1093.10
5537	-346.50
5538	0.00
5539	0.00
5540	0.00
5541	0.00
5542	0.00
5543	0.00
5544	0.00
5545	0.00
5546	0.00
5547	0.00
5548	0.00
5549	0.00
5550	0.00
5551	0.00
5552	0.00
5553	0.00
5554	-93.30
5555	-373.80
5556	-535.30
5557	-942.60
5558	-1342.90
5559	-1352.50
5560	-991.90
5561	-458.50
5562	-10.70
5563	0.00
5564	3733.33
5565	3733.33
5566	3733.33
5567	0.00
5568	0.00
5569	0.00
5570	0.00
5571	0.00
5572	0.00
5573	0.00
5574	0.00
5575	0.00
5576	0.00
5577	0.00
5578	0.00
5579	0.00
5580	0.00
5581	0.00
5582	0.00
5583	0.00
5584	0.00
5585	0.00
5586	0.00
5587	0.00
5588	0.00
5589	0.00
5590	0.00
5591	0.00
5592	0.00
5593	0.00
5594	0.00
5595	0.00
5596	0.00
5597	0.00
5598	0.00
5599	0.00
5600	0.00
5601	0.00
5602	0.00
5603	0.00
5604	0.00
5605	0.00
5606	0.00
5607	0.00
5608	0.00
5609	0.00
5610	0.00
5611	0.00
5612	0.00
5613	0.00
5614	0.00
5615	0.00
5616	0.00
5617	0.00
5618	0.00
5619	0.00
5620	0.00
5621	0.00
5622	0.00
5623	0.00
5624	0.00
5625	0.00
5626	0.00
5627	0.00
5628	0.00
5629	0.00
5630	0.00
5631	0.00
5632	0.00
5633	0.00
5634	0.00
5635	3733.33
5636	3733.33
5637	3733.33
5638	0.00
5639	0.00
5640	0.00
5641	0.00
5642	0.00
5643	0.00
5644	0.00
5645	0.00
5646	0.00
5647	0.00
5648	0.00
5649	0.00
5650	0.00
5651	0.00
5652	0.00
5653	0.00
5654	0.00
5655	0.00
5656	0.00
5657	0.00
5658	0.00
5659	0.00
5660	0.00
5661	0.00
5662	0.00
5663	0.00
5664	0.00
5665	0.00
5666	0.00
5667	0.00
5668	0.00
5669	0.00
5670	0.00
5671	0.00
5672	0.00
5673	0.00
5674	0.00
5675	0.00
5676	0.00
5677	0.00
5678	0.00
5679	0.00
5680	0.00
5681	0.00
5682	0.00
5683	0.00
5684	0.00
5685	0.00
5686	0.00
5687	0.00
5688	0.00
5689	0.00
5690	0.00
5691	0.00
5692	0.00
5693	0.00
5694	0.00
5695	0.00
5696	0.00
5697	0.00
5698	-171.20
5699	-292.70
5700	-281.80
5701	-158.30
5702	-88.50
5703	-97.80
5704	0.00
5705	3733.33
5706	3733.33
5707	3733.33
5708	0.00
5709	0.00
5710	0.00
5711	0.00
5712	0.00
5713	0.00
5714	0.00
5715	0.00
5716	0.00
5717	0.00
5718	0.00
5719	0.00
5720	0.00
5721	0.00
5722	0.00
5723	0.00
5724	-36.90
5725	-83.00
5726	-1.60
5727	0.00
5728	0.00
5729	0.00
5730	0.00
5731	0.00
5732	0.00
5733	0.00
5734	0.00
5735	0.00
5736	0.00
5737	0.00
5738	0.00
5739	0.00
5740	0.00
5741	0.00
5742	0.00
5743	0.00
5744	0.00
5745	0.00
5746	0.00
5747	0.00
5748	0.00
5749	0.00
5750	0.00
5751	0.00
5752	0.00
5753	0.00
5754	0.00
5755	0.00
5756	0.00
5757	0.00
5758	0.00
5759	0.00
5760	0.00
5761	0.00
5762	0.00
5763	0.00
5764	0.00
5765	0.00
5766	0.00
5767	0.00
5768	0.00
5769	0.00
5770	0.00
5771	0.00
5772	0.00
5773	0.00
5774	3733.33
5775	3733.33
5776	3733.33
5777	0.00
5778	0.00
5779	0.00
5780	0.00
5781	0.00
5782	0.00
5783	0.00
5784	0.00
5785	0.00
5786	0.00
5787	0.00
5788	0.00
5789	0.00
5790	0.00
5791	0.00
5792	0.00
5793	0.00
5794	0.00
5795	0.00
5796	0.00
5797	0.00
5798	0.00
5799	0.00
5800	0.00
5801	0.00
5802	0.00
5803	0.00
5804	0.00
5805	0.00
5806	0.00
5807	0.00
5808	0.00
5809	0.00
5810	0.00
5811	0.00
5812	0.00
5813	0.00
5814	0.00
5815	0.00
5816	3733.33
5817	3733.33
5818	3733.33
5819	0.00
5820	0.00
5821	0.00
5822	0.00
5823	0.00
5824	0.00
5825	0.00
5826	0.00
5827	0.00
5828	0.00
5829	0.00
5830	0.00
5831	0.00
5832	0.00
5833	0.00
5834	0.00
5835	0.00
5836	0.00
5837	0.00
5838	0.00
5839	0.00
5840	0.00
5841	3733.33
5842	3733.33
5843	3733.33
5844	0.00
5845	0.00
5846	0.00
5847	0.00
5848	0.00
5849	0.00
5850	0.00
5851	0.00
5852	0.00
5853	0.00
5854	0.00
5855	0.00
5856	0.00
5857	0.00
5858	0.00
5859	0.00
5860	0.00
5861	0.00
5862	0.00
5863	0.00
5864	0.00
5865	0.00
5866	0.00
5867	0.00
5868	0.00
5869	0.00
5870	0.00
5871	0.00
5872	0.00
5873	0.00
5874	0.00
5875	0.00
5876	3733.33
5877	3733.33
5878	3733.33
5879	0.00
5880	0.00
5881	0.00
5882	0.00
5883	0.00
5884	0.00
5885	0.00
5886	0.00
5887	0.00
5888	0.00
5889	0.00
5890	0.00
5891	0.00
5892	0.00
5893	0.00
5894	0.00
5895	0.00
5896	0.00
5897	0.00
5898	0.00
5899	0.00
5900	0.00
5901	0.00
5902	0.00
5903	0.00
5904	0.00
5905	0.00
5906	0.00
5907	0.00
5908	0.00
5909	0.00
5910	0.00
5911	0.00
5912	0.00
5913	0.00
5914	0.00
5915	0.00
5916	0.00
5917	0.00
5918	0.00
5919	0.00
5920	0.00
5921	0.00
5922	0.00
5923	0.00
5924	0.00
5925	0.00
5926	0.00
5927	0.00
5928	0.00
5929	0.00
5930	0.00
5931	0.00
5932	0.00
5933	0.00
5934	0.00
5935	0.00
5936	0.00
5937	0.00
5938	0.00
5939	0.00
5940	3733.33
5941	3733.33
5942	3733.33
5943	0.00
5944	0.00
5945	0.00
5946	0.00
5947	0.00
5948	0.00
5949	0.00
5950	0.00
5951	0.00
5952	0.00
5953	0.00
5954	0.00
5955	0.00
5956	0.00
5957	0.00
5958	0.00
5959	0.00
5960	0.00
5961	0.00
5962	0.00
5963	0.00
5964	0.00
5965	0.00
5966	0.00
5967	0.00
5968	0.00
5969	0.00
5970	0.00
5971	0.00
5972	0.00
5973	0.00
5974	0.00
5975	0.00
5976	0.00
5977	0.00
5978	0.00
5979	0.00
5980	0.00
5981	0.00
5982	0.00
5983	0.00
5984	0.00
5985	0.00
5986	0.00
5987	0.00
5988	0.00
5989	0.00
5990	0.00
5991	0.00
5992	0.00
5993	0.00
5994	0.00
5995	0.00
5996	0.00
5997	0.00
5998	0.00
5999	0.00
6000	0.00
6001	0.00
6002	0.00
6003	0.00
6004	0.00
6005	0.00
6006	0.00
6007	0.00
6008	0.00
6009	3733.33
6010	3733.33
6011	-126.70
6012	-233.90
6013	-376.40
6014	-239.30
6015	-70.40
6016	0.00
6017	0.00
6018	0.00
6019	0.00
6020	0.00
6021	0.00
6022	0.00
6023	0.00
6024	0.00
6025	0.00
6026	0.00
6027	0.00
6028	0.00
6029	0.00
6030	0.00
6031	0.00
6032	0.00
6033	-314.50
6034	-686.80
6035	-744.10
6036	-890.20
6037	-1169.10
6038	-1205.70
6039	-1192.10
6040	-639.50
6041	-53.90
6042	0.00
6043	0.00
6044	0.00
6045	0.00
6046	0.00
6047	0.00
6048	0.00
6049	0.00
6050	0.00
6051	0.00
6052	0.00
6053	0.00
6054	0.00
6055	0.00
6056	0.00
6057	0.00
6058	0.00
6059	0.00
6060	0.00
6061	0.00
6062	0.00
6063	0.00
6064	0.00
6065	0.00
6066	3733.33
6067	3733.33
6068	3733.33
6069	0.00
6070	0.00
6071	0.00
6072	0.00
6073	0.00
6074	0.00
6075	0.00
6076	0.00
6077	0.00
6078	0.00
6079	0.00
6080	0.00
6081	0.00
6082	0.00
6083	0.00
6084	0.00
6085	0.00
6086	0.00
6087	0.00
6088	0.00
6089	0.00
6090	0.00
6091	0.00
6092	0.00
6093	0.00
6094	0.00
6095	0.00
6096	0.00
6097	0.00
6098	0.00
6099	0.00
6100	0.00
6101	0.00
6102	0.00
6103	0.00
6104	0.00
6105	0.00
6106	0.00
6107	0.00
6108	0.00
6109	0.00
6110	0.00
6111	0.00
6112	0.00
6113	0.00
6114	0.00
6115	0.00
6116	0.00
6117	0.00
6118	3733.33
6119	3733.33
6120	3733.33
6121	0.00
6122	0.00
6123	0.00
6124	0.00
6125	0.00
6126	0.00
6127	0.00
6128	0.00
6129	0.00
6130	0.00
6131	0.00
6132	0.00
6133	0.00
6134	0.00
6135	0.00
6136	0.00
6137	0.00
6138	0.00
6139	0.00
6140	0.00
6141	0.00
6142	0.00
6143	0.00
6144	0.00
6145	0.00
6146	0.00
6147	0.00
6148	0.00
6149	0.00
6150	0.00
6151	0.00
6152	0.00
6153	0.00
6154	0.00
6155	0.00
6156	0.00
6157	0.00
6158	0.00
6159	0.00
6160	0.00
6161	0.00
6162	0.00
6163	0.00
6164	0.00
6165	0.00
6166	0.00
6167	0.00
6168	0.00
6169	3733.33
6170	3733.33
6171	3733.33
6172	0.00
6173	0.00
6174	0.00
6175	0.00
6176	0.00
6177	0.00
6178	0.00
6179	0.00
6180	0.00
6181	0.00
6182	0.00
6183	0.00
6184	0.00
6185	0.00
6186	0.00
6187	0.00
6188	0.00
6189	0.00
6190	0.00
6191	0.00
6192	0.00
6193	0.00
6194	0.00
6195	0.00
6196	0.00
6197	0.00
6198	0.00
6199	0.00
6200	0.00
6201	3733.33
6202	3733.33
6203	3733.33
6204	0.00
6205	0.00
6206	0.00
6207	0.00
6208	0.00
6209	0.00
6210	0.00
6211	0.00
6212	0.00
6213	0.00
6214	0.00
6215	0.00
6216	0.00
6217	0.00
6218	0.00
6219	0.00
6220	0.00
6221	0.00
6222	0.00
6223	0.00
6224	0.00
6225	0.00
6226	0.00
6227	0.00
6228	0.00
6229	0.00
6230	0.00
6231	0.00
6232	0.00
6233	0.00
6234	0.00
6235	0.00
6236	0.00
6237	3733.33
6238	3733.33
6239	3733.33
6240	0.00
6241	0.00
6242	0.00
6243	0.00
6244	0.00
6245	0.00
6246	0.00
6247	0.00
6248	0.00
6249	0.00
6250	0.00
6251	0.00
6252	0.00
6253	0.00
6254	0.00
6255	0.00
6256	0.00
6257	0.00
6258	0.00
6259	0.00
6260	0.00
6261	0.00
6262	3733.33
6263	3733.33
6264	3733.33
6265	0.00
6266	0.00
6267	0.00
6268	0.00
6269	0.00
6270	0.00
6271	0.00
6272	0.00
6273	0.00
6274	0.00
6275	0.00
6276	0.00
6277	0.00
6278	0.00
6279	0.00
6280	0.00
6281	0.00
6282	0.00
6283	0.00
6284	0.00
6285	0.00
6286	3733.33
6287	3733.33
6288	3733.33
6289	0.00
6290	0.00
6291	0.00
6292	0.00
6293	0.00
6294	0.00
6295	0.00
6296	0.00
6297	0.00
6298	0.00
6299	0.00
6300	0.00
6301	0.00
6302	0.00
6303	0.00
6304	0.00
6305	0.00
6306	0.00
6307	0.00
6308	0.00
6309	0.00
6310	0.00
6311	0.00
6312	0.00
6313	0.00
6314	0.00
6315	0.00
6316	0.00
6317	0.00
6318	3733.33
6319	3733.33
6320	3733.33
6321	3733.33
6322	0.00
6323	0.00
6324	0.00
6325	0.00
6326	0.00
6327	0.00
6328	0.00
6329	0.00
6330	0.00
6331	0.00
6332	0.00
6333	0.00
6334	3733.33
6335	3733.33
6336	3733.33
6337	0.00
6338	0.00
6339	0.00
6340	0.00
6341	0.00
6342	0.00
6343	0.00
6344	0.00
6345	3733.33
6346	3733.33
6347	3733.33
6348	0.00
6349	0.00
6350	0.00
6351	0.00
6352	0.00
6353	0.00
6354	0.00
6355	0.00
6356	0.00
6357	0.00
6358	0.00
6359	0.00
6360	0.00
6361	0.00
6362	0.00
6363	0.00
6364	3733.33
6365	3733.33
6366	3733.33
6367	3733.33
6368	0.00
6369	0.00
6370	0.00
6371	3733.33
6372	3733.33
6373	3733.33
6374	3733.33
6375	0.00
6376	0.00
6377	0.00
6378	0.00
6379	0.00
6380	3733.33
6381	3733.33
6382	3733.33
6383	3733.33
6384	3733.33
6385	0.00
6386	0.00
6387	0.00
6388	0.00
6389	0.00
6390	0.00
6391	3733.33
6392	3733.33
6393	3733.33
6394	3733.33
6395	0.00
6396	0.00
6397	0.00
6398	0.00
6399	0.00
6400	0.00
6401	0.00
6402	0.00
6403	0.00
6404	0.00
6405	0.00
6406	0.00
6407	0.00
6408	0.00
6409	0.00
6410	0.00
6411	0.00
6412	0.00
6413	0.00
6414	3733.33
6415	3733.33
6416	3733.33
6417	3733.33
6418	3733.33
6419	0.00
6420	0.00
6421	0.00
6422	0.00
6423	0.00
6424	0.00
6425	0.00
6426	0.00
6427	3733.33
6428	3733.33
6429	3733.33
6430	3733.33
6431	3733.33
6432	0.00
6433	0.00
6434	0.00
6435	0.00
6436	0.00
6437	0.00
6438	0.00
6439	0.00
6440	0.00
6441	3733.33
6442	3733.33
6443	3733.33
6444	3733.33
6445	0.00
6446	0.00
6447	0.00
6448	0.00
6449	0.00
6450	0.00
6451	0.00
6452	0.00
6453	0.00
6454	0.00
6455	3733.33
6456	3733.33
6457	3733.33
6458	0.00
6459	0.00
6460	0.00
6461	0.00
6462	0.00
6463	0.00
6464	0.00
6465	0.00
6466	3733.33
6467	3733.33
6468	3733.33
6469	0.00
6470	0.00
6471	0.00
6472	0.00
6473	0.00
6474	0.00
6475	0.00
6476	0.00
6477	0.00
6478	0.00
6479	0.00
6480	0.00
6481	0.00
6482	0.00
6483	0.00
6484	0.00
6485	0.00
6486	3733.33
6487	3733.33
6488	3733.33
6489	3733.33
6490	0.00
6491	0.00
6492	0.00
6493	0.00
6494	0.00
6495	0.00
6496	0.00
6497	0.00
6498	0.00
6499	0.00
6500	0.00
6501	0.00
6502	0.00
6503	0.00
6504	0.00
6505	0.00
6506	0.00
6507	0.00
6508	0.00
6509	0.00
6510	0.00
6511	3733.33
6512	3733.33
6513	3733.33
6514	3733.33
6515	0.00
6516	0.00
6517	0.00
6518	0.00
6519	0.00
6520	0.00
6521	0.00
6522	0.00
6523	0.00
6524	0.00
6525	0.00
6526	0.00
6527	0.00
6528	0.00
6529	0.00
6530	0.00
6531	0.00
6532	0.00
6533	0.00
6534	0.00
6535	0.00
6536	0.00
6537	0.00
6538	3733.33
6539	3733.33
6540	3733.33
6541	0.00
6542	0.00
6543	0.00
6544	0.00
6545	0.00
6546	0.00
6547	0.00
6548	0.00
6549	0.00
6550	0.00
6551	0.00
6552	0.00
6553	0.00
6554	0.00
6555	0.00
6556	0.00
6557	0.00
6558	0.00
6559	0.00
6560	0.00
6561	3733.33
6562	3733.33
6563	3733.33
6564	3733.33
6565	0.00
6566	0.00
6567	0.00
6568	0.00
6569	0.00
6570	0.00
6571	0.00
6572	0.00
6573	0.00
6574	0.00
6575	0.00
6576	0.00
6577	0.00
6578	0.00
6579	0.00
6580	0.00
6581	0.00
6582	0.00
6583	0.00
6584	0.00
6585	0.00
6586	0.00
6587	3733.33
6588	3733.33
6589	3733.33
6590	0.00
6591	0.00
6592	0.00
6593	0.00
6594	0.00
6595	0.00
6596	0.00
6597	0.00
6598	0.00
6599	0.00
6600	0.00
6601	0.00
6602	0.00
6603	0.00
6604	0.00
6605	0.00
6606	0.00
6607	0.00
6608	0.00
6609	0.00
6610	0.00
6611	0.00
6612	0.00
6613	0.00
6614	0.00
6615	0.00
6616	0.00
6617	0.00
6618	0.00
6619	0.00
6620	0.00
6621	3733.33
6622	3733.33
6623	3733.33
6624	0.00
6625	0.00
6626	0.00
6627	0.00
6628	0.00
6629	0.00
6630	0.00
6631	0.00
6632	0.00
6633	0.00
6634	0.00
6635	0.00
6636	0.00
6637	0.00
6638	0.00
6639	0.00
6640	0.00
6641	0.00
6642	0.00
6643	0.00
6644	0.00
6645	0.00
6646	0.00
6647	0.00
6648	0.00
6649	0.00
6650	0.00
6651	0.00
6652	3733.33
6653	3733.33
6654	3733.33
6655	3733.33
6656	0.00
6657	0.00
6658	0.00
6659	0.00
6660	0.00
6661	0.00
6662	0.00
6663	0.00
6664	0.00
6665	3733.33
6666	3733.33
6667	3733.33
6668	3733.33
6669	0.00
6670	0.00
6671	0.00
6672	0.00
6673	0.00
6674	0.00
6675	0.00
6676	0.00
6677	0.00
6678	3733.33
6679	3733.33
6680	3733.33
6681	3733.33
6682	0.00
6683	0.00
6684	3733.33
6685	3733.33
6686	3733.33
6687	3733.33
6688	3733.33
6689	0.00
6690	0.00
6691	0.00
6692	3733.33
6693	3733.33
6694	3733.33
6695	3733.33
6696	3733.33
6697	0.00
6698	0.00
6699	0.00
6700	0.00
6701	0.00
6702	0.00
6703	3733.33
6704	3733.33
6705	3733.33
6706	3733.33
6707	0.00
6708	0.00
6709	0.00
6710	3733.33
6711	3733.33
6712	3733.33
6713	3733.33
6714	3733.33
6715	0.00
6716	0.00
6717	0.00
6718	3733.33
6719	3733.33
6720	3733.33
6721	0.00
6722	0.00
6723	0.00
6724	0.00
6725	0.00
6726	0.00
6727	3733.33
6728	3733.33
6729	3733.33
6730	3733.33
6731	0.00
6732	0.00
6733	0.00
6734	0.00
6735	0.00
6736	0.00
6737	0.00
6738	3733.33
6739	3733.33
6740	3733.33
6741	3733.33
6742	0.00
6743	0.00
6744	0.00
6745	0.00
6746	0.00
6747	0.00
6748	0.00
6749	0.00
6750	0.00
6751	3733.33
6752	3733.33
6753	3733.33
6754	3733.33
6755	3733.33
6756	0.00
6757	0.00
6758	0.00
6759	0.00
6760	0.00
6761	0.00
6762	0.00
6763	0.00
6764	0.00
6765	0.00
6766	0.00
6767	3733.33
6768	3733.33
6769	3733.33
6770	0.00
6771	0.00
6772	0.00
6773	0.00
6774	0.00
6775	0.00
6776	0.00
6777	3733.33
6778	3733.33
6779	3733.33
6780	3733.33
6781	0.00
6782	0.00
6783	0.00
6784	0.00
6785	0.00
6786	3733.33
6787	3733.33
6788	3733.33
6789	3733.33
6790	3733.33
6791	0.00
6792	0.00
6793	0.00
6794	0.00
6795	0.00
6796	0.00
6797	0.00
6798	0.00
6799	0.00
6800	3733.33
6801	3733.33
6802	3733.33
6803	3733.33
6804	3733.33
6805	0.00
6806	0.00
6807	0.00
6808	0.00
6809	0.00
6810	3733.33
6811	3733.33
6812	3733.33
6813	3733.33
6814	3733.33
6815	0.00
6816	0.00
6817	0.00
6818	0.00
6819	0.00
6820	0.00
6821	0.00
6822	0.00
6823	0.00
6824	3733.33
6825	3733.33
6826	3733.33
6827	3733.33
6828	0.00
6829	0.00
6830	0.00
6831	0.00
6832	0.00
6833	0.00
6834	0.00
6835	0.00
6836	3733.33
6837	3733.33
6838	3733.33
6839	3733.33
6840	0.00
6841	0.00
6842	0.00
6843	0.00
6844	0.00
6845	0.00
6846	0.00
6847	0.00
6848	3733.33
6849	3733.33
6850	3733.33
6851	3733.33
6852	0.00
6853	0.00
6854	0.00
6855	0.00
6856	0.00
6857	0.00
6858	0.00
6859	0.00
6860	3733.33
6861	3733.33
6862	3733.33
6863	3733.33
6864	0.00
6865	0.00
6866	0.00
6867	0.00
6868	0.00
6869	0.00
6870	0.00
6871	0.00
6872	3733.33
6873	3733.33
6874	3733.33
6875	3733.33
6876	3733.33
6877	0.00
6878	0.00
6879	0.00
6880	0.00
6881	0.00
6882	0.00
6883	0.00
6884	0.00
6885	0.00
6886	0.00
6887	3733.33
6888	3733.33
6889	3733.33
6890	0.00
6891	0.00
6892	0.00
6893	0.00
6894	0.00
6895	0.00
6896	3733.33
6897	3733.33
6898	3733.33
6899	0.00
6900	0.00
6901	0.00
6902	0.00
6903	0.00
6904	0.00
6905	0.00
6906	0.00
6907	0.00
6908	0.00
6909	0.00
6910	3733.33
6911	3733.33
6912	3733.33
6913	0.00
6914	0.00
6915	0.00
6916	0.00
6917	0.00
6918	0.00
6919	3733.33
6920	3733.33
6921	3733.33
6922	3733.33
6923	0.00
6924	0.00
6925	0.00
6926	0.00
6927	0.00
6928	0.00
6929	0.00
6930	0.00
6931	0.00
6932	0.00
6933	0.00
6934	0.00
6935	0.00
6936	0.00
6937	0.00
6938	0.00
6939	0.00
6940	0.00
6941	3733.33
6942	3733.33
6943	3733.33
6944	3733.33
6945	3733.33
6946	0.00
6947	0.00
6948	0.00
6949	0.00
6950	0.00
6951	0.00
6952	0.00
6953	0.00
6954	0.00
6955	0.00
6956	0.00
6957	0.00
6958	0.00
6959	0.00
6960	0.00
6961	0.00
6962	0.00
6963	3733.33
6964	3733.33
6965	3733.33
6966	3733.33
6967	3733.33
6968	0.00
6969	0.00
6970	0.00
6971	0.00
6972	0.00
6973	0.00
6974	0.00
6975	0.00
6976	0.00
6977	0.00
6978	0.00
6979	0.00
6980	0.00
6981	3733.33
6982	3733.33
6983	3733.33
6984	3733.33
6985	3733.33
6986	0.00
6987	0.00
6988	0.00
6989	0.00
6990	0.00
6991	0.00
6992	3733.33
6993	3733.33
6994	3733.33
6995	3733.33
6996	3733.33
6997	0.00
6998	0.00
6999	0.00
7000	0.00
7001	0.00
7002	0.00
7003	0.00
7004	0.00
7005	0.00
7006	0.00
7007	3733.33
7008	3733.33
7009	3733.33
7010	0.00
7011	0.00
7012	0.00
7013	0.00
7014	0.00
7015	3733.33
7016	3733.33
7017	3733.33
7018	3733.33
7019	3733.33
7020	3733.33
7021	0.00
7022	0.00
7023	0.00
7024	0.00
7025	0.00
7026	0.00
7027	0.00
7028	0.00
7029	3733.33
7030	3733.33
7031	3733.33
7032	3733.33
7033	0.00
7034	0.00
7035	0.00
7036	0.00
7037	0.00
7038	0.00
7039	3733.33
7040	3733.33
7041	3733.33
7042	3733.33
7043	3733.33
7044	0.00
7045	0.00
7046	0.00
7047	0.00
7048	0.00
7049	3733.33
7050	3733.33
7051	3733.33
7052	3733.33
7053	3733.33
7054	3733.33
7055	0.00
7056	0.00
7057	0.00
7058	0.00
7059	0.00
7060	0.00
7061	0.00
7062	0.00
7063	0.00
7064	3733.33
7065	3733.33
7066	3733.33
7067	3733.33
7068	0.00
7069	0.00
7070	0.00
7071	0.00
7072	0.00
7073	0.00
7074	3733.33
7075	3733.33
7076	3733.33
7077	3733.33
7078	3733.33
7079	0.00
7080	0.00
7081	0.00
7082	0.00
7083	0.00
7084	0.00
7085	0.00
7086	0.00
7087	0.00
7088	3733.33
7089	3733.33
7090	3733.33
7091	0.00
7092	0.00
7093	0.00
7094	0.00
7095	0.00
7096	0.00
7097	0.00
7098	0.00
7099	0.00
7100	3733.33
7101	3733.33
7102	3733.33
7103	3733.33
7104	0.00
7105	0.00
7106	0.00
7107	0.00
7108	0.00
7109	0.00
7110	0.00
7111	0.00
7112	0.00
7113	0.00
7114	0.00
7115	0.00
7116	3733.33
7117	3733.33
7118	3733.33
7119	0.00
7120	0.00
7121	0.00
7122	0.00
7123	0.00
7124	0.00
7125	0.00
7126	3733.33
7127	3733.33
7128	3733.33
7129	0.00
7130	0.00
7131	0.00
7132	0.00
7133	0.00
7134	0.00
7135	0.00
7136	0.00
7137	3733.33
7138	3733.33
7139	3733.33
7140	3733.33
7141	0.00
7142	0.00
7143	0.00
7144	0.00
7145	0.00
7146	0.00
7147	0.00
7148	0.00
7149	0.00
7150	0.00
7151	3733.33
7152	3733.33
7153	3733.33
7154	0.00
7155	0.00
7156	0.00
7157	0.00
7158	0.00
7159	3733.33
7160	3733.33
7161	3733.33
7162	3733.33
7163	3733.33
7164	0.00
7165	0.00
7166	0.00
7167	0.00
7168	0.00
7169	0.00
7170	3733.33
7171	3733.33
7172	3733.33
7173	3733.33
7174	3733.33
7175	0.00
7176	0.00
7177	0.00
7178	0.00
7179	0.00
7180	0.00
7181	0.00
7182	3733.33
7183	3733.33
7184	3733.33
7185	3733.33
7186	0.00
7187	0.00
7188	3733.33
7189	3733.33
7190	3733.33
7191	3733.33
7192	3733.33
7193	0.00
7194	0.00
7195	3733.33
7196	3733.33
7197	3733.33
7198	3733.33
7199	3733.33
7200	0.00
7201	0.00
7202	0.00
7203	0.00
7204	0.00
7205	0.00
7206	3733.33
7207	3733.33
7208	3733.33
7209	3733.33
7210	0.00
7211	0.00
7212	0.00
7213	3733.33
7214	3733.33
7215	3733.33
7216	3733.33
7217	3733.33
7218	0.00
7219	0.00
7220	0.00
7221	0.00
7222	0.00
7223	0.00
7224	0.00
7225	0.00
7226	0.00
7227	3733.33
7228	3733.33
7229	3733.33
7230	3733.33
7231	0.00
7232	0.00
7233	0.00
7234	0.00
7235	3733.33
7236	3733.33
7237	3733.33
7238	0.00
7239	0.00
7240	0.00
7241	0.00
7242	0.00
7243	0.00
7244	3733.33
7245	3733.33
7246	3733.33
7247	3733.33
7248	3733.33
7249	0.00
7250	0.00
7251	0.00
7252	0.00
7253	0.00
7254	0.00
7255	3733.33
7256	3733.33
7257	3733.33
7258	3733.33
7259	3733.33
7260	3733.33
7261	0.00
7262	0.00
7263	3733.33
7264	3733.33
7265	3733.33
7266	3733.33
7267	3733.33
7268	0.00
7269	0.00
7270	3733.33
7271	3733.33
7272	3733.33
7273	3733.33
7274	0.00
7275	0.00
7276	0.00
7277	0.00
7278	0.00
7279	3733.33
7280	3733.33
7281	3733.33
7282	3733.33
7283	0.00
7284	0.00
7285	3733.33
7286	3733.33
7287	3733.33
7288	3733.33
7289	0.00
7290	0.00
7291	3733.33
7292	3733.33
7293	3733.33
7294	3733.33
7295	0.00
7296	0.00
7297	0.00
7298	0.00
7299	0.00
7300	0.00
7301	0.00
7302	3733.33
7303	3733.33
7304	3733.33
7305	3733.33
7306	3733.33
7307	0.00
7308	0.00
7309	3733.33
7310	3733.33
7311	3733.33
7312	3733.33
7313	0.00
7314	0.00
7315	3733.33
7316	3733.33
7317	3733.33
7318	3733.33
7319	3733.33
7320	0.00
7321	0.00
7322	0.00
7323	0.00
7324	0.00
7325	0.00
7326	0.00
7327	3733.33
7328	3733.33
7329	3733.33
7330	3733.33
7331	3733.33
7332	3733.33
7333	0.00
7334	0.00
7335	0.00
7336	0.00
7337	0.00
7338	0.00
7339	3733.33
7340	3733.33
7341	3733.33
7342	3733.33
7343	3733.33
7344	0.00
7345	0.00
7346	0.00
7347	0.00
7348	0.00
7349	0.00
7350	0.00
7351	3733.33
7352	3733.33
7353	3733.33
7354	3733.33
7355	3733.33
7356	0.00
7357	0.00
7358	0.00
7359	0.00
7360	0.00
7361	3733.33
7362	3733.33
7363	3733.33
7364	3733.33
7365	3733.33
7366	0.00
7367	0.00
7368	0.00
7369	0.00
7370	0.00
7371	0.00
7372	0.00
7373	0.00
7374	0.00
7375	3733.33
7376	3733.33
7377	3733.33
7378	3733.33
7379	3733.33
7380	3733.33
7381	0.00
7382	0.00
7383	0.00
7384	0.00
7385	3733.33
7386	3733.33
7387	3733.33
7388	3733.33
7389	3733.33
7390	0.00
7391	0.00
7392	0.00
7393	0.00
7394	0.00
7395	0.00
7396	0.00
7397	0.00
7398	3733.33
7399	3733.33
7400	3733.33
7401	3733.33
7402	0.00
7403	0.00
7404	0.00
7405	0.00
7406	0.00
7407	0.00
7408	0.00
7409	3733.33
7410	3733.33
7411	3733.33
7412	3733.33
7413	3733.33
7414	0.00
7415	0.00
7416	0.00
7417	0.00
7418	0.00
7419	0.00
7420	0.00
7421	0.00
7422	3733.33
7423	3733.33
7424	3733.33
7425	3733.33
7426	3733.33
7427	0.00
7428	0.00
7429	3733.33
7430	3733.33
7431	3733.33
7432	3733.33
7433	3733.33
7434	3733.33
7435	0.00
7436	0.00
7437	0.00
7438	0.00
7439	3733.33
7440	3733.33
7441	3733.33
7442	0.00
7443	0.00
7444	0.00
7445	0.00
7446	0.00
7447	3733.33
7448	3733.33
7449	3733.33
7450	3733.33
7451	3733.33
7452	0.00
7453	0.00
7454	3733.33
7455	3733.33
7456	3733.33
7457	3733.33
7458	3733.33
7459	0.00
7460	0.00
7461	3733.33
7462	3733.33
7463	3733.33
7464	3733.33
7465	0.00
7466	0.00
7467	0.00
7468	0.00
7469	0.00
7470	0.00
7471	3733.33
7472	3733.33
7473	3733.33
7474	3733.33
7475	3733.33
7476	0.00
7477	0.00
7478	0.00
7479	0.00
7480	0.00
7481	3733.33
7482	3733.33
7483	3733.33
7484	3733.33
7485	3733.33
7486	3733.33
7487	0.00
7488	0.00
7489	0.00
7490	0.00
7491	0.00
7492	0.00
7493	0.00
7494	0.00
7495	3733.33
7496	3733.33
7497	3733.33
7498	3733.33
7499	0.00
7500	0.00
7501	0.00
7502	0.00
7503	3733.33
7504	3733.33
7505	3733.33
7506	3733.33
7507	3733.33
7508	3733.33
7509	3733.33
7510	0.00
7511	0.00
7512	0.00
7513	0.00
7514	0.00
7515	0.00
7516	0.00
7517	0.00
7518	3733.33
7519	3733.33
7520	3733.33
7521	3733.33
7522	0.00
7523	0.00
7524	3733.33
7525	3733.33
7526	3733.33
7527	3733.33
7528	3733.33
7529	0.00
7530	0.00
7531	0.00
7532	0.00
7533	3733.33
7534	3733.33
7535	3733.33
7536	3733.33
7537	0.00
7538	0.00
7539	0.00
7540	0.00
7541	0.00
7542	0.00
7543	3733.33
7544	3733.33
7545	3733.33
7546	3733.33
7547	3733.33
7548	0.00
7549	0.00
7550	0.00
7551	0.00
7552	0.00
7553	0.00
7554	3733.33
7555	3733.33
7556	3733.33
7557	3733.33
7558	0.00
7559	0.00
7560	0.00
7561	0.00
7562	0.00
7563	0.00
7564	0.00
7565	0.00
7566	3733.33
7567	3733.33
7568	3733.33
7569	3733.33
7570	3733.33
7571	3733.33
7572	0.00
7573	0.00
7574	0.00
7575	0.00
7576	0.00
7577	0.00
7578	0.00
7579	0.00
7580	3733.33
7581	3733.33
7582	3733.33
7583	3733.33
7584	3733.33
7585	0.00
7586	0.00
7587	0.00
7588	0.00
7589	0.00
7590	0.00
7591	3733.33
7592	3733.33
7593	3733.33
7594	3733.33
7595	3733.33
7596	0.00
7597	0.00
7598	0.00
7599	0.00
7600	3733.33
7601	3733.33
7602	3733.33
7603	3733.33
7604	3733.33
7605	3733.33
7606	3733.33
7607	0.00
7608	0.00
7609	0.00
7610	0.00
7611	0.00
7612	0.00
7613	0.00
7614	3733.33
7615	3733.33
7616	3733.33
7617	3733.33
7618	0.00
7619	0.00
7620	3733.33
7621	3733.33
7622	3733.33
7623	3733.33
7624	0.00
7625	0.00
7626	3733.33
7627	3733.33
7628	3733.33
7629	3733.33
7630	3733.33
7631	3733.33
7632	0.00
7633	0.00
7634	0.00
7635	0.00
7636	0.00
7637	0.00
7638	3733.33
7639	3733.33
7640	3733.33
7641	3733.33
7642	0.00
7643	0.00
7644	3733.33
7645	3733.33
7646	3733.33
7647	3733.33
7648	3733.33
7649	3733.33
7650	3733.33
7651	0.00
7652	0.00
7653	0.00
7654	3733.33
7655	3733.33
7656	3733.33
7657	3733.33
7658	0.00
7659	0.00
7660	0.00
7661	0.00
7662	0.00
7663	0.00
7664	3733.33
7665	3733.33
7666	3733.33
7667	3733.33
7668	3733.33
7669	0.00
7670	0.00
7671	0.00
7672	0.00
7673	0.00
7674	0.00
7675	0.00
7676	3733.33
7677	3733.33
7678	3733.33
7679	3733.33
7680	3733.33
7681	0.00
7682	0.00
7683	0.00
7684	0.00
7685	0.00
7686	0.00
7687	0.00
7688	3733.33
7689	3733.33
7690	3733.33
7691	3733.33
7692	3733.33
7693	0.00
7694	0.00
7695	0.00
7696	0.00
7697	0.00
7698	3733.33
7699	3733.33
7700	3733.33
7701	3733.33
7702	0.00
7703	0.00
7704	3733.33
7705	3733.33
7706	3733.33
7707	0.00
7708	0.00
7709	0.00
7710	0.00
7711	3733.33
7712	3733.33
7713	3733.33
7714	3733.33
7715	3733.33
7716	0.00
7717	0.00
7718	3733.33
7719	3733.33
7720	3733.33
7721	3733.33
7722	3733.33
7723	0.00
7724	0.00
7725	3733.33
7726	3733.33
7727	3733.33
7728	3733.33
7729	0.00
7730	0.00
7731	3733.33
7732	3733.33
7733	3733.33
7734	3733.33
7735	3733.33
7736	0.00
7737	0.00
7738	3733.33
7739	3733.33
7740	3733.33
7741	3733.33
7742	3733.33
7743	0.00
7744	0.00
7745	3733.33
7746	3733.33
7747	3733.33
7748	3733.33
7749	3733.33
7750	3733.33
7751	0.00
7752	0.00
7753	3733.33
7754	3733.33
7755	3733.33
7756	3733.33
7757	3733.33
7758	0.00
7759	0.00
7760	3733.33
7761	3733.33
7762	3733.33
7763	3733.33
7764	3733.33
7765	3733.33
7766	0.00
7767	0.00
7768	3733.33
7769	3733.33
7770	3733.33
7771	3733.33
7772	3733.33
7773	3733.33
7774	3733.33
7775	0.00
7776	0.00
7777	3733.33
7778	3733.33
7779	3733.33
7780	0.00
7781	0.00
7782	0.00
7783	3733.33
7784	3733.33
7785	3733.33
7786	3733.33
7787	3733.33
7788	3733.33
7789	3733.33
7790	0.00
7791	0.00
7792	3733.33
7793	3733.33
7794	3733.33
7795	3733.33
7796	3733.33
7797	0.00
7798	0.00
7799	3733.33
7800	3733.33
7801	3733.33
7802	3733.33
7803	3733.33
7804	3733.33
7805	3733.33
7806	0.00
7807	0.00
7808	3733.33
7809	3733.33
7810	3733.33
7811	3733.33
7812	0.00
7813	0.00
7814	3733.33
7815	3733.33
7816	3733.33
7817	3733.33
7818	3733.33
7819	3733.33
7820	0.00
7821	0.00
7822	3733.33
7823	3733.33
7824	3733.33
7825	3733.33
7826	0.00
7827	0.00
7828	3733.33
7829	3733.33
7830	3733.33
7831	3733.33
7832	3733.33
7833	0.00
7834	0.00
7835	3733.33
7836	3733.33
7837	3733.33
7838	3733.33
7839	3733.33
7840	0.00
7841	0.00
7842	3733.33
7843	3733.33
7844	3733.33
7845	3733.33
7846	0.00
7847	0.00
7848	3733.33
7849	3733.33
7850	3733.33
7851	3733.33
7852	0.00
7853	0.00
7854	3733.33
7855	3733.33
7856	3733.33
7857	3733.33
7858	3733.33
7859	0.00
7860	0.00
7861	3733.33
7862	3733.33
7863	3733.33
7864	3733.33
7865	3733.33
7866	0.00
7867	0.00
7868	3733.33
7869	3733.33
7870	3733.33
7871	3733.33
7872	0.00
7873	0.00
7874	3733.33
7875	3733.33
7876	3733.33
7877	3733.33
7878	0.00
7879	0.00
7880	3733.33
7881	3733.33
7882	3733.33
7883	3733.33
7884	0.00
7885	0.00
7886	3733.33
7887	3733.33
7888	3733.33
7889	3733.33
7890	3733.33
7891	3733.33
7892	3733.33
7893	0.00
7894	0.00
7895	3733.33
7896	3733.33
7897	3733.33
7898	3733.33
7899	3733.33
7900	3733.33
7901	0.00
7902	0.00
7903	3733.33
7904	3733.33
7905	3733.33
7906	3733.33
7907	3733.33
7908	3733.33
7909	0.00
7910	0.00
7911	3733.33
7912	3733.33
7913	3733.33
7914	3733.33
7915	3733.33
7916	0.00
7917	0.00
7918	3733.33
7919	3733.33
7920	3733.33
7921	3733.33
7922	3733.33
7923	3733.33
7924	0.00
7925	0.00
7926	3733.33
7927	3733.33
7928	3733.33
7929	3733.33
7930	3733.33
7931	0.00
7932	0.00
7933	3733.33
7934	3733.33
7935	3733.33
7936	3733.33
7937	3733.33
7938	0.00
7939	0.00
7940	3733.33
7941	3733.33
7942	3733.33
7943	3733.33
7944	3733.33
7945	3733.33
7946	0.00
7947	0.00
7948	3733.33
7949	3733.33
7950	3733.33
7951	3733.33
7952	0.00
7953	0.00
7954	3733.33
7955	3733.33
7956	3733.33
7957	3733.33
7958	3733.33
7959	0.00
7960	0.00
7961	3733.33
7962	3733.33
7963	3733.33
7964	3733.33
7965	3733.33
7966	3733.33
7967	3733.33
7968	0.00
7969	0.00
7970	3733.33
7971	3733.33
7972	3733.33
7973	3733.33
7974	3733.33
7975	3733.33
7976	0.00
7977	0.00
7978	3733.33
7979	3733.33
7980	3733.33
7981	3733.33
7982	3733.33
7983	0.00
7984	0.00
7985	3733.33
7986	3733.33
7987	3733.33
7988	3733.33
7989	3733.33
7990	3733.33
7991	0.00
7992	0.00
7993	3733.33
7994	3733.33
7995	3733.33
7996	3733.33
7997	3733.33
7998	0.00
7999	0.00
8000	3733.33
8001	3733.33
8002	3733.33
8003	3733.33
8004	3733.33
8005	3733.33
8006	3733.33
8007	0.00
8008	0.00
8009	3733.33
8010	3733.33
8011	3733.33
8012	3733.33
8013	3733.33
8014	0.00
8015	0.00
8016	3733.33
8017	3733.33
8018	3733.33
8019	3733.33
8020	3733.33
8021	3733.33
8022	0.00
8023	0.00
8024	3733.33
8025	3733.33
8026	3733.33
8027	3733.33
8028	3733.33
8029	3733.33
8030	3733.33
8031	0.00
8032	0.00
8033	3733.33
8034	3733.33
8035	3733.33
8036	3733.33
8037	0.00
8038	0.00
8039	3733.33
8040	3733.33
8041	3733.33
8042	3733.33
8043	0.00
8044	0.00
8045	3733.33
8046	3733.33
8047	3733.33
8048	3733.33
8049	3733.33
8050	3733.33
8051	0.00
8052	0.00
8053	3733.33
8054	3733.33
8055	3733.33
8056	3733.33
8057	3733.33
8058	3733.33
8059	3733.33
8060	0.00
8061	0.00
8062	3733.33
8063	3733.33
8064	3733.33
8065	3733.33
8066	3733.33
8067	0.00
8068	0.00
8069	3733.33
8070	3733.33
8071	3733.33
8072	3733.33
8073	0.00
8074	0.00
8075	3733.33
8076	3733.33
8077	3733.33
8078	3733.33
8079	3733.33
8080	0.00
8081	0.00
8082	3733.33
8083	3733.33
8084	3733.33
8085	3733.33
8086	3733.33
8087	0.00
8088	0.00
8089	3733.33
8090	3733.33
8091	3733.33
8092	3733.33
8093	3733.33
8094	3733.33
8095	0.00
8096	0.00
8097	3733.33
8098	3733.33
8099	3733.33
8100	3733.33
8101	0.00
8102	0.00
8103	3733.33
8104	3733.33
8105	3733.33
8106	3733.33
8107	3733.33
8108	0.00
8109	0.00
8110	3733.33
8111	3733.33
8112	3733.33
8113	3733.33
8114	3733.33
8115	3733.33
8116	0.00
8117	0.00
8118	3733.33
8119	3733.33
8120	3733.33
8121	3733.33
8122	3733.33
8123	0.00
8124	0.00
8125	3733.33
8126	3733.33
8127	3733.33
8128	3733.33
8129	3733.33
8130	3733.33
8131	0.00
8132	0.00
8133	3733.33
8134	3733.33
8135	3733.33
8136	3733.33
8137	3733.33
8138	3733.33
8139	0.00
8140	0.00
8141	0.00
8142	3733.33
8143	3733.33
8144	3733.33
8145	3733.33
8146	3733.33
8147	3733.33
8148	0.00
8149	0.00
8150	3733.33
8151	3733.33
8152	3733.33
8153	3733.33
8154	3733.33
8155	0.00
8156	0.00
8157	0.00
8158	3733.33
8159	3733.33
8160	3733.33
8161	3733.33
8162	0.00
8163	0.00
8164	0.00
8165	0.00
8166	0.00
8167	0.00
8168	3733.33
8169	3733.33
8170	3733.33
8171	3733.33
8172	3733.33
8173	0.00
8174	0.00
8175	0.00
8176	0.00
8177	0.00
8178	0.00
8179	3733.33
8180	3733.33
8181	3733.33
8182	3733.33
8183	3733.33
8184	0.00
8185	0.00
8186	0.00
8187	0.00
8188	0.00
8189	0.00
8190	0.00
8191	3733.33
8192	3733.33
8193	3733.33
8194	3733.33
8195	0.00
8196	0.00
8197	3733.33
8198	3733.33
8199	3733.33
8200	3733.33
8201	3733.33
8202	0.00
8203	0.00
8204	3733.33
8205	3733.33
8206	3733.33
8207	3733.33
8208	3733.33
8209	3733.33
8210	3733.33
8211	0.00
8212	0.00
8213	0.00
8214	0.00
8215	3733.33
8216	3733.33
8217	3733.33
8218	3733.33
8219	3733.33
8220	0.00
8221	0.00
8222	3733.33
8223	3733.33
8224	3733.33
8225	3733.33
8226	3733.33
8227	3733.33
8228	0.00
8229	0.00
8230	3733.33
8231	3733.33
8232	3733.33
8233	3733.33
8234	0.00
8235	0.00
8236	3733.33
8237	3733.33
8238	3733.33
8239	3733.33
8240	3733.33
8241	0.00
8242	0.00
8243	3733.33
8244	3733.33
8245	3733.33
8246	3733.33
8247	3733.33
8248	3733.33
8249	0.00
8250	0.00
8251	3733.33
8252	3733.33
8253	3733.33
8254	3733.33
8255	3733.33
8256	0.00
8257	0.00
8258	3733.33
8259	3733.33
8260	3733.33
8261	3733.33
8262	3733.33
8263	3733.33
8264	0.00
8265	0.00
8266	3733.33
8267	3733.33
8268	3733.33
8269	3733.33
8270	0.00
8271	0.00
8272	3733.33
8273	3733.33
8274	3733.33
8275	3733.33
8276	3733.33
8277	3733.33
8278	0.00
8279	0.00
8280	3733.33
8281	3733.33
8282	3733.33
8283	3733.33
8284	3733.33
8285	0.00
8286	0.00
8287	3733.33
8288	3733.33
8289	3733.33
8290	3733.33
8291	0.00
8292	0.00
8293	3733.33
8294	3733.33
8295	3733.33
8296	3733.33
8297	3733.33
8298	3733.33
8299	3733.33
8300	0.00
8301	0.00
8302	3733.33
8303	3733.33
8304	3733.33
8305	3733.33
8306	0.00
8307	0.00
8308	3733.33
8309	3733.33
8310	3733.33
8311	3733.33
8312	0.00
8313	0.00
8314	3733.33
8315	3733.33
8316	3733.33
8317	3733.33
8318	0.00
8319	0.00
8320	3733.33
8321	3733.33
8322	3733.33
8323	3733.33
8324	3733.33
8325	3733.33
8326	3733.33
8327	0.00
8328	0.00
8329	3733.33
8330	3733.33
8331	3733.33
8332	3733.33
8333	3733.33
8334	3733.33
8335	0.00
8336	0.00
8337	3733.33
8338	3733.33
8339	3733.33
8340	3733.33
8341	3733.33
8342	3733.33
8343	0.00
8344	0.00
8345	3733.33
8346	3733.33
8347	3733.33
8348	3733.33
8349	3733.33
8350	0.00
8351	0.00
8352	3733.33
8353	3733.33
8354	3733.33
8355	3733.33
8356	3733.33
8357	0.00
8358	0.00
8359	3733.33
8360	3733.33
8361	3733.33
8362	3733.33
8363	3733.33
8364	0.00
8365	0.00
8366	3733.33
8367	3733.33
8368	3733.33
8369	3733.33
8370	3733.33
8371	3733.33
8372	0.00
8373	0.00
8374	3733.33
8375	3733.33
8376	3733.33
8377	3733.33
8378	0.00
8379	0.00
8380	3733.33
8381	3733.33
8382	3733.33
8383	3733.33
8384	0.00
8385	0.00
8386	3733.33
8387	3733.33
8388	3733.33
8389	3733.33
8390	3733.33
8391	3733.33
8392	0.00
8393	0.00
8394	3733.33
8395	3733.33
8396	3733.33
8397	3733.33
8398	3733.33
8399	3733.33
8400	3733.33
8401	0.00
8402	0.00
8403	3733.33
8404	3733.33
8405	3733.33
8406	3733.33
8407	3733.33
8408	3733.33
8409	0.00
8410	0.00
8411	3733.33
8412	3733.33
8413	3733.33
8414	3733.33
8415	3733.33
8416	3733.33
8417	3733.33
8418	0.00
8419	0.00
8420	3733.33
8421	3733.33
8422	3733.33
8423	3733.33
8424	3733.33
8425	0.00
8426	0.00
8427	3733.33
8428	3733.33
8429	3733.33
8430	3733.33
8431	3733.33
8432	3733.33
8433	0.00
8434	0.00
8435	3733.33
8436	3733.33
8437	3733.33
8438	3733.33
8439	3733.33
8440	0.00
8441	0.00
8442	3733.33
8443	3733.33
8444	3733.33
8445	3733.33
8446	3733.33
8447	0.00
8448	0.00
8449	3733.33
8450	3733.33
8451	3733.33
8452	3733.33
8453	3733.33
8454	0.00
8455	0.00
8456	3733.33
8457	3733.33
8458	3733.33
8459	3733.33
8460	3733.33
8461	3733.33
8462	3733.33
8463	0.00
8464	0.00
8465	3733.33
8466	3733.33
8467	3733.33
8468	3733.33
8469	3733.33
8470	3733.33
8471	3733.33
8472	0.00
8473	0.00
8474	3733.33
8475	3733.33
8476	3733.33
8477	3733.33
8478	0.00
8479	0.00
8480	3733.33
8481	3733.33
8482	3733.33
8483	3733.33
8484	3733.33
8485	3733.33
8486	3733.33
8487	0.00
8488	0.00
8489	3733.33
8490	3733.33
8491	3733.33
8492	3733.33
8493	3733.33
8494	3733.33
8495	0.00
8496	0.00
8497	3733.33
8498	3733.33
8499	3733.33
8500	3733.33
8501	3733.33
8502	3733.33
8503	0.00
8504	0.00
8505	3733.33
8506	3733.33
8507	3733.33
8508	3733.33
8509	3733.33
8510	0.00
8511	0.00
8512	3733.33
8513	3733.33
8514	3733.33
8515	3733.33
8516	0.00
8517	0.00
8518	3733.33
8519	3733.33
8520	3733.33
8521	3733.33
8522	3733.33
8523	0.00
8524	0.00
8525	3733.33
8526	3733.33
8527	3733.33
8528	3733.33
8529	3733.33
8530	3733.33
8531	3733.33
8532	0.00
8533	0.00
8534	3733.33
8535	3733.33
8536	3733.33
8537	3733.33
8538	3733.33
8539	0.00
8540	0.00
8541	3733.33
8542	3733.33
8543	3733.33
8544	3733.33
8545	0.00
8546	0.00
8547	3733.33
8548	3733.33
8549	3733.33
8550	3733.33
8551	3733.33
8552	0.00
8553	0.00
8554	3733.33
8555	3733.33
8556	3733.33
8557	3733.33
8558	3733.33
8559	0.00
8560	0.00
8561	3733.33
8562	3733.33
8563	3733.33
8564	3733.33
8565	3733.33
8566	3733.33
8567	0.00
8568	0.00
8569	3733.33
8570	3733.33
8571	3733.33
8572	3733.33
8573	3733.33
8574	0.00
8575	0.00
8576	3733.33
8577	3733.33
8578	3733.33
8579	3733.33
8580	3733.33
8581	0.00
8582	0.00
8583	3733.33
8584	3733.33
8585	3733.33
8586	3733.33
8587	3733.33
8588	3733.33
8589	0.00
8590	0.00
8591	3733.33
8592	3733.33
8593	3733.33
8594	3733.33
8595	0.00
8596	0.00
8597	3733.33
8598	3733.33
8599	3733.33
8600	3733.33
8601	3733.33
8602	0.00
8603	0.00
8604	3733.33
8605	3733.33
8606	3733.33
8607	3733.33
8608	3733.33
8609	3733.33
8610	0.00
8611	0.00
8612	3733.33
8613	3733.33
8614	3733.33
8615	3733.33
8616	3733.33
8617	0.00
8618	0.00
8619	3733.33
8620	3733.33
8621	3733.33
8622	3733.33
8623	3733.33
8624	0.00
8625	0.00
8626	3733.33
8627	3733.33
8628	3733.33
8629	3733.33
8630	0.00
8631	0.00
8632	3733.33
8633	3733.33
8634	3733.33
8635	3733.33
8636	3733.33
8637	3733.33
8638	3733.33
8639	0.00
8640	0.00
8641	3733.33
8642	3733.33
8643	3733.33
8644	3733.33
8645	3733.33
8646	3733.33
8647	0.00
8648	0.00
8649	3733.33
8650	3733.33
8651	3733.33
8652	3733.33
8653	3733.33
8654	0.00
8655	0.00
8656	3733.33
8657	3733.33
8658	3733.33
8659	3733.33
8660	0.00
8661	0.00
8662	3733.33
8663	3733.33
8664	3733.33
8665	3733.33
8666	0.00
8667	0.00
8668	3733.33
8669	3733.33
8670	3733.33
8671	3733.33
8672	3733.33
8673	0.00
8674	0.00
8675	3733.33
8676	3733.33
8677	3733.33
8678	3733.33
8679	3733.33
8680	0.00
8681	0.00
8682	3733.33
8683	3733.33
8684	3733.33
8685	3733.33
8686	3733.33
8687	0.00
8688	0.00
8689	3733.33
8690	3733.33
8691	3733.33
8692	3733.33
8693	3733.33
8694	0.00
8695	0.00
8696	3733.33
8697	3733.33
8698	3733.33
8699	3733.33
8700	0.00
8701	0.00
8702	3733.33
8703	3733.33
8704	3733.33
8705	3733.33
8706	3733.33
8707	3733.33
8708	0.00
8709	0.00
8710	3733.33
8711	3733.33
8712	3733.33
8713	3733.33
8714	3733.33
8715	0.00
8716	0.00
8717	3733.33
8718	3733.33
8719	3733.33
8720	3733.33
8721	0.00
8722	0.00
8723	3733.33
8724	3733.33
8725	3733.33
8726	3733.33
8727	0.00
8728	0.00
8729	3733.33
8730	3733.33
8731	3733.33
8732	3733.33
8733	3733.33
8734	3733.33
8735	0.00
8736	0.00
8737	3733.33
8738	3733.33
8739	3733.33
8740	3733.33
8741	3733.33
8742	0.00
8743	0.00
8744	3733.33
8745	3733.33
8746	3733.33
8747	3733.33
8748	0.00
8749	0.00
8750	3733.33
8751	3733.33
8752	3733.33
8753	3733.33
8754	3733.33
8755	0.00
8756	0.00
8757	3733.33
8758	3733.33
8760	3733.33
