time [h]	EFH_14 [W]
0	179.60
1	208.00
2	223.90
3	233.60
4	242.10
5	7121.90
6	5918.50
7	4544.20
8	4318.00
9	3987.70
10	3710.50
11	3438.00
12	2942.20
13	3118.40
14	3263.30
15	3376.50
16	3378.00
17	3323.30
18	3040.80
19	2795.30
20	3358.20
21	2625.20
22	2782.70
23	150.00
24	166.90
25	175.80
26	180.20
27	185.70
28	191.80
29	6463.30
30	4921.70
31	3822.40
32	3636.50
33	3390.80
34	3152.40
35	2925.80
36	2371.60
37	2214.20
38	2384.90
39	2672.80
40	2761.30
41	2777.50
42	2569.20
43	2338.70
44	2919.00
45	3022.60
46	2971.00
47	115.90
48	136.90
49	147.40
50	152.10
51	156.20
52	162.30
53	5747.10
54	4257.60
55	3312.60
56	3144.50
57	2609.60
58	2170.80
59	1857.80
60	1376.00
61	1611.00
62	1887.30
63	2236.00
64	2528.70
65	2662.60
66	2544.50
67	2392.00
68	3015.80
69	2281.80
70	2356.20
71	131.80
72	154.20
73	169.10
74	178.70
75	181.70
76	183.10
77	6191.20
78	4637.00
79	3601.70
80	3401.80
81	2531.50
82	2289.70
83	2138.90
84	2316.90
85	2398.70
86	2514.70
87	2667.20
88	2697.80
89	2665.50
90	2427.90
91	2195.50
92	2786.20
93	2894.60
94	2848.60
95	111.20
96	130.00
97	141.80
98	148.40
99	154.20
100	160.60
101	5563.60
102	4026.60
103	3095.10
104	3002.90
105	2854.70
106	2652.90
107	2546.20
108	2484.40
109	2512.50
110	2591.70
111	2674.80
112	2640.20
113	2526.10
114	2250.80
115	2004.00
116	2602.20
117	1838.80
118	1838.60
119	84.30
120	105.70
121	113.80
122	120.20
123	126.50
124	130.10
125	4767.90
126	3474.70
127	2676.90
128	2558.60
129	1754.30
130	1039.40
131	1058.90
132	1045.50
133	1091.00
134	1302.40
135	1665.30
136	2166.10
137	2201.10
138	2195.20
139	1920.70
140	2576.20
141	1855.80
142	1918.20
143	99.70
144	121.60
145	136.20
146	149.40
147	157.50
148	162.10
149	5546.20
150	4079.10
151	3262.50
152	3040.30
153	1682.50
154	931.30
155	775.10
156	938.20
157	999.90
158	1302.30
159	1654.90
160	1956.20
161	2038.70
162	1983.00
163	1976.40
164	2650.20
165	1922.70
166	2000.30
167	110.20
168	133.20
169	147.70
170	160.30
171	171.60
172	180.00
173	5986.60
174	4498.50
175	3561.30
176	3469.70
177	3264.90
178	2977.80
179	2236.60
180	1111.30
181	1058.20
182	1191.50
183	1938.40
184	2502.00
185	2674.40
186	2562.20
187	2482.70
188	3143.70
189	2433.80
190	2557.30
191	147.60
192	164.40
193	176.40
194	184.00
195	189.50
196	194.40
197	6325.40
198	4778.40
199	3696.90
200	3467.70
201	2629.90
202	2391.20
203	2119.00
204	1590.90
205	1783.20
206	2094.50
207	2491.30
208	2720.10
209	2789.40
210	2597.20
211	2425.60
212	3085.00
213	2381.70
214	2512.20
215	142.60
216	163.00
217	175.30
218	185.80
219	195.60
220	203.50
221	6568.50
222	5073.90
223	3953.60
224	3798.60
225	3126.70
226	2285.80
227	2274.60
228	2622.80
229	2750.90
230	2823.80
231	2970.50
232	3056.80
233	3053.80
234	2834.40
235	2620.30
236	3225.10
237	2525.00
238	2640.20
239	146.80
240	166.60
241	178.90
242	187.70
243	196.20
244	201.00
245	6558.10
246	5061.90
247	3922.90
248	3766.00
249	3564.90
250	3292.00
251	3068.60
252	2942.80
253	2878.40
254	2715.50
255	2879.60
256	3159.70
257	3283.80
258	3106.80
259	2954.60
260	3611.40
261	2929.60
262	3082.90
263	181.10
264	205.00
265	220.40
266	233.20
267	239.90
268	255.20
269	7197.20
270	6128.50
271	4739.60
272	4483.30
273	3765.80
274	3251.50
275	2919.60
276	2555.70
277	1550.60
278	1344.50
279	2279.60
280	3084.90
281	3324.90
282	3142.70
283	2963.20
284	3575.80
285	2820.90
286	2938.90
287	171.00
288	191.20
289	205.30
290	217.10
291	226.50
292	233.80
293	7048.70
294	5944.60
295	4801.30
296	4469.40
297	2337.30
298	1518.80
299	1292.90
300	1011.20
301	1022.70
302	1039.70
303	1740.80
304	2805.30
305	3063.70
306	3105.70
307	2897.40
308	3564.60
309	2865.90
310	3012.20
311	189.60
312	210.40
313	225.60
314	242.20
315	255.20
316	311.20
317	7259.60
318	6533.50
319	5289.70
320	4955.00
321	3321.50
322	2052.70
323	1472.70
324	1161.60
325	1142.50
326	1220.80
327	1781.00
328	2658.20
329	2961.70
330	3069.70
331	3160.10
332	3741.90
333	3031.80
334	3199.00
335	200.20
336	222.60
337	235.70
338	244.40
339	252.00
340	285.60
341	7202.30
342	6307.10
343	4915.30
344	4508.80
345	2560.70
346	1619.20
347	1416.20
348	1306.80
349	1136.30
350	1110.80
351	1831.30
352	2779.00
353	3089.30
354	2990.90
355	2881.90
356	3514.80
357	2838.30
358	2993.30
359	183.10
360	194.90
361	199.70
362	204.30
363	211.00
364	217.10
365	6704.80
366	5285.20
367	4117.10
368	3992.30
369	3782.50
370	3557.60
371	3336.50
372	3175.60
373	3110.20
374	3140.70
375	3222.10
376	3243.00
377	3182.10
378	2875.60
379	2589.20
380	3191.40
381	2463.60
382	2491.20
383	126.90
384	143.70
385	154.20
386	164.50
387	173.20
388	176.30
389	6008.00
390	4486.70
391	3487.90
392	3327.50
393	3086.80
394	2761.40
395	2120.30
396	1862.20
397	1886.90
398	2114.10
399	2523.00
400	2646.70
401	2644.60
402	2412.40
403	2193.30
404	2811.30
405	2058.90
406	2087.60
407	108.70
408	131.90
409	144.60
410	152.20
411	158.80
412	167.60
413	5735.40
414	4243.90
415	3276.50
416	3092.80
417	2519.30
418	2025.20
419	1393.70
420	1206.10
421	1955.60
422	2049.40
423	2185.70
424	2551.10
425	2699.90
426	2533.10
427	2387.10
428	3047.60
429	2329.40
430	2421.10
431	138.00
432	157.70
433	171.10
434	181.20
435	187.40
436	192.30
437	6341.00
438	4837.50
439	3806.60
440	3520.40
441	2788.00
442	1808.90
443	976.60
444	937.40
445	774.30
446	691.10
447	1262.90
448	2237.20
449	2590.80
450	2474.90
451	2351.90
452	3020.30
453	2369.40
454	2555.10
455	158.50
456	181.50
457	193.30
458	195.50
459	196.00
460	201.80
461	6458.10
462	4918.20
463	3814.30
464	3586.10
465	2719.50
466	2726.40
467	2551.50
468	1999.70
469	2145.70
470	2050.20
471	2383.10
472	2839.50
473	2840.80
474	2763.40
475	2430.30
476	3023.80
477	2321.10
478	2395.10
479	130.20
480	146.80
481	158.50
482	168.40
483	173.40
484	180.50
485	6103.30
486	4626.80
487	3645.60
488	3298.80
489	2304.10
490	2104.80
491	1861.80
492	1108.90
493	767.30
494	1628.80
495	2081.80
496	2376.00
497	2456.90
498	2415.40
499	2362.00
500	2982.80
501	2305.70
502	2420.60
503	136.90
504	156.20
505	167.00
506	176.70
507	186.90
508	193.30
509	6289.80
510	4718.80
511	3674.20
512	3605.40
513	3427.40
514	3166.70
515	2979.30
516	2873.70
517	2862.70
518	2914.80
519	2824.60
520	2938.20
521	2994.90
522	2826.20
523	2628.80
524	3207.20
525	2464.90
526	2535.60
527	137.90
528	156.20
529	167.90
530	178.50
531	187.10
532	192.90
533	6456.30
534	5022.70
535	4022.60
536	3916.90
537	3565.80
538	2889.10
539	2446.80
540	1332.30
541	1017.60
542	1059.00
543	1745.80
544	2963.30
545	3364.00
546	3229.90
547	3102.40
548	3755.20
549	3130.40
550	3358.20
551	212.20
552	237.20
553	257.30
554	272.20
555	343.60
556	448.10
557	7383.50
558	6841.40
559	5355.50
560	4742.40
561	3009.40
562	2241.00
563	1895.90
564	2047.70
565	1483.50
566	1738.90
567	2487.20
568	3270.70
569	3585.90
570	3502.10
571	3368.80
572	3948.70
573	3272.20
574	3447.90
575	213.10
576	239.10
577	255.50
578	267.80
579	339.40
580	464.70
581	7419.60
582	7165.30
583	5879.90
584	5034.30
585	2994.70
586	1983.90
587	1656.00
588	1504.90
589	1294.80
590	1136.70
591	1634.10
592	2892.60
593	3329.50
594	3275.50
595	3246.90
596	3869.60
597	3247.60
598	3501.10
599	225.10
600	248.00
601	263.40
602	276.00
603	325.30
604	417.90
605	7358.30
606	6849.40
607	5427.90
608	5114.70
609	4713.70
610	3890.10
611	3442.70
612	3187.00
613	3035.80
614	3107.90
615	3437.60
616	3696.10
617	3670.70
618	3404.00
619	3164.20
620	3697.10
621	2952.70
622	3123.20
623	174.50
624	187.00
625	197.70
626	208.50
627	219.20
628	226.60
629	6960.40
630	5715.60
631	4509.10
632	4266.50
633	3644.70
634	3381.50
635	3145.50
636	2962.00
637	2938.10
638	3051.80
639	3190.00
640	3567.70
641	3597.40
642	3546.20
643	3227.30
644	3802.00
645	3106.70
646	3245.40
647	186.70
648	211.20
649	229.90
650	242.60
651	251.20
652	313.50
653	7270.60
654	6406.60
655	5110.80
656	4516.00
657	2964.00
658	2576.30
659	2682.40
660	2454.50
661	2534.80
662	3053.00
663	3096.70
664	3183.70
665	3145.70
666	3045.80
667	2972.20
668	3493.60
669	2704.80
670	2810.80
671	156.40
672	173.30
673	184.10
674	190.50
675	195.30
676	200.80
677	6507.30
678	4986.40
679	3937.70
680	3776.70
681	3507.80
682	3147.00
683	2471.40
684	2577.10
685	2630.10
686	2593.50
687	2460.60
688	2625.70
689	2619.40
690	2323.00
691	2104.30
692	2735.20
693	1997.60
694	2035.60
695	96.50
696	118.90
697	136.90
698	149.50
699	161.20
700	169.50
701	5774.20
702	4285.40
703	3335.40
704	2820.30
705	1689.90
706	885.80
707	637.60
708	609.10
709	950.40
710	1317.50
711	1715.50
712	2169.80
713	2345.20
714	2174.60
715	2000.80
716	2609.40
717	1799.00
718	1693.90
719	79.40
720	100.00
721	110.00
722	118.50
723	124.90
724	129.40
725	4595.00
726	3418.40
727	2608.00
728	2315.50
729	2109.40
730	1425.40
731	1112.20
732	1396.70
733	1221.90
734	1598.30
735	1876.70
736	2080.80
737	2130.50
738	1914.10
739	1877.10
740	2674.00
741	2021.90
742	2126.60
743	122.00
744	138.00
745	149.70
746	165.60
747	176.10
748	182.90
749	6011.00
750	4493.50
751	3531.10
752	2943.20
753	1639.80
754	1206.70
755	774.10
756	642.10
757	572.40
758	630.70
759	1413.70
760	2120.30
761	2313.10
762	2201.10
763	2071.60
764	2731.10
765	2036.40
766	2162.20
767	129.50
768	147.40
769	158.40
770	166.50
771	175.40
772	182.00
773	5898.50
774	4347.20
775	3343.40
776	3145.80
777	2877.20
778	2498.20
779	1752.90
780	1446.40
781	1474.80
782	1977.10
783	2155.80
784	2477.50
785	2576.10
786	2380.10
787	2188.20
788	2808.60
789	2063.20
790	2106.00
791	114.60
792	136.50
793	149.10
794	156.40
795	161.30
796	169.70
797	5799.70
798	4334.70
799	3404.80
800	2946.40
801	1945.50
802	1567.50
803	1736.60
804	1206.00
805	664.10
806	626.50
807	1018.40
808	2132.80
809	2358.40
810	2371.00
811	2085.50
812	2710.00
813	1979.30
814	2046.10
815	115.00
816	140.70
817	155.00
818	162.60
819	169.40
820	176.50
821	6018.40
822	4553.90
823	3628.80
824	3394.60
825	2970.50
826	2109.30
827	1711.60
828	1800.90
829	1553.50
830	1505.30
831	1392.50
832	2026.10
833	2317.50
834	2377.00
835	2398.20
836	3068.20
837	2380.20
838	2556.50
839	151.30
840	173.80
841	188.20
842	199.60
843	209.00
844	219.40
845	6829.10
846	5507.50
847	4311.30
848	3364.80
849	1674.70
850	1034.80
851	872.90
852	752.10
853	628.20
854	505.70
855	769.70
856	1691.60
857	2390.80
858	2441.90
859	2367.40
860	3049.50
861	2381.70
862	2582.00
863	170.80
864	194.20
865	209.10
866	217.00
867	226.20
868	236.00
869	6903.20
870	5709.90
871	4542.50
872	3469.20
873	1489.60
874	1096.50
875	1040.40
876	910.30
877	738.10
878	526.60
879	686.50
880	1416.60
881	2045.20
882	2175.80
883	2154.10
884	2846.90
885	2258.20
886	2517.10
887	176.40
888	197.80
889	211.90
890	221.80
891	233.50
892	247.10
893	6904.20
894	5780.80
895	4598.30
896	3482.40
897	1473.70
898	1112.70
899	1043.60
900	956.70
901	772.30
902	534.70
903	681.80
904	1317.30
905	1888.40
906	2084.60
907	2123.10
908	2881.40
909	2274.70
910	2548.30
911	183.90
912	206.00
913	217.60
914	223.90
915	235.30
916	242.70
917	6757.10
918	5416.80
919	4206.90
920	3553.90
921	2112.50
922	1337.10
923	1139.80
924	1169.90
925	1002.20
926	926.90
927	1410.20
928	2523.10
929	2987.70
930	2874.70
931	2708.20
932	3317.70
933	2640.40
934	2843.00
935	180.20
936	201.00
937	212.90
938	222.70
939	232.00
940	238.90
941	6955.90
942	5752.80
943	4494.90
944	4109.30
945	3791.10
946	3466.30
947	3130.20
948	2410.80
949	2160.90
950	2240.00
951	2588.00
952	3012.90
953	3085.10
954	2837.00
955	2647.20
956	3260.60
957	2522.90
958	2630.80
959	146.70
960	166.60
961	179.00
962	187.20
963	191.70
964	194.00
965	6421.40
966	4941.20
967	3871.10
968	3543.40
969	2935.80
970	2641.40
971	2395.90
972	2209.90
973	2102.40
974	2154.60
975	2299.40
976	2734.40
977	2774.30
978	2724.90
979	2407.10
980	3026.40
981	2191.10
982	2140.50
983	110.00
984	130.60
985	141.90
986	150.20
987	158.50
988	167.30
989	5830.90
990	4336.10
991	3440.10
992	3159.20
993	2790.70
994	2466.50
995	2262.20
996	2016.20
997	2175.70
998	2311.00
999	2203.20
1000	2344.70
1001	2356.40
1002	2287.00
1003	2230.60
1004	2851.20
1005	2090.30
1006	2142.70
1007	113.60
1008	135.10
1009	143.80
1010	149.20
1011	153.60
1012	157.50
1013	5588.00
1014	4078.70
1015	3106.40
1016	2804.70
1017	2502.70
1018	2183.30
1019	1944.80
1020	1765.10
1021	1691.40
1022	1723.40
1023	1648.40
1024	1937.80
1025	2177.70
1026	2179.40
1027	2108.80
1028	2788.30
1029	2095.50
1030	2145.10
1031	110.10
1032	125.50
1033	132.80
1034	138.70
1035	145.80
1036	152.80
1037	5410.20
1038	4001.70
1039	3093.90
1040	2487.10
1041	1922.20
1042	1487.80
1043	1198.10
1044	1075.80
1045	1007.60
1046	681.10
1047	885.50
1048	1714.70
1049	2091.80
1050	2014.80
1051	1964.80
1052	2706.90
1053	2007.20
1054	2032.70
1055	110.60
1056	132.20
1057	147.00
1058	157.10
1059	163.00
1060	170.80
1061	5802.80
1062	4371.80
1063	3371.00
1064	2398.40
1065	1967.20
1066	1478.80
1067	642.10
1068	466.20
1069	300.70
1070	239.90
1071	325.30
1072	920.70
1073	1620.30
1074	1770.50
1075	1726.10
1076	2446.70
1077	1811.40
1078	1975.10
1079	130.70
1080	156.50
1081	170.90
1082	182.70
1083	191.80
1084	199.90
1085	6278.10
1086	4796.30
1087	3678.30
1088	1991.20
1089	911.70
1090	584.00
1091	518.00
1092	450.60
1093	241.60
1094	139.40
1095	188.30
1096	326.70
1097	658.20
1098	846.60
1099	808.70
1100	1663.50
1101	1177.90
1102	1418.90
1103	120.10
1104	147.20
1105	163.70
1106	176.70
1107	187.10
1108	195.70
1109	5730.80
1110	4341.10
1111	3304.10
1112	1654.10
1113	756.20
1114	603.90
1115	506.20
1116	372.00
1117	190.90
1118	121.60
1119	174.00
1120	301.20
1121	616.40
1122	781.70
1123	635.50
1124	1323.70
1125	791.80
1126	864.00
1127	88.80
1128	119.90
1129	136.50
1130	150.00
1131	161.90
1132	172.60
1133	4629.00
1134	3453.10
1135	2628.60
1136	1993.90
1137	1175.70
1138	868.10
1139	746.40
1140	1074.30
1141	1271.70
1142	1422.70
1143	1635.20
1144	2121.30
1145	2200.20
1146	2186.90
1147	1930.50
1148	2636.30
1149	1948.40
1150	2061.70
1151	128.30
1152	152.30
1153	167.10
1154	181.50
1155	191.80
1156	201.40
1157	6290.80
1158	4737.10
1159	3696.20
1160	3330.20
1161	2312.10
1162	1648.60
1163	1325.60
1164	1130.50
1165	1803.70
1166	2080.70
1167	1956.00
1168	2140.20
1169	2201.60
1170	2152.70
1171	2094.10
1172	2703.90
1173	1963.80
1174	2030.60
1175	108.90
1176	130.60
1177	141.50
1178	148.90
1179	155.70
1180	161.20
1181	5565.70
1182	4062.50
1183	3052.20
1184	1921.90
1185	1215.80
1186	1843.50
1187	1930.10
1188	1843.30
1189	1890.00
1190	2024.20
1191	2199.00
1192	2328.80
1193	2460.80
1194	2299.20
1195	2159.70
1196	2815.80
1197	2131.70
1198	2238.10
1199	120.30
1200	140.40
1201	151.50
1202	155.90
1203	164.20
1204	173.70
1205	5862.30
1206	4326.10
1207	3280.00
1208	2541.40
1209	1941.50
1210	1520.90
1211	1247.10
1212	1122.90
1213	1085.60
1214	1245.30
1215	1908.10
1216	2295.10
1217	2438.80
1218	2260.70
1219	2045.50
1220	2657.00
1221	1907.40
1222	1963.00
1223	105.10
1224	128.00
1225	142.50
1226	150.10
1227	154.90
1228	162.40
1229	5662.90
1230	4167.00
1231	3141.40
1232	2550.30
1233	2528.00
1234	2292.90
1235	2070.20
1236	1938.80
1237	1914.90
1238	1973.90
1239	2135.50
1240	2316.40
1241	2409.00
1242	2222.50
1243	2024.80
1244	2693.90
1245	1995.30
1246	2085.90
1247	109.90
1248	132.60
1249	145.50
1250	155.20
1251	162.10
1252	167.80
1253	5863.90
1254	4414.30
1255	3273.00
1256	2105.80
1257	1179.70
1258	731.90
1259	599.00
1260	534.50
1261	1304.20
1262	1800.90
1263	1790.20
1264	2200.80
1265	2450.90
1266	2293.50
1267	2206.50
1268	2882.90
1269	2135.40
1270	2239.30
1271	129.00
1272	149.20
1273	162.30
1274	174.30
1275	182.60
1276	186.00
1277	6110.60
1278	4640.70
1279	3550.00
1280	2344.60
1281	1182.30
1282	754.50
1283	623.50
1284	601.30
1285	595.60
1286	521.00
1287	822.00
1288	1647.50
1289	2314.50
1290	2377.60
1291	2315.40
1292	3027.90
1293	2399.80
1294	2589.40
1295	164.80
1296	190.50
1297	207.10
1298	216.90
1299	224.90
1300	234.40
1301	6914.70
1302	5636.30
1303	4309.70
1304	3549.10
1305	2535.10
1306	1505.10
1307	979.70
1308	686.90
1309	643.90
1310	480.40
1311	538.00
1312	1283.80
1313	2239.90
1314	2616.60
1315	2486.00
1316	3215.40
1317	2590.90
1318	2830.30
1319	192.90
1320	213.00
1321	225.10
1322	237.80
1323	245.20
1324	261.30
1325	7081.80
1326	6061.80
1327	4624.70
1328	3773.80
1329	2954.10
1330	2367.00
1331	1575.10
1332	1441.80
1333	1504.20
1334	1108.10
1335	1071.40
1336	1811.50
1337	2415.70
1338	2595.30
1339	2750.00
1340	3529.60
1341	2953.00
1342	3115.30
1343	180.60
1344	179.60
1345	173.90
1346	174.40
1347	178.40
1348	184.40
1349	6213.90
1350	4711.20
1351	3590.50
1352	3117.50
1353	2087.10
1354	996.10
1355	583.40
1356	507.40
1357	767.00
1358	1129.30
1359	1198.60
1360	1937.30
1361	2421.40
1362	2384.10
1363	2214.00
1364	2879.40
1365	2180.60
1366	2243.30
1367	126.90
1368	147.00
1369	164.90
1370	173.30
1371	177.70
1372	182.70
1373	6088.60
1374	4605.10
1375	3375.10
1376	2094.00
1377	974.80
1378	692.70
1379	536.80
1380	612.20
1381	722.50
1382	942.10
1383	1289.70
1384	1546.90
1385	2158.10
1386	2226.30
1387	2151.20
1388	2843.20
1389	2122.50
1390	2234.00
1391	135.00
1392	157.30
1393	170.10
1394	177.60
1395	181.70
1396	184.90
1397	6033.10
1398	4486.70
1399	3373.50
1400	3002.80
1401	2671.10
1402	2353.70
1403	2078.60
1404	1894.90
1405	1851.20
1406	1871.20
1407	2015.70
1408	2204.20
1409	2298.80
1410	2113.40
1411	1904.90
1412	2547.40
1413	1855.20
1414	1917.10
1415	93.60
1416	115.70
1417	126.80
1418	134.30
1419	140.60
1420	146.70
1421	5203.10
1422	3797.00
1423	2833.90
1424	2469.90
1425	2177.50
1426	1913.40
1427	1716.20
1428	1571.90
1429	1535.00
1430	1593.90
1431	1411.60
1432	1702.30
1433	2011.70
1434	1867.80
1435	1696.90
1436	2414.90
1437	1707.50
1438	1765.90
1439	87.80
1440	117.90
1441	133.20
1442	142.00
1443	153.20
1444	163.80
1445	5628.70
1446	4073.40
1447	2658.50
1448	1377.50
1449	901.10
1450	540.60
1451	348.00
1452	258.00
1453	171.40
1454	183.90
1455	286.30
1456	1067.40
1457	1863.20
1458	1928.70
1459	1896.10
1460	2598.20
1461	1916.30
1462	2034.90
1463	126.60
1464	146.80
1465	157.50
1466	164.10
1467	170.70
1468	172.40
1469	5648.00
1470	4185.10
1471	3047.10
1472	2131.10
1473	1175.70
1474	742.40
1475	624.40
1476	322.60
1477	222.20
1478	224.60
1479	327.30
1480	1057.00
1481	1830.00
1482	2031.60
1483	1847.60
1484	2591.70
1485	1950.90
1486	2098.90
1487	132.10
1488	156.80
1489	172.00
1490	182.90
1491	193.20
1492	203.20
1493	6391.00
1494	4909.90
1495	3518.80
1496	2591.10
1497	1714.60
1498	563.40
1499	361.90
1500	360.00
1501	616.00
1502	793.20
1503	528.90
1504	860.50
1505	1708.50
1506	1980.10
1507	2092.40
1508	2848.50
1509	2210.20
1510	2381.70
1511	148.30
1512	168.90
1513	182.90
1514	195.70
1515	206.40
1516	214.80
1517	6665.70
1518	5234.70
1519	3583.10
1520	2762.10
1521	2099.10
1522	1634.80
1523	1327.50
1524	1132.70
1525	1023.90
1526	1130.80
1527	1822.90
1528	2337.00
1529	2715.50
1530	2710.20
1531	2601.50
1532	3195.90
1533	2439.80
1534	2524.40
1535	147.20
1536	166.00
1537	174.60
1538	181.20
1539	186.30
1540	191.40
1541	6290.20
1542	4734.50
1543	3531.10
1544	3055.90
1545	2061.00
1546	1403.50
1547	651.70
1548	380.70
1549	305.40
1550	250.40
1551	541.50
1552	1301.30
1553	2020.80
1554	2059.00
1555	1957.90
1556	2707.40
1557	2067.30
1558	2250.70
1559	139.00
1560	163.10
1561	177.10
1562	185.10
1563	188.00
1564	193.90
1565	6309.70
1566	4823.50
1567	3232.30
1568	2342.70
1569	1161.80
1570	448.60
1571	367.30
1572	320.20
1573	168.70
1574	127.10
1575	197.60
1576	445.50
1577	1283.70
1578	1622.10
1579	1651.70
1580	2419.70
1581	1794.40
1582	1966.70
1583	134.20
1584	155.40
1585	168.60
1586	179.40
1587	189.60
1588	198.70
1589	6160.00
1590	4704.00
1591	2755.30
1592	1219.10
1593	661.60
1594	508.00
1595	379.30
1596	339.20
1597	222.70
1598	166.10
1599	248.40
1600	422.70
1601	937.30
1602	1228.40
1603	1278.50
1604	2084.30
1605	1521.00
1606	1741.40
1607	143.30
1608	163.90
1609	181.80
1610	193.70
1611	202.60
1612	211.60
1613	6034.40
1614	4588.40
1615	2651.20
1616	1113.80
1617	678.10
1618	553.20
1619	445.60
1620	360.80
1621	180.00
1622	87.80
1623	133.80
1624	253.20
1625	597.90
1626	893.90
1627	825.60
1628	1568.50
1629	1064.60
1630	1354.70
1631	141.00
1632	163.20
1633	177.20
1634	193.00
1635	204.40
1636	211.00
1637	5673.70
1638	4307.30
1639	2472.50
1640	1166.70
1641	579.50
1642	586.60
1643	557.30
1644	374.30
1645	246.60
1646	176.00
1647	267.80
1648	685.20
1649	1340.10
1650	1578.30
1651	1372.90
1652	2062.40
1653	1417.90
1654	1513.60
1655	92.70
1656	114.40
1657	125.40
1658	132.30
1659	137.20
1660	146.00
1661	4784.50
1662	3526.00
1663	2582.40
1664	2115.70
1665	988.30
1666	223.20
1667	122.10
1668	81.60
1669	26.30
1670	0.00
1671	20.70
1672	166.80
1673	474.50
1674	703.70
1675	594.40
1676	1372.80
1677	861.70
1678	1051.40
1679	98.10
1680	128.40
1681	146.10
1682	152.80
1683	157.40
1684	163.60
1685	4791.10
1686	3499.60
1687	2240.20
1688	1300.70
1689	456.00
1690	286.60
1691	116.40
1692	68.80
1693	15.00
1694	0.00
1695	0.00
1696	46.90
1697	238.30
1698	450.00
1699	500.90
1700	1132.10
1701	633.90
1702	759.10
1703	70.70
1704	103.30
1705	119.40
1706	131.70
1707	144.20
1708	154.70
1709	4380.30
1710	3290.40
1711	1640.40
1712	451.70
1713	223.20
1714	109.10
1715	70.80
1716	37.60
1717	3.00
1718	0.00
1719	0.00
1720	0.00
1721	52.30
1722	272.00
1723	358.40
1724	985.80
1725	493.50
1726	580.80
1727	53.00
1728	95.20
1729	113.90
1730	126.50
1731	133.50
1732	138.20
1733	3569.00
1734	2818.40
1735	1266.40
1736	425.90
1737	277.70
1738	144.10
1739	73.00
1740	41.00
1741	3.10
1742	0.00
1743	0.00
1744	0.00
1745	31.70
1746	129.30
1747	265.40
1748	857.10
1749	384.30
1750	481.70
1751	44.40
1752	87.10
1753	105.00
1754	115.50
1755	120.10
1756	126.70
1757	2266.00
1758	1927.70
1759	952.80
1760	482.40
1761	250.40
1762	142.60
1763	84.90
1764	39.20
1765	2.00
1766	0.00
1767	0.00
1768	0.00
1769	28.90
1770	173.70
1771	296.00
1772	883.50
1773	380.00
1774	479.10
1775	28.50
1776	75.70
1777	93.60
1778	101.60
1779	112.50
1780	123.20
1781	2863.80
1782	2186.30
1783	808.40
1784	284.60
1785	137.90
1786	78.90
1787	45.30
1788	16.30
1789	0.00
1790	0.00
1791	0.00
1792	25.70
1793	96.10
1794	244.70
1795	302.30
1796	906.70
1797	419.40
1798	471.10
1799	12.10
1800	54.90
1801	73.90
1802	85.30
1803	91.80
1804	98.30
1805	2415.70
1806	1962.70
1807	1220.40
1808	930.20
1809	524.00
1810	387.90
1811	299.50
1812	249.70
1813	201.10
1814	229.80
1815	338.20
1816	530.80
1817	833.20
1818	982.20
1819	797.10
1820	1546.70
1821	910.60
1822	961.50
1823	23.40
1824	62.60
1825	75.40
1826	87.70
1827	100.70
1828	110.10
1829	3834.30
1830	2848.30
1831	1697.80
1832	1289.30
1833	382.20
1834	514.50
1835	522.50
1836	335.70
1837	55.10
1838	2.80
1839	0.00
1840	75.90
1841	344.00
1842	556.10
1843	726.40
1844	1468.30
1845	810.70
1846	879.50
1847	26.70
1848	68.20
1849	92.30
1850	111.50
1851	122.40
1852	134.10
1853	4502.70
1854	3295.90
1855	1449.00
1856	389.20
1857	172.00
1858	94.30
1859	69.50
1860	45.80
1861	8.00
1862	0.00
1863	0.00
1864	2.20
1865	67.40
1866	240.60
1867	381.10
1868	965.00
1869	482.50
1870	564.30
1871	67.70
1872	104.20
1873	120.40
1874	134.70
1875	147.70
1876	161.10
1877	3908.20
1878	2923.20
1879	1440.10
1880	442.80
1881	246.30
1882	120.90
1883	85.10
1884	52.10
1885	6.80
1886	0.00
1887	0.00
1888	0.00
1889	101.10
1890	312.10
1891	391.90
1892	1022.70
1893	532.30
1894	621.00
1895	63.60
1896	103.10
1897	123.70
1898	138.10
1899	150.20
1900	159.60
1901	4239.30
1902	3083.40
1903	1442.60
1904	391.40
1905	181.10
1906	96.50
1907	60.20
1908	31.90
1909	15.60
1910	9.00
1911	45.10
1912	100.40
1913	236.00
1914	366.80
1915	323.00
1916	1004.70
1917	478.10
1918	531.10
1919	19.00
1920	63.20
1921	77.10
1922	85.60
1923	91.50
1924	97.10
1925	2671.30
1926	2102.80
1927	1243.50
1928	917.80
1929	648.90
1930	371.00
1931	95.80
1932	63.00
1933	22.80
1934	12.50
1935	26.10
1936	179.80
1937	605.40
1938	669.40
1939	644.50
1940	1370.40
1941	672.90
1942	714.90
1943	12.70
1944	54.20
1945	69.80
1946	78.70
1947	85.30
1948	96.10
1949	3386.40
1950	2457.90
1951	905.20
1952	366.00
1953	121.10
1954	87.00
1955	60.10
1956	35.80
1957	3.60
1958	0.00
1959	0.00
1960	3.20
1961	124.30
1962	346.90
1963	391.80
1964	1048.10
1965	549.10
1966	621.00
1967	65.90
1968	99.20
1969	111.60
1970	120.70
1971	131.00
1972	137.60
1973	3900.00
1974	2685.60
1975	911.50
1976	366.80
1977	199.70
1978	93.20
1979	56.80
1980	27.50
1981	1.80
1982	0.00
1983	0.00
1984	9.70
1985	137.30
1986	354.70
1987	411.00
1988	1073.50
1989	566.50
1990	645.90
1991	74.70
1992	101.60
1993	115.70
1994	126.00
1995	134.30
1996	143.80
1997	3658.50
1998	2687.40
1999	1286.40
2000	466.20
2001	287.10
2002	146.50
2003	115.50
2004	98.70
2005	103.40
2006	72.30
2007	41.20
2008	258.30
2009	509.40
2010	798.00
2011	914.10
2012	1725.90
2013	1126.60
2014	1288.90
2015	99.20
2016	123.90
2017	139.50
2018	150.90
2019	159.60
2020	165.80
2021	5021.10
2022	3399.30
2023	1327.80
2024	547.10
2025	247.20
2026	130.80
2027	99.60
2028	77.90
2029	34.10
2030	0.40
2031	1.10
2032	63.80
2033	348.20
2034	629.10
2035	648.30
2036	1529.90
2037	997.40
2038	1237.90
2039	114.40
2040	139.90
2041	156.70
2042	167.80
2043	177.40
2044	187.50
2045	5487.20
2046	3688.10
2047	1442.10
2048	673.50
2049	363.00
2050	210.10
2051	121.90
2052	103.60
2053	75.20
2054	43.60
2055	27.70
2056	171.20
2057	506.00
2058	914.00
2059	1089.20
2060	1917.20
2061	1334.10
2062	1567.70
2063	136.50
2064	158.00
2065	171.90
2066	183.90
2067	193.50
2068	198.90
2069	5793.20
2070	3927.50
2071	1592.50
2072	800.50
2073	426.00
2074	367.40
2075	326.00
2076	252.20
2077	228.60
2078	248.70
2079	189.30
2080	378.00
2081	998.50
2082	1507.00
2083	1645.60
2084	2432.50
2085	1806.70
2086	1964.80
2087	131.30
2088	146.00
2089	152.00
2090	155.40
2091	159.40
2092	164.90
2093	5327.40
2094	3642.00
2095	1784.70
2096	1237.40
2097	761.30
2098	421.90
2099	236.20
2100	136.30
2101	80.10
2102	49.20
2103	234.30
2104	739.30
2105	1337.60
2106	1657.50
2107	1679.90
2108	2352.80
2109	1618.30
2110	1729.00
2111	105.80
2112	128.30
2113	135.40
2114	139.20
2115	143.30
2116	148.40
2117	5170.20
2118	3628.40
2119	2018.70
2120	1801.10
2121	1594.20
2122	1334.90
2123	954.60
2124	139.40
2125	64.40
2126	4.40
2127	0.00
2128	60.00
2129	588.40
2130	912.40
2131	994.00
2132	1694.20
2133	1007.00
2134	1105.60
2135	53.10
2136	87.10
2137	105.90
2138	121.20
2139	130.50
2140	140.10
2141	4733.50
2142	3058.30
2143	1016.10
2144	322.60
2145	154.40
2146	76.60
2147	47.30
2148	17.50
2149	0.00
2150	0.00
2151	0.00
2152	0.00
2153	0.00
2154	5.70
2155	68.70
2156	742.00
2157	236.20
2158	328.20
2159	24.20
2160	73.60
2161	94.10
2162	108.70
2163	120.80
2164	130.30
2165	2726.80
2166	1781.00
2167	458.90
2168	186.20
2169	94.10
2170	56.60
2171	20.80
2172	0.40
2173	0.00
2174	0.00
2175	0.00
2176	0.00
2177	0.00
2178	0.00
2179	5.80
2180	591.80
2181	62.60
2182	144.80
2183	5.10
2184	51.90
2185	76.90
2186	92.20
2187	105.20
2188	117.00
2189	1513.30
2190	1122.00
2191	243.60
2192	124.70
2193	66.80
2194	26.90
2195	1.80
2196	0.00
2197	0.00
2198	0.00
2199	0.00
2200	0.00
2201	0.00
2202	0.00
2203	1.00
2204	584.50
2205	21.40
2206	65.00
2207	2.60
2208	45.50
2209	67.90
2210	84.60
2211	98.20
2212	108.70
2213	1213.00
2214	977.50
2215	156.50
2216	98.00
2217	41.70
2218	4.30
2219	0.00
2220	0.00
2221	0.00
2222	0.00
2223	14.40
2224	54.70
2225	97.50
2226	189.90
2227	213.00
2228	812.10
2229	338.60
2230	421.00
2231	42.80
2232	82.40
2233	100.00
2234	111.90
2235	121.10
2236	133.90
2237	2566.90
2238	1618.30
2239	485.50
2240	302.00
2241	173.80
2242	128.30
2243	114.50
2244	106.80
2245	92.40
2246	13.30
2247	69.90
2248	286.20
2249	588.50
2250	840.50
2251	828.60
2252	1588.60
2253	961.00
2254	1094.10
2255	96.30
2256	118.00
2257	135.50
2258	147.00
2259	151.70
2260	157.60
2261	4771.80
2262	3488.40
2263	2500.20
2264	2201.50
2265	1925.50
2266	1602.50
2267	1359.80
2268	1131.40
2269	1004.60
2270	1022.80
2271	1132.00
2272	1317.70
2273	1439.40
2274	1444.00
2275	1354.10
2276	2029.50
2277	1258.30
2278	1245.80
2279	48.90
2280	86.70
2281	109.40
2282	129.90
2283	145.90
2284	156.60
2285	5142.30
2286	3442.70
2287	1788.20
2288	607.60
2289	214.10
2290	109.80
2291	81.00
2292	59.50
2293	33.20
2294	9.30
2295	38.40
2296	113.80
2297	326.80
2298	723.90
2299	833.70
2300	1691.90
2301	1117.00
2302	1327.50
2303	110.40
2304	132.50
2305	148.50
2306	164.50
2307	176.60
2308	191.20
2309	5671.40
2310	3498.40
2311	1322.40
2312	555.10
2313	321.20
2314	172.90
2315	86.20
2316	59.10
2317	12.60
2318	0.00
2319	0.00
2320	0.70
2321	47.30
2322	180.70
2323	376.00
2324	994.00
2325	553.20
2326	664.40
2327	92.00
2328	113.70
2329	122.80
2330	129.70
2331	137.00
2332	143.80
2333	3260.70
2334	1919.10
2335	496.90
2336	162.10
2337	83.30
2338	49.10
2339	17.40
2340	0.90
2341	0.00
2342	0.00
2343	0.00
2344	0.00
2345	0.00
2346	35.20
2347	147.70
2348	756.10
2349	327.40
2350	429.00
2351	41.10
2352	75.80
2353	92.10
2354	106.20
2355	118.50
2356	128.80
2357	2414.50
2358	1414.80
2359	286.90
2360	121.40
2361	91.60
2362	67.60
2363	44.60
2364	17.90
2365	0.00
2366	0.00
2367	0.00
2368	26.00
2369	89.40
2370	234.20
2371	324.20
2372	998.90
2373	491.70
2374	580.10
2375	55.80
2376	93.60
2377	111.10
2378	123.00
2379	131.80
2380	140.30
2381	3701.90
2382	2591.40
2383	1567.10
2384	1207.70
2385	921.20
2386	700.20
2387	537.70
2388	460.90
2389	465.50
2390	602.50
2391	772.20
2392	750.40
2393	1190.70
2394	1373.30
2395	1368.40
2396	2104.20
2397	1442.40
2398	1603.00
2399	95.10
2400	123.60
2401	141.20
2402	152.30
2403	160.10
2404	167.80
2405	5517.60
2406	3730.10
2407	1934.40
2408	1120.80
2409	561.40
2410	287.90
2411	141.20
2412	95.30
2413	56.00
2414	19.20
2415	60.40
2416	328.10
2417	812.70
2418	1144.80
2419	1201.60
2420	1998.60
2421	1345.90
2422	1428.30
2423	74.80
2424	100.30
2425	115.20
2426	126.60
2427	140.50
2428	153.80
2429	5088.10
2430	3572.80
2431	2427.40
2432	2024.50
2433	1749.30
2434	1402.70
2435	1106.60
2436	945.20
2437	893.90
2438	961.80
2439	1016.90
2440	883.90
2441	1314.90
2442	1582.70
2443	1534.20
2444	2194.30
2445	1442.20
2446	1510.70
2447	76.00
2448	111.00
2449	129.00
2450	145.60
2451	153.80
2452	157.10
2453	5453.20
2454	3771.10
2455	2501.80
2456	2011.00
2457	1648.50
2458	1317.90
2459	1079.30
2460	972.10
2461	940.00
2462	988.40
2463	1142.80
2464	1409.50
2465	1730.70
2466	1750.00
2467	1586.20
2468	2222.00
2469	1440.80
2470	1443.50
2471	56.60
2472	90.60
2473	103.30
2474	111.30
2475	120.50
2476	130.00
2477	4763.10
2478	3010.10
2479	1532.10
2480	1466.50
2481	818.70
2482	159.60
2483	84.80
2484	68.20
2485	54.10
2486	47.50
2487	40.60
2488	23.90
2489	285.10
2490	834.20
2491	954.30
2492	1751.80
2493	1170.50
2494	1300.50
2495	61.60
2496	97.80
2497	117.90
2498	132.00
2499	144.50
2500	159.30
2501	5268.90
2502	3078.30
2503	1288.30
2504	1381.30
2505	465.90
2506	113.10
2507	86.40
2508	67.10
2509	44.70
2510	77.10
2511	86.40
2512	257.60
2513	589.90
2514	826.80
2515	914.90
2516	1592.30
2517	900.20
2518	971.10
2519	11.60
2520	55.80
2521	71.80
2522	79.90
2523	87.00
2524	92.40
2525	3472.40
2526	2453.70
2527	1458.60
2528	1103.90
2529	815.80
2530	569.00
2531	417.50
2532	345.00
2533	319.80
2534	413.80
2535	632.60
2536	931.40
2537	1206.70
2538	1190.30
2539	1071.80
2540	1830.20
2541	1172.70
2542	1302.10
2543	41.70
2544	73.10
2545	84.40
2546	94.70
2547	102.80
2548	108.80
2549	4057.80
2550	2753.70
2551	1576.60
2552	570.70
2553	474.50
2554	113.40
2555	68.30
2556	58.40
2557	37.60
2558	17.40
2559	25.60
2560	98.00
2561	341.20
2562	683.30
2563	849.60
2564	1610.50
2565	1032.30
2566	1222.60
2567	44.10
2568	85.10
2569	104.40
2570	115.10
2571	121.80
2572	128.20
2573	4498.90
2574	2419.60
2575	706.00
2576	169.80
2577	73.30
2578	51.70
2579	39.70
2580	31.40
2581	44.90
2582	58.30
2583	89.20
2584	207.10
2585	387.70
2586	480.70
2587	510.40
2588	1325.70
2589	750.80
2590	794.60
2591	16.20
2592	60.20
2593	75.20
2594	88.10
2595	100.10
2596	110.00
2597	3800.70
2598	2309.40
2599	893.80
2600	727.70
2601	183.50
2602	74.30
2603	57.20
2604	59.00
2605	81.00
2606	112.40
2607	141.80
2608	244.80
2609	504.10
2610	657.90
2611	714.10
2612	1462.80
2613	867.80
2614	978.00
2615	9.30
2616	56.00
2617	81.00
2618	96.20
2619	107.20
2620	120.60
2621	4123.90
2622	1976.90
2623	591.70
2624	125.90
2625	54.00
2626	27.20
2627	4.60
2628	0.00
2629	0.00
2630	0.00
2631	0.00
2632	0.00
2633	0.00
2634	0.00
2635	17.00
2636	626.60
2637	63.40
2638	85.70
2639	0.00
2640	0.00
2641	19.00
2642	44.50
2643	57.20
2644	66.70
2645	1890.40
2646	1159.90
2647	190.10
2648	78.40
2649	43.30
2650	14.70
2651	0.00
2652	0.00
2653	0.00
2654	0.00
2655	0.00
2656	0.00
2657	0.00
2658	0.50
2659	32.90
2660	598.00
2661	52.70
2662	66.70
2663	0.00
2664	0.00
2665	0.00
2666	0.00
2667	2.20
2668	21.30
2669	1023.70
2670	1107.50
2671	296.80
2672	101.40
2673	44.50
2674	14.10
2675	2.20
2676	0.00
2677	0.00
2678	0.00
2679	0.00
2680	0.00
2681	0.00
2682	35.20
2683	75.10
2684	658.40
2685	126.30
2686	181.60
2687	0.00
2688	0.00
2689	12.20
2690	34.40
2691	48.20
2692	58.20
2693	1583.90
2694	1336.90
2695	466.40
2696	279.00
2697	183.00
2698	138.50
2699	116.30
2700	94.80
2701	35.60
2702	0.00
2703	0.00
2704	0.00
2705	37.90
2706	224.80
2707	480.80
2708	1147.00
2709	508.50
2710	588.50
2711	14.20
2712	60.20
2713	78.50
2714	92.90
2715	103.00
2716	111.10
2717	3771.50
2718	2500.30
2719	1409.90
2720	821.40
2721	116.90
2722	44.50
2723	14.20
2724	0.20
2725	0.00
2726	0.00
2727	0.00
2728	0.00
2729	0.00
2730	0.00
2731	0.00
2732	568.10
2733	59.10
2734	138.20
2735	0.00
2736	0.00
2737	0.00
2738	17.70
2739	39.60
2740	55.70
2741	1464.10
2742	873.60
2743	97.70
2744	30.10
2745	1.80
2746	0.00
2747	0.00
2748	0.00
2749	0.00
2750	0.00
2751	0.00
2752	0.00
2753	0.00
2754	0.00
2755	0.00
2756	486.40
2757	0.00
2758	0.00
2759	0.00
2760	0.00
2761	0.00
2762	0.00
2763	0.00
2764	0.00
2765	116.50
2766	588.30
2767	0.40
2768	0.00
2769	0.00
2770	0.00
2771	0.00
2772	0.00
2773	0.00
2774	0.00
2775	0.00
2776	0.00
2777	0.00
2778	0.00
2779	0.00
2780	479.10
2781	0.00
2782	0.00
2783	0.00
2784	0.00
2785	0.00
2786	0.00
2787	0.00
2788	0.00
2789	153.30
2790	627.00
2791	34.20
2792	23.90
2793	14.50
2794	4.20
2795	0.00
2796	0.00
2797	0.00
2798	5.50
2799	17.30
2800	30.90
2801	47.60
2802	64.30
2803	74.60
2804	649.50
2805	79.70
2806	92.70
2807	0.00
2808	0.00
2809	0.00
2810	18.10
2811	36.50
2812	48.90
2813	1243.20
2814	974.20
2815	200.10
2816	95.10
2817	56.10
2818	51.80
2819	34.50
2820	10.30
2821	0.00
2822	2.10
2823	0.00
2824	0.00
2825	21.50
2826	66.10
2827	121.50
2828	797.20
2829	234.90
2830	267.50
2831	0.00
2832	0.10
2833	20.20
2834	35.90
2835	47.00
2836	55.80
2837	1605.70
2838	992.20
2839	282.70
2840	135.10
2841	62.60
2842	25.50
2843	0.20
2844	0.00
2845	0.00
2846	0.00
2847	0.00
2848	0.00
2849	0.00
2850	0.00
2851	0.00
2852	526.00
2853	0.00
2854	0.00
2855	0.00
2856	0.00
2857	0.00
2858	0.00
2859	0.00
2860	0.00
2861	240.00
2862	645.60
2863	27.70
2864	1.00
2865	0.00
2866	0.00
2867	0.00
2868	0.00
2869	0.00
2870	0.00
2871	0.00
2872	0.00
2873	0.00
2874	0.00
2875	0.00
2876	386.40
2877	0.00
2878	0.00
2879	0.00
2880	0.00
2881	0.00
2882	0.00
2883	0.00
2884	0.00
2885	0.00
2886	470.40
2887	0.00
2888	0.00
2889	0.00
2890	0.00
2891	0.00
2892	0.00
2893	0.00
2894	0.00
2895	0.00
2896	0.00
2897	0.00
2898	0.00
2899	0.00
2900	129.90
2901	0.00
2902	0.00
2903	0.00
2904	0.00
2905	0.00
2906	0.00
2907	0.00
2908	0.00
2909	0.00
2910	381.30
2911	0.00
2912	0.00
2913	0.00
2914	0.00
2915	0.00
2916	0.00
2917	0.00
2918	0.00
2919	0.00
2920	0.00
2921	0.00
2922	0.00
2923	0.00
2924	85.00
2925	0.00
2926	0.00
2927	0.00
2928	0.00
2929	0.00
2930	0.00
2931	0.00
2932	0.00
2933	0.00
2934	304.80
2935	0.00
2936	0.00
2937	0.00
2938	0.00
2939	0.00
2940	0.00
2941	0.00
2942	0.00
2943	0.00
2944	0.00
2945	0.00
2946	0.00
2947	0.00
2948	19.10
2949	0.00
2950	0.00
2951	0.00
2952	0.00
2953	0.00
2954	0.00
2955	0.00
2956	0.00
2957	0.00
2958	243.30
2959	0.00
2960	0.00
2961	0.00
2962	0.00
2963	0.00
2964	0.00
2965	0.00
2966	0.00
2967	0.00
2968	0.00
2969	0.00
2970	0.00
2971	0.00
2972	155.30
2973	0.00
2974	0.00
2975	0.00
2976	0.00
2977	0.00
2978	0.00
2979	0.00
2980	0.00
2981	0.00
2982	431.70
2983	0.00
2984	0.00
2985	0.00
2986	0.00
2987	0.00
2988	0.00
2989	0.00
2990	0.00
2991	0.00
2992	0.00
2993	0.00
2994	0.00
2995	0.00
2996	476.70
2997	0.00
2998	0.00
2999	0.00
3000	0.00
3001	0.00
3002	0.00
3003	0.00
3004	0.00
3005	169.50
3006	628.90
3007	20.40
3008	10.30
3009	5.90
3010	1.10
3011	0.00
3012	0.00
3013	0.10
3014	4.40
3015	12.70
3016	25.80
3017	65.00
3018	168.50
3019	275.40
3020	937.30
3021	284.10
3022	333.80
3023	0.00
3024	0.00
3025	16.60
3026	37.60
3027	51.30
3028	62.50
3029	2200.10
3030	1712.00
3031	792.50
3032	551.20
3033	335.60
3034	164.00
3035	44.60
3036	17.40
3037	0.20
3038	6.20
3039	35.50
3040	39.60
3041	221.20
3042	355.00
3043	484.20
3044	1092.50
3045	407.40
3046	421.60
3047	0.00
3048	0.00
3049	15.10
3050	32.10
3051	43.00
3052	48.90
3053	1377.70
3054	834.10
3055	62.80
3056	2.10
3057	0.00
3058	0.00
3059	0.00
3060	0.00
3061	0.00
3062	0.00
3063	0.00
3064	0.00
3065	0.00
3066	0.00
3067	0.00
3068	397.30
3069	0.00
3070	0.00
3071	0.00
3072	0.00
3073	0.00
3074	0.00
3075	0.00
3076	0.00
3077	42.50
3078	552.30
3079	0.10
3080	0.00
3081	0.00
3082	0.00
3083	0.00
3084	0.00
3085	0.00
3086	0.00
3087	0.00
3088	0.00
3089	0.00
3090	0.00
3091	0.00
3092	464.40
3093	0.00
3094	0.00
3095	0.00
3096	0.00
3097	0.00
3098	0.00
3099	0.00
3100	0.00
3101	228.30
3102	657.00
3103	55.20
3104	30.80
3105	17.10
3106	0.20
3107	0.00
3108	0.00
3109	0.00
3110	0.00
3111	0.00
3112	0.00
3113	0.00
3114	0.00
3115	0.00
3116	444.40
3117	0.00
3118	0.00
3119	0.00
3120	0.00
3121	0.00
3122	0.00
3123	0.00
3124	0.00
3125	476.30
3126	673.50
3127	16.60
3128	0.00
3129	0.00
3130	0.00
3131	0.00
3132	0.00
3133	0.00
3134	0.00
3135	0.00
3136	0.00
3137	0.00
3138	0.00
3139	0.00
3140	383.30
3141	0.00
3142	0.00
3143	0.00
3144	0.00
3145	0.00
3146	0.00
3147	0.00
3148	0.00
3149	36.10
3150	490.30
3151	0.00
3152	0.00
3153	0.00
3154	0.00
3155	0.00
3156	0.00
3157	0.00
3158	0.00
3159	0.00
3160	0.00
3161	0.00
3162	0.00
3163	0.00
3164	327.70
3165	0.00
3166	0.00
3167	0.00
3168	0.00
3169	0.00
3170	0.00
3171	0.00
3172	0.00
3173	4.10
3174	518.90
3175	0.00
3176	0.00
3177	0.00
3178	0.00
3179	0.00
3180	0.00
3181	0.00
3182	0.00
3183	0.00
3184	0.00
3185	0.00
3186	0.00
3187	0.00
3188	461.70
3189	0.00
3190	0.00
3191	0.00
3192	0.00
3193	0.00
3194	0.00
3195	0.00
3196	0.00
3197	325.00
3198	670.80
3199	57.40
3200	25.90
3201	2.50
3202	0.00
3203	0.00
3204	0.00
3205	0.00
3206	0.00
3207	0.00
3208	0.00
3209	0.00
3210	0.00
3211	2.30
3212	592.20
3213	45.00
3214	56.20
3215	0.00
3216	0.00
3217	0.00
3218	0.00
3219	13.60
3220	27.70
3221	742.80
3222	788.70
3223	91.80
3224	32.20
3225	3.90
3226	0.00
3227	0.00
3228	0.00
3229	0.00
3230	0.00
3231	0.00
3232	0.00
3233	0.00
3234	0.00
3235	0.00
3236	589.50
3237	53.70
3238	75.10
3239	0.00
3240	0.00
3241	2.10
3242	27.50
3243	48.50
3244	58.00
3245	1231.90
3246	903.90
3247	125.10
3248	32.00
3249	1.10
3250	0.00
3251	0.00
3252	0.00
3253	0.00
3254	0.00
3255	0.00
3256	0.00
3257	0.00
3258	0.00
3259	0.00
3260	471.40
3261	0.00
3262	0.00
3263	0.00
3264	0.00
3265	0.00
3266	0.00
3267	0.00
3268	0.00
3269	217.00
3270	620.60
3271	12.80
3272	0.70
3273	0.00
3274	0.00
3275	0.00
3276	0.00
3277	0.00
3278	0.00
3279	0.00
3280	0.00
3281	0.00
3282	0.00
3283	21.20
3284	586.40
3285	39.20
3286	51.30
3287	0.00
3288	0.00
3289	0.00
3290	0.00
3291	0.00
3292	0.00
3293	814.30
3294	887.50
3295	151.20
3296	42.50
3297	7.70
3298	0.00
3299	0.00
3300	0.00
3301	0.00
3302	0.00
3303	0.00
3304	0.00
3305	0.00
3306	0.00
3307	0.00
3308	482.60
3309	0.00
3310	2.90
3311	0.00
3312	0.00
3313	0.00
3314	0.00
3315	0.00
3316	0.00
3317	214.40
3318	586.90
3319	3.80
3320	0.00
3321	0.00
3322	0.00
3323	0.00
3324	0.00
3325	0.00
3326	0.00
3327	0.00
3328	0.00
3329	9.10
3330	31.30
3331	47.30
3332	580.70
3333	47.90
3334	56.60
3335	0.00
3336	0.00
3337	0.00
3338	0.00
3339	0.00
3340	0.00
3341	766.00
3342	780.60
3343	48.30
3344	2.70
3345	0.00
3346	0.00
3347	0.00
3348	0.00
3349	0.00
3350	0.00
3351	0.00
3352	0.00
3353	0.00
3354	0.00
3355	0.00
3356	452.30
3357	0.00
3358	0.00
3359	0.00
3360	0.00
3361	0.00
3362	0.00
3363	0.00
3364	0.00
3365	281.00
3366	660.40
3367	53.10
3368	35.10
3369	23.50
3370	3.30
3371	0.00
3372	0.00
3373	0.00
3374	0.00
3375	0.00
3376	0.00
3377	0.00
3378	0.00
3379	0.00
3380	517.60
3381	0.00
3382	22.70
3383	0.00
3384	0.00
3385	0.00
3386	0.00
3387	0.00
3388	0.00
3389	673.00
3390	810.60
3391	150.40
3392	100.80
3393	62.00
3394	31.90
3395	22.10
3396	15.90
3397	11.40
3398	14.70
3399	27.80
3400	62.80
3401	106.20
3402	98.10
3403	172.20
3404	815.70
3405	197.00
3406	215.30
3407	0.00
3408	0.00
3409	0.00
3410	0.00
3411	0.00
3412	6.60
3413	1210.00
3414	1131.50
3415	236.30
3416	41.50
3417	3.40
3418	0.00
3419	0.00
3420	0.00
3421	0.00
3422	0.00
3423	0.00
3424	0.00
3425	0.00
3426	0.00
3427	0.00
3428	473.90
3429	0.00
3430	9.20
3431	0.00
3432	0.00
3433	0.00
3434	0.00
3435	0.00
3436	0.00
3437	613.10
3438	679.10
3439	18.40
3440	0.00
3441	0.00
3442	0.00
3443	0.00
3444	0.00
3445	0.00
3446	0.00
3447	0.00
3448	0.00
3449	0.00
3450	0.00
3451	0.00
3452	276.50
3453	0.00
3454	0.00
3455	0.00
3456	0.00
3457	0.00
3458	0.00
3459	0.00
3460	0.00
3461	0.00
3462	421.90
3463	0.00
3464	0.00
3465	0.00
3466	0.00
3467	0.00
3468	0.00
3469	0.00
3470	0.00
3471	0.00
3472	0.00
3473	0.00
3474	0.00
3475	0.00
3476	346.70
3477	0.00
3478	0.00
3479	0.00
3480	0.00
3481	0.00
3482	0.00
3483	0.00
3484	0.00
3485	30.10
3486	456.50
3487	0.00
3488	0.00
3489	0.00
3490	0.00
3491	0.00
3492	0.00
3493	0.00
3494	0.00
3495	0.00
3496	0.00
3497	0.00
3498	0.00
3499	0.00
3500	177.30
3501	0.00
3502	0.00
3503	0.00
3504	0.00
3505	0.00
3506	0.00
3507	0.00
3508	0.00
3509	0.00
3510	349.30
3511	0.00
3512	0.00
3513	0.00
3514	0.00
3515	0.00
3516	0.00
3517	0.00
3518	0.00
3519	0.00
3520	0.00
3521	0.00
3522	0.00
3523	0.00
3524	191.40
3525	0.00
3526	0.00
3527	0.00
3528	0.00
3529	0.00
3530	0.00
3531	0.00
3532	0.00
3533	0.00
3534	334.10
3535	0.00
3536	0.00
3537	0.00
3538	0.00
3539	0.00
3540	0.00
3541	0.00
3542	0.00
3543	0.00
3544	0.00
3545	0.00
3546	0.00
3547	0.00
3548	12.50
3549	0.00
3550	0.00
3551	0.00
3552	0.00
3553	0.00
3554	0.00
3555	0.00
3556	0.00
3557	0.00
3558	154.80
3559	0.00
3560	0.00
3561	0.00
3562	0.00
3563	0.00
3564	0.00
3565	0.00
3566	0.00
3567	0.00
3568	0.00
3569	0.00
3570	0.00
3571	0.00
3572	0.00
3573	0.00
3574	0.00
3575	0.00
3576	0.00
3577	0.00
3578	0.00
3579	0.00
3580	0.00
3581	0.00
3582	83.60
3583	0.00
3584	0.00
3585	0.00
3586	0.00
3587	0.00
3588	0.00
3589	0.00
3590	0.00
3591	0.00
3592	0.00
3593	0.00
3594	0.00
3595	0.00
3596	197.70
3597	0.00
3598	0.00
3599	0.00
3600	0.00
3601	0.00
3602	0.00
3603	0.00
3604	0.00
3605	0.00
3606	363.70
3607	0.00
3608	0.00
3609	0.00
3610	0.00
3611	0.00
3612	0.00
3613	0.00
3614	0.00
3615	0.00
3616	0.00
3617	0.00
3618	0.00
3619	0.00
3620	373.30
3621	0.00
3622	0.00
3623	0.00
3624	0.00
3625	0.00
3626	0.00
3627	0.00
3628	0.00
3629	0.00
3630	490.50
3631	0.00
3632	0.00
3633	0.00
3634	0.00
3635	0.00
3636	0.00
3637	0.00
3638	0.00
3639	0.00
3640	0.00
3641	0.00
3642	0.50
3643	17.80
3644	543.90
3645	26.90
3646	55.70
3647	0.00
3648	0.00
3649	0.00
3650	0.00
3651	0.00
3652	0.00
3653	893.60
3654	732.50
3655	68.90
3656	6.90
3657	0.00
3658	0.00
3659	0.00
3660	0.00
3661	0.00
3662	0.00
3663	0.00
3664	0.00
3665	0.00
3666	0.00
3667	0.00
3668	423.20
3669	0.00
3670	0.00
3671	0.00
3672	0.00
3673	0.00
3674	0.00
3675	0.00
3676	0.00
3677	522.50
3678	663.80
3679	9.20
3680	0.00
3681	0.00
3682	0.00
3683	0.00
3684	0.00
3685	0.00
3686	0.00
3687	0.00
3688	0.00
3689	0.00
3690	0.00
3691	0.00
3692	336.60
3693	0.00
3694	0.00
3695	0.00
3696	0.00
3697	0.00
3698	0.00
3699	0.00
3700	0.00
3701	38.90
3702	519.70
3703	0.00
3704	0.00
3705	0.00
3706	0.00
3707	0.00
3708	0.00
3709	0.00
3710	0.00
3711	0.00
3712	0.00
3713	0.00
3714	0.00
3715	0.00
3716	352.60
3717	0.00
3718	0.00
3719	0.00
3720	0.00
3721	0.00
3722	0.00
3723	0.00
3724	0.00
3725	38.90
3726	506.20
3727	0.00
3728	0.00
3729	0.00
3730	0.00
3731	0.00
3732	0.00
3733	0.00
3734	0.00
3735	0.00
3736	0.00
3737	0.00
3738	0.00
3739	0.00
3740	294.70
3741	0.00
3742	0.00
3743	0.00
3744	0.00
3745	0.00
3746	0.00
3747	0.00
3748	0.00
3749	0.00
3750	442.40
3751	0.00
3752	0.00
3753	0.00
3754	0.00
3755	0.00
3756	0.00
3757	0.00
3758	0.00
3759	0.00
3760	0.00
3761	0.00
3762	0.00
3763	0.00
3764	222.70
3765	0.00
3766	0.00
3767	0.00
3768	0.00
3769	0.00
3770	0.00
3771	0.00
3772	0.00
3773	0.00
3774	431.70
3775	0.00
3776	0.00
3777	0.00
3778	0.00
3779	0.00
3780	0.00
3781	0.00
3782	0.00
3783	0.00
3784	0.00
3785	0.00
3786	0.00
3787	0.00
3788	393.30
3789	0.00
3790	0.00
3791	0.00
3792	0.00
3793	0.00
3794	0.00
3795	0.00
3796	0.00
3797	171.80
3798	513.20
3799	0.00
3800	0.00
3801	0.00
3802	0.00
3803	0.00
3804	0.00
3805	0.00
3806	0.00
3807	0.00
3808	0.00
3809	0.00
3810	0.00
3811	0.00
3812	352.80
3813	0.00
3814	0.00
3815	0.00
3816	0.00
3817	0.00
3818	0.00
3819	0.00
3820	0.00
3821	216.00
3822	647.80
3823	6.80
3824	0.00
3825	0.00
3826	0.00
3827	0.00
3828	0.00
3829	0.00
3830	0.00
3831	0.00
3832	0.00
3833	0.00
3834	0.00
3835	0.00
3836	144.10
3837	0.00
3838	0.00
3839	0.00
3840	0.00
3841	0.00
3842	0.00
3843	0.00
3844	0.00
3845	0.00
3846	314.90
3847	0.00
3848	0.00
3849	0.00
3850	0.00
3851	0.00
3852	0.00
3853	0.00
3854	0.00
3855	0.00
3856	0.00
3857	0.00
3858	0.00
3859	0.00
3860	0.00
3861	0.00
3862	0.00
3863	0.00
3864	0.00
3865	0.00
3866	0.00
3867	0.00
3868	0.00
3869	0.00
3870	43.00
3871	0.00
3872	0.00
3873	0.00
3874	0.00
3875	0.00
3876	0.00
3877	0.00
3878	0.00
3879	0.00
3880	0.00
3881	0.00
3882	0.00
3883	0.00
3884	0.00
3885	0.00
3886	0.00
3887	0.00
3888	0.00
3889	0.00
3890	0.00
3891	0.00
3892	0.00
3893	0.00
3894	0.00
3895	0.00
3896	0.00
3897	0.00
3898	0.00
3899	0.00
3900	0.00
3901	0.00
3902	0.00
3903	0.00
3904	0.00
3905	0.00
3906	0.00
3907	0.00
3908	0.00
3909	0.00
3910	0.00
3911	0.00
3912	0.00
3913	0.00
3914	0.00
3915	0.00
3916	0.00
3917	0.00
3918	62.80
3919	0.00
3920	0.00
3921	0.00
3922	0.00
3923	0.00
3924	0.00
3925	0.00
3926	0.00
3927	0.00
3928	0.00
3929	0.00
3930	0.00
3931	0.00
3932	0.00
3933	0.00
3934	0.00
3935	0.00
3936	0.00
3937	0.00
3938	0.00
3939	0.00
3940	0.00
3941	0.00
3942	12.30
3943	0.00
3944	0.00
3945	0.00
3946	0.00
3947	0.00
3948	0.00
3949	0.00
3950	0.00
3951	0.00
3952	0.00
3953	0.00
3954	0.00
3955	0.00
3956	0.00
3957	0.00
3958	0.00
3959	0.00
3960	0.00
3961	0.00
3962	0.00
3963	0.00
3964	0.00
3965	0.00
3966	0.00
3967	0.00
3968	0.00
3969	0.00
3970	0.00
3971	0.00
3972	0.00
3973	0.00
3974	0.00
3975	0.00
3976	0.00
3977	0.00
3978	0.00
3979	0.00
3980	0.00
3981	0.00
3982	0.00
3983	0.00
3984	0.00
3985	0.00
3986	0.00
3987	0.00
3988	0.00
3989	0.00
3990	0.00
3991	0.00
3992	0.00
3993	0.00
3994	0.00
3995	0.00
3996	0.00
3997	0.00
3998	0.00
3999	0.00
4000	0.00
4001	0.00
4002	0.00
4003	0.00
4004	0.00
4005	0.00
4006	0.00
4007	0.00
4008	0.00
4009	0.00
4010	0.00
4011	0.00
4012	0.00
4013	0.00
4014	3.00
4015	0.00
4016	0.00
4017	0.00
4018	0.00
4019	0.00
4020	0.00
4021	0.00
4022	0.00
4023	0.00
4024	0.00
4025	0.00
4026	0.00
4027	0.00
4028	0.00
4029	0.00
4030	0.00
4031	0.00
4032	0.00
4033	0.00
4034	0.00
4035	0.00
4036	0.00
4037	0.00
4038	69.20
4039	0.00
4040	0.00
4041	0.00
4042	0.00
4043	0.00
4044	0.00
4045	0.00
4046	0.00
4047	0.00
4048	0.00
4049	0.00
4050	0.00
4051	0.00
4052	0.00
4053	0.00
4054	0.00
4055	0.00
4056	0.00
4057	0.00
4058	0.00
4059	0.00
4060	0.00
4061	0.00
4062	81.60
4063	0.00
4064	0.00
4065	0.00
4066	0.00
4067	0.00
4068	0.00
4069	0.00
4070	0.00
4071	0.00
4072	0.00
4073	0.00
4074	0.00
4075	0.00
4076	0.00
4077	0.00
4078	0.00
4079	0.00
4080	0.00
4081	0.00
4082	0.00
4083	0.00
4084	0.00
4085	0.00
4086	0.00
4087	0.00
4088	0.00
4089	0.00
4090	0.00
4091	0.00
4092	0.00
4093	0.00
4094	0.00
4095	0.00
4096	0.00
4097	0.00
4098	0.00
4099	0.00
4100	0.00
4101	0.00
4102	0.00
4103	0.00
4104	0.00
4105	0.00
4106	0.00
4107	0.00
4108	0.00
4109	0.00
4110	0.00
4111	0.00
4112	0.00
4113	0.00
4114	0.00
4115	0.00
4116	0.00
4117	0.00
4118	0.00
4119	0.00
4120	0.00
4121	0.00
4122	0.00
4123	0.00
4124	0.00
4125	0.00
4126	0.00
4127	0.00
4128	0.00
4129	0.00
4130	0.00
4131	0.00
4132	0.00
4133	0.00
4134	0.00
4135	0.00
4136	0.00
4137	0.00
4138	0.00
4139	0.00
4140	0.00
4141	0.00
4142	0.00
4143	0.00
4144	0.00
4145	0.00
4146	0.00
4147	0.00
4148	0.00
4149	0.00
4150	0.00
4151	0.00
4152	0.00
4153	0.00
4154	0.00
4155	0.00
4156	0.00
4157	0.00
4158	0.00
4159	0.00
4160	0.00
4161	0.00
4162	0.00
4163	0.00
4164	0.00
4165	0.00
4166	0.00
4167	0.00
4168	0.00
4169	0.00
4170	0.00
4171	0.00
4172	0.00
4173	0.00
4174	0.00
4175	0.00
4176	0.00
4177	0.00
4178	0.00
4179	0.00
4180	0.00
4181	0.00
4182	0.00
4183	0.00
4184	0.00
4185	0.00
4186	0.00
4187	0.00
4188	0.00
4189	0.00
4190	0.00
4191	0.00
4192	0.00
4193	0.00
4194	0.00
4195	0.00
4196	0.00
4197	0.00
4198	0.00
4199	0.00
4200	0.00
4201	0.00
4202	0.00
4203	0.00
4204	0.00
4205	0.00
4206	0.00
4207	0.00
4208	0.00
4209	0.00
4210	0.00
4211	0.00
4212	0.00
4213	0.00
4214	0.00
4215	0.00
4216	0.00
4217	0.00
4218	0.00
4219	0.00
4220	0.00
4221	0.00
4222	0.00
4223	0.00
4224	0.00
4225	0.00
4226	0.00
4227	0.00
4228	0.00
4229	0.00
4230	0.00
4231	0.00
4232	0.00
4233	0.00
4234	0.00
4235	0.00
4236	0.00
4237	0.00
4238	0.00
4239	0.00
4240	0.00
4241	0.00
4242	0.00
4243	0.00
4244	0.00
4245	0.00
4246	0.00
4247	0.00
4248	0.00
4249	0.00
4250	0.00
4251	0.00
4252	0.00
4253	0.00
4254	0.00
4255	0.00
4256	0.00
4257	0.00
4258	0.00
4259	0.00
4260	0.00
4261	0.00
4262	0.00
4263	0.00
4264	0.00
4265	0.00
4266	0.00
4267	0.00
4268	0.00
4269	0.00
4270	0.00
4271	0.00
4272	0.00
4273	0.00
4274	0.00
4275	0.00
4276	0.00
4277	0.00
4278	0.00
4279	0.00
4280	0.00
4281	0.00
4282	0.00
4283	0.00
4284	0.00
4285	0.00
4286	0.00
4287	0.00
4288	0.00
4289	0.00
4290	0.00
4291	0.00
4292	0.00
4293	0.00
4294	0.00
4295	0.00
4296	0.00
4297	0.00
4298	0.00
4299	0.00
4300	0.00
4301	0.00
4302	4.40
4303	0.00
4304	0.00
4305	0.00
4306	0.00
4307	0.00
4308	0.00
4309	0.00
4310	0.00
4311	0.00
4312	0.00
4313	0.00
4314	0.00
4315	0.00
4316	0.00
4317	0.00
4318	0.00
4319	0.00
4320	0.00
4321	0.00
4322	0.00
4323	0.00
4324	0.00
4325	0.00
4326	29.50
4327	0.00
4328	0.00
4329	0.00
4330	0.00
4331	0.00
4332	0.00
4333	0.00
4334	0.00
4335	0.00
4336	0.00
4337	0.00
4338	0.00
4339	0.00
4340	0.00
4341	0.00
4342	0.00
4343	0.00
4344	0.00
4345	0.00
4346	0.00
4347	0.00
4348	0.00
4349	0.00
4350	123.30
4351	0.00
4352	0.00
4353	0.00
4354	0.00
4355	0.00
4356	0.00
4357	0.00
4358	0.00
4359	0.00
4360	0.00
4361	0.00
4362	0.00
4363	0.00
4364	35.00
4365	0.00
4366	0.00
4367	0.00
4368	0.00
4369	0.00
4370	0.00
4371	0.00
4372	0.00
4373	0.00
4374	181.70
4375	0.00
4376	0.00
4377	0.00
4378	0.00
4379	0.00
4380	0.00
4381	0.00
4382	0.00
4383	0.00
4384	0.00
4385	0.00
4386	0.00
4387	0.00
4388	3.60
4389	0.00
4390	0.00
4391	0.00
4392	0.00
4393	0.00
4394	0.00
4395	0.00
4396	0.00
4397	0.00
4398	108.30
4399	0.00
4400	0.00
4401	0.00
4402	0.00
4403	0.00
4404	0.00
4405	0.00
4406	0.00
4407	0.00
4408	0.00
4409	0.00
4410	0.00
4411	0.00
4412	0.00
4413	0.00
4414	0.00
4415	0.00
4416	0.00
4417	0.00
4418	0.00
4419	0.00
4420	0.00
4421	0.00
4422	23.90
4423	0.00
4424	0.00
4425	0.00
4426	0.00
4427	0.00
4428	0.00
4429	0.00
4430	0.00
4431	0.00
4432	0.00
4433	0.00
4434	0.00
4435	0.00
4436	0.00
4437	0.00
4438	0.00
4439	0.00
4440	0.00
4441	0.00
4442	0.00
4443	0.00
4444	0.00
4445	0.00
4446	73.60
4447	0.00
4448	0.00
4449	0.00
4450	0.00
4451	0.00
4452	0.00
4453	0.00
4454	0.00
4455	0.00
4456	0.00
4457	0.00
4458	0.00
4459	0.00
4460	0.00
4461	0.00
4462	0.00
4463	0.00
4464	0.00
4465	0.00
4466	0.00
4467	0.00
4468	0.00
4469	0.00
4470	154.70
4471	0.00
4472	0.00
4473	0.00
4474	0.00
4475	0.00
4476	0.00
4477	0.00
4478	0.00
4479	0.00
4480	0.00
4481	0.00
4482	0.00
4483	0.00
4484	91.10
4485	0.00
4486	0.00
4487	0.00
4488	0.00
4489	0.00
4490	0.00
4491	0.00
4492	0.00
4493	0.00
4494	278.30
4495	0.00
4496	0.00
4497	0.00
4498	0.00
4499	0.00
4500	0.00
4501	0.00
4502	0.00
4503	0.00
4504	0.00
4505	0.00
4506	0.00
4507	0.00
4508	164.10
4509	0.00
4510	0.00
4511	0.00
4512	0.00
4513	0.00
4514	0.00
4515	0.00
4516	0.00
4517	0.00
4518	385.60
4519	0.00
4520	0.00
4521	0.00
4522	0.00
4523	0.00
4524	0.00
4525	0.00
4526	0.00
4527	0.00
4528	0.00
4529	0.00
4530	0.00
4531	0.00
4532	95.90
4533	0.00
4534	0.00
4535	0.00
4536	0.00
4537	0.00
4538	0.00
4539	0.00
4540	0.00
4541	0.00
4542	280.30
4543	0.00
4544	0.00
4545	0.00
4546	0.00
4547	0.00
4548	0.00
4549	0.00
4550	0.00
4551	0.00
4552	0.00
4553	0.00
4554	0.00
4555	0.00
4556	2.10
4557	0.00
4558	0.00
4559	0.00
4560	0.00
4561	0.00
4562	0.00
4563	0.00
4564	0.00
4565	0.00
4566	105.90
4567	0.00
4568	0.00
4569	0.00
4570	0.00
4571	0.00
4572	0.00
4573	0.00
4574	0.00
4575	0.00
4576	0.00
4577	0.00
4578	0.00
4579	0.00
4580	0.00
4581	0.00
4582	0.00
4583	0.00
4584	0.00
4585	0.00
4586	0.00
4587	0.00
4588	0.00
4589	0.00
4590	0.00
4591	0.00
4592	0.00
4593	0.00
4594	0.00
4595	0.00
4596	0.00
4597	0.00
4598	0.00
4599	0.00
4600	0.00
4601	0.00
4602	0.00
4603	0.00
4604	0.00
4605	0.00
4606	0.00
4607	0.00
4608	0.00
4609	0.00
4610	0.00
4611	0.00
4612	0.00
4613	0.00
4614	0.00
4615	0.00
4616	0.00
4617	0.00
4618	0.00
4619	0.00
4620	0.00
4621	0.00
4622	0.00
4623	0.00
4624	0.00
4625	0.00
4626	0.00
4627	0.00
4628	0.00
4629	0.00
4630	0.00
4631	0.00
4632	0.00
4633	0.00
4634	0.00
4635	0.00
4636	0.00
4637	0.00
4638	0.00
4639	0.00
4640	0.00
4641	0.00
4642	0.00
4643	0.00
4644	0.00
4645	0.00
4646	0.00
4647	0.00
4648	0.00
4649	0.00
4650	0.00
4651	0.00
4652	0.00
4653	0.00
4654	0.00
4655	0.00
4656	0.00
4657	0.00
4658	0.00
4659	0.00
4660	0.00
4661	0.00
4662	0.00
4663	0.00
4664	0.00
4665	0.00
4666	0.00
4667	0.00
4668	0.00
4669	0.00
4670	0.00
4671	0.00
4672	0.00
4673	0.00
4674	0.00
4675	0.00
4676	0.00
4677	0.00
4678	0.00
4679	0.00
4680	0.00
4681	0.00
4682	0.00
4683	0.00
4684	0.00
4685	0.00
4686	0.00
4687	0.00
4688	0.00
4689	0.00
4690	0.00
4691	0.00
4692	0.00
4693	0.00
4694	0.00
4695	0.00
4696	0.00
4697	0.00
4698	0.00
4699	0.00
4700	0.00
4701	0.00
4702	0.00
4703	0.00
4704	0.00
4705	0.00
4706	0.00
4707	0.00
4708	0.00
4709	0.00
4710	26.00
4711	0.00
4712	0.00
4713	0.00
4714	0.00
4715	0.00
4716	0.00
4717	0.00
4718	0.00
4719	0.00
4720	0.00
4721	0.00
4722	0.00
4723	0.00
4724	0.00
4725	0.00
4726	0.00
4727	0.00
4728	0.00
4729	0.00
4730	0.00
4731	0.00
4732	0.00
4733	0.00
4734	27.10
4735	0.00
4736	0.00
4737	0.00
4738	0.00
4739	0.00
4740	0.00
4741	0.00
4742	0.00
4743	0.00
4744	0.00
4745	0.00
4746	0.00
4747	0.00
4748	0.00
4749	0.00
4750	0.00
4751	0.00
4752	0.00
4753	0.00
4754	0.00
4755	0.00
4756	0.00
4757	0.00
4758	0.00
4759	0.00
4760	0.00
4761	0.00
4762	0.00
4763	0.00
4764	0.00
4765	0.00
4766	0.00
4767	0.00
4768	0.00
4769	0.00
4770	0.00
4771	0.00
4772	0.00
4773	0.00
4774	0.00
4775	0.00
4776	0.00
4777	0.00
4778	0.00
4779	0.00
4780	0.00
4781	0.00
4782	0.00
4783	0.00
4784	0.00
4785	0.00
4786	0.00
4787	0.00
4788	0.00
4789	0.00
4790	0.00
4791	0.00
4792	0.00
4793	0.00
4794	0.00
4795	0.00
4796	0.00
4797	0.00
4798	0.00
4799	0.00
4800	0.00
4801	0.00
4802	0.00
4803	0.00
4804	0.00
4805	0.00
4806	0.00
4807	0.00
4808	0.00
4809	0.00
4810	0.00
4811	0.00
4812	0.00
4813	0.00
4814	0.00
4815	0.00
4816	0.00
4817	0.00
4818	0.00
4819	0.00
4820	0.00
4821	0.00
4822	0.00
4823	0.00
4824	0.00
4825	0.00
4826	0.00
4827	0.00
4828	0.00
4829	0.00
4830	0.00
4831	0.00
4832	0.00
4833	0.00
4834	0.00
4835	0.00
4836	0.00
4837	0.00
4838	0.00
4839	0.00
4840	0.00
4841	0.00
4842	0.00
4843	0.00
4844	0.00
4845	0.00
4846	0.00
4847	0.00
4848	0.00
4849	0.00
4850	0.00
4851	0.00
4852	0.00
4853	0.00
4854	0.00
4855	0.00
4856	0.00
4857	0.00
4858	0.00
4859	0.00
4860	0.00
4861	0.00
4862	0.00
4863	0.00
4864	0.00
4865	0.00
4866	0.00
4867	0.00
4868	0.00
4869	0.00
4870	0.00
4871	0.00
4872	0.00
4873	0.00
4874	0.00
4875	0.00
4876	0.00
4877	0.00
4878	0.00
4879	0.00
4880	0.00
4881	0.00
4882	0.00
4883	0.00
4884	0.00
4885	0.00
4886	0.00
4887	0.00
4888	0.00
4889	0.00
4890	0.00
4891	0.00
4892	0.00
4893	0.00
4894	0.00
4895	0.00
4896	0.00
4897	0.00
4898	0.00
4899	0.00
4900	0.00
4901	0.00
4902	5.10
4903	0.00
4904	0.00
4905	0.00
4906	0.00
4907	0.00
4908	0.00
4909	0.00
4910	0.00
4911	0.00
4912	0.00
4913	0.00
4914	0.00
4915	0.00
4916	0.00
4917	0.00
4918	0.00
4919	0.00
4920	0.00
4921	0.00
4922	0.00
4923	0.00
4924	0.00
4925	0.00
4926	10.90
4927	0.00
4928	0.00
4929	0.00
4930	0.00
4931	0.00
4932	0.00
4933	0.00
4934	0.00
4935	0.00
4936	0.00
4937	0.00
4938	0.00
4939	0.00
4940	0.00
4941	0.00
4942	0.00
4943	0.00
4944	0.00
4945	0.00
4946	0.00
4947	0.00
4948	0.00
4949	0.00
4950	3.80
4951	0.00
4952	0.00
4953	0.00
4954	0.00
4955	0.00
4956	0.00
4957	0.00
4958	0.00
4959	0.00
4960	0.00
4961	0.00
4962	0.00
4963	0.00
4964	0.00
4965	0.00
4966	0.00
4967	0.00
4968	0.00
4969	0.00
4970	0.00
4971	0.00
4972	0.00
4973	0.00
4974	58.80
4975	0.00
4976	0.00
4977	0.00
4978	0.00
4979	0.00
4980	0.00
4981	0.00
4982	0.00
4983	0.00
4984	0.00
4985	0.00
4986	0.00
4987	0.00
4988	0.00
4989	0.00
4990	0.00
4991	0.00
4992	0.00
4993	0.00
4994	0.00
4995	0.00
4996	0.00
4997	0.00
4998	0.00
4999	0.00
5000	0.00
5001	0.00
5002	0.00
5003	0.00
5004	0.00
5005	0.00
5006	0.00
5007	0.00
5008	0.00
5009	0.00
5010	0.00
5011	0.00
5012	0.00
5013	0.00
5014	0.00
5015	0.00
5016	0.00
5017	0.00
5018	0.00
5019	0.00
5020	0.00
5021	0.00
5022	0.00
5023	0.00
5024	0.00
5025	0.00
5026	0.00
5027	0.00
5028	0.00
5029	0.00
5030	0.00
5031	0.00
5032	0.00
5033	0.00
5034	0.00
5035	0.00
5036	0.00
5037	0.00
5038	0.00
5039	0.00
5040	0.00
5041	0.00
5042	0.00
5043	0.00
5044	0.00
5045	0.00
5046	0.00
5047	0.00
5048	0.00
5049	0.00
5050	0.00
5051	0.00
5052	0.00
5053	0.00
5054	0.00
5055	0.00
5056	0.00
5057	0.00
5058	0.00
5059	0.00
5060	0.00
5061	0.00
5062	0.00
5063	0.00
5064	0.00
5065	0.00
5066	0.00
5067	0.00
5068	0.00
5069	0.00
5070	0.00
5071	0.00
5072	0.00
5073	0.00
5074	0.00
5075	0.00
5076	0.00
5077	0.00
5078	0.00
5079	0.00
5080	0.00
5081	0.00
5082	0.00
5083	0.00
5084	0.00
5085	0.00
5086	0.00
5087	0.00
5088	0.00
5089	0.00
5090	0.00
5091	0.00
5092	0.00
5093	0.00
5094	0.70
5095	0.00
5096	0.00
5097	0.00
5098	0.00
5099	0.00
5100	0.00
5101	0.00
5102	0.00
5103	0.00
5104	0.00
5105	0.00
5106	0.00
5107	0.00
5108	0.00
5109	0.00
5110	0.00
5111	0.00
5112	0.00
5113	0.00
5114	0.00
5115	0.00
5116	0.00
5117	0.00
5118	39.50
5119	0.00
5120	0.00
5121	0.00
5122	0.00
5123	0.00
5124	0.00
5125	0.00
5126	0.00
5127	0.00
5128	0.00
5129	0.00
5130	0.00
5131	0.00
5132	0.00
5133	0.00
5134	0.00
5135	0.00
5136	0.00
5137	0.00
5138	0.00
5139	0.00
5140	0.00
5141	0.00
5142	59.30
5143	0.00
5144	0.00
5145	0.00
5146	0.00
5147	0.00
5148	0.00
5149	0.00
5150	0.00
5151	0.00
5152	0.00
5153	0.00
5154	0.00
5155	0.00
5156	0.00
5157	0.00
5158	0.00
5159	0.00
5160	0.00
5161	0.00
5162	0.00
5163	0.00
5164	0.00
5165	0.00
5166	47.90
5167	0.00
5168	0.00
5169	0.00
5170	0.00
5171	0.00
5172	0.00
5173	0.00
5174	0.00
5175	0.00
5176	0.00
5177	0.00
5178	0.00
5179	0.00
5180	0.00
5181	0.00
5182	0.00
5183	0.00
5184	0.00
5185	0.00
5186	0.00
5187	0.00
5188	0.00
5189	0.00
5190	97.40
5191	0.00
5192	0.00
5193	0.00
5194	0.00
5195	0.00
5196	0.00
5197	0.00
5198	0.00
5199	0.00
5200	0.00
5201	0.00
5202	0.00
5203	0.00
5204	0.00
5205	0.00
5206	0.00
5207	0.00
5208	0.00
5209	0.00
5210	0.00
5211	0.00
5212	0.00
5213	0.00
5214	113.00
5215	0.00
5216	0.00
5217	0.00
5218	0.00
5219	0.00
5220	0.00
5221	0.00
5222	0.00
5223	0.00
5224	0.00
5225	0.00
5226	0.00
5227	0.00
5228	0.00
5229	0.00
5230	0.00
5231	0.00
5232	0.00
5233	0.00
5234	0.00
5235	0.00
5236	0.00
5237	0.00
5238	41.70
5239	0.00
5240	0.00
5241	0.00
5242	0.00
5243	0.00
5244	0.00
5245	0.00
5246	0.00
5247	0.00
5248	0.00
5249	0.00
5250	0.00
5251	0.00
5252	0.00
5253	0.00
5254	0.00
5255	0.00
5256	0.00
5257	0.00
5258	0.00
5259	0.00
5260	0.00
5261	0.00
5262	0.00
5263	0.00
5264	0.00
5265	0.00
5266	0.00
5267	0.00
5268	0.00
5269	0.00
5270	0.00
5271	0.00
5272	0.00
5273	0.00
5274	0.00
5275	0.00
5276	0.00
5277	0.00
5278	0.00
5279	0.00
5280	0.00
5281	0.00
5282	0.00
5283	0.00
5284	0.00
5285	0.00
5286	0.00
5287	0.00
5288	0.00
5289	0.00
5290	0.00
5291	0.00
5292	0.00
5293	0.00
5294	0.00
5295	0.00
5296	0.00
5297	0.00
5298	0.00
5299	0.00
5300	0.00
5301	0.00
5302	0.00
5303	0.00
5304	0.00
5305	0.00
5306	0.00
5307	0.00
5308	0.00
5309	0.00
5310	0.00
5311	0.00
5312	0.00
5313	0.00
5314	0.00
5315	0.00
5316	0.00
5317	0.00
5318	0.00
5319	0.00
5320	0.00
5321	0.00
5322	0.00
5323	0.00
5324	0.00
5325	0.00
5326	0.00
5327	0.00
5328	0.00
5329	0.00
5330	0.00
5331	0.00
5332	0.00
5333	0.00
5334	0.00
5335	0.00
5336	0.00
5337	0.00
5338	0.00
5339	0.00
5340	0.00
5341	0.00
5342	0.00
5343	0.00
5344	0.00
5345	0.00
5346	0.00
5347	0.00
5348	0.00
5349	0.00
5350	0.00
5351	0.00
5352	0.00
5353	0.00
5354	0.00
5355	0.00
5356	0.00
5357	0.00
5358	0.00
5359	0.00
5360	0.00
5361	0.00
5362	0.00
5363	0.00
5364	0.00
5365	0.00
5366	0.00
5367	0.00
5368	0.00
5369	0.00
5370	0.00
5371	0.00
5372	0.00
5373	0.00
5374	0.00
5375	0.00
5376	0.00
5377	0.00
5378	0.00
5379	0.00
5380	0.00
5381	0.00
5382	0.00
5383	0.00
5384	0.00
5385	0.00
5386	0.00
5387	0.00
5388	0.00
5389	0.00
5390	0.00
5391	0.00
5392	0.00
5393	0.00
5394	0.00
5395	0.00
5396	0.00
5397	0.00
5398	0.00
5399	0.00
5400	0.00
5401	0.00
5402	0.00
5403	0.00
5404	0.00
5405	0.00
5406	0.00
5407	0.00
5408	0.00
5409	0.00
5410	0.00
5411	0.00
5412	0.00
5413	0.00
5414	0.00
5415	0.00
5416	0.00
5417	0.00
5418	0.00
5419	0.00
5420	0.00
5421	0.00
5422	0.00
5423	0.00
5424	0.00
5425	0.00
5426	0.00
5427	0.00
5428	0.00
5429	0.00
5430	0.00
5431	0.00
5432	0.00
5433	0.00
5434	0.00
5435	0.00
5436	0.00
5437	0.00
5438	0.00
5439	0.00
5440	0.00
5441	0.00
5442	0.00
5443	0.00
5444	0.00
5445	0.00
5446	0.00
5447	0.00
5448	0.00
5449	0.00
5450	0.00
5451	0.00
5452	0.00
5453	0.00
5454	0.00
5455	0.00
5456	0.00
5457	0.00
5458	0.00
5459	0.00
5460	0.00
5461	0.00
5462	0.00
5463	0.00
5464	0.00
5465	0.00
5466	0.00
5467	0.00
5468	0.00
5469	0.00
5470	0.00
5471	0.00
5472	0.00
5473	0.00
5474	0.00
5475	0.00
5476	0.00
5477	0.00
5478	0.00
5479	0.00
5480	0.00
5481	0.00
5482	0.00
5483	0.00
5484	0.00
5485	0.00
5486	0.00
5487	0.00
5488	0.00
5489	0.00
5490	0.00
5491	0.00
5492	0.00
5493	0.00
5494	0.00
5495	0.00
5496	0.00
5497	0.00
5498	0.00
5499	0.00
5500	0.00
5501	0.00
5502	0.00
5503	0.00
5504	0.00
5505	0.00
5506	0.00
5507	0.00
5508	0.00
5509	0.00
5510	0.00
5511	0.00
5512	0.00
5513	0.00
5514	0.00
5515	0.00
5516	0.00
5517	0.00
5518	0.00
5519	0.00
5520	0.00
5521	0.00
5522	0.00
5523	0.00
5524	0.00
5525	0.00
5526	0.00
5527	0.00
5528	0.00
5529	0.00
5530	0.00
5531	0.00
5532	0.00
5533	0.00
5534	0.00
5535	0.00
5536	0.00
5537	0.00
5538	0.00
5539	0.00
5540	0.00
5541	0.00
5542	0.00
5543	0.00
5544	0.00
5545	0.00
5546	0.00
5547	0.00
5548	0.00
5549	0.00
5550	2.80
5551	0.00
5552	0.00
5553	0.00
5554	0.00
5555	0.00
5556	0.00
5557	0.00
5558	0.00
5559	0.00
5560	0.00
5561	0.00
5562	0.00
5563	0.00
5564	0.00
5565	0.00
5566	0.00
5567	0.00
5568	0.00
5569	0.00
5570	0.00
5571	0.00
5572	0.00
5573	0.00
5574	0.00
5575	0.00
5576	0.00
5577	0.00
5578	0.00
5579	0.00
5580	0.00
5581	0.00
5582	0.00
5583	0.00
5584	0.00
5585	0.00
5586	0.00
5587	0.00
5588	0.00
5589	0.00
5590	0.00
5591	0.00
5592	0.00
5593	0.00
5594	0.00
5595	0.00
5596	0.00
5597	0.00
5598	109.10
5599	0.00
5600	0.00
5601	0.00
5602	0.00
5603	0.00
5604	0.00
5605	0.00
5606	0.00
5607	0.00
5608	0.00
5609	0.00
5610	0.00
5611	0.00
5612	110.70
5613	0.00
5614	0.00
5615	0.00
5616	0.00
5617	0.00
5618	0.00
5619	0.00
5620	0.00
5621	0.00
5622	207.90
5623	0.00
5624	0.00
5625	0.00
5626	0.00
5627	0.00
5628	0.00
5629	0.00
5630	0.00
5631	0.00
5632	0.00
5633	0.00
5634	0.00
5635	0.00
5636	22.80
5637	0.00
5638	0.00
5639	0.00
5640	0.00
5641	0.00
5642	0.00
5643	0.00
5644	0.00
5645	0.00
5646	173.80
5647	0.00
5648	0.00
5649	0.00
5650	0.00
5651	0.00
5652	0.00
5653	0.00
5654	0.00
5655	0.00
5656	0.00
5657	0.00
5658	0.00
5659	0.00
5660	0.00
5661	0.00
5662	0.00
5663	0.00
5664	0.00
5665	0.00
5666	0.00
5667	0.00
5668	0.00
5669	0.00
5670	68.50
5671	0.00
5672	0.00
5673	0.00
5674	0.00
5675	0.00
5676	0.00
5677	0.00
5678	0.00
5679	0.00
5680	0.00
5681	0.00
5682	0.00
5683	0.00
5684	0.00
5685	0.00
5686	0.00
5687	0.00
5688	0.00
5689	0.00
5690	0.00
5691	0.00
5692	0.00
5693	0.00
5694	135.80
5695	0.00
5696	0.00
5697	0.00
5698	0.00
5699	0.00
5700	0.00
5701	0.00
5702	0.00
5703	0.00
5704	0.00
5705	0.00
5706	0.00
5707	0.00
5708	0.00
5709	0.00
5710	0.00
5711	0.00
5712	0.00
5713	0.00
5714	0.00
5715	0.00
5716	0.00
5717	0.00
5718	142.10
5719	0.00
5720	0.00
5721	0.00
5722	0.00
5723	0.00
5724	0.00
5725	0.00
5726	0.00
5727	0.00
5728	0.00
5729	0.00
5730	0.00
5731	0.00
5732	8.80
5733	0.00
5734	0.00
5735	0.00
5736	0.00
5737	0.00
5738	0.00
5739	0.00
5740	0.00
5741	0.00
5742	198.60
5743	0.00
5744	0.00
5745	0.00
5746	0.00
5747	0.00
5748	0.00
5749	0.00
5750	0.00
5751	0.00
5752	0.00
5753	0.00
5754	0.00
5755	0.00
5756	6.00
5757	0.00
5758	0.00
5759	0.00
5760	0.00
5761	0.00
5762	0.00
5763	0.00
5764	0.00
5765	0.00
5766	168.90
5767	0.00
5768	0.00
5769	0.00
5770	0.00
5771	0.00
5772	0.00
5773	0.00
5774	0.00
5775	0.00
5776	0.00
5777	0.00
5778	0.00
5779	0.00
5780	140.80
5781	0.00
5782	0.00
5783	0.00
5784	0.00
5785	0.00
5786	0.00
5787	0.00
5788	0.00
5789	0.00
5790	352.10
5791	0.00
5792	0.00
5793	0.00
5794	0.00
5795	0.00
5796	0.00
5797	0.00
5798	0.00
5799	0.00
5800	0.00
5801	0.00
5802	0.00
5803	0.00
5804	297.80
5805	0.00
5806	0.00
5807	0.00
5808	0.00
5809	0.00
5810	0.00
5811	0.00
5812	0.00
5813	0.00
5814	438.10
5815	0.00
5816	0.00
5817	0.00
5818	0.00
5819	0.00
5820	0.00
5821	0.00
5822	0.00
5823	0.00
5824	0.00
5825	0.00
5826	0.00
5827	0.00
5828	423.30
5829	0.00
5830	0.00
5831	0.00
5832	0.00
5833	0.00
5834	0.00
5835	0.00
5836	0.00
5837	65.10
5838	526.50
5839	0.00
5840	0.00
5841	0.00
5842	0.00
5843	0.00
5844	0.00
5845	0.00
5846	0.00
5847	0.00
5848	0.00
5849	0.00
5850	0.00
5851	0.00
5852	449.60
5853	0.00
5854	0.00
5855	0.00
5856	0.00
5857	0.00
5858	0.00
5859	0.00
5860	0.00
5861	315.40
5862	602.20
5863	2.90
5864	0.00
5865	0.00
5866	0.00
5867	0.00
5868	0.00
5869	0.00
5870	0.00
5871	0.00
5872	0.00
5873	0.00
5874	0.00
5875	0.00
5876	293.40
5877	0.00
5878	0.00
5879	0.00
5880	0.00
5881	0.00
5882	0.00
5883	0.00
5884	0.00
5885	0.00
5886	467.50
5887	0.00
5888	0.00
5889	0.00
5890	0.00
5891	0.00
5892	0.00
5893	0.00
5894	0.00
5895	0.00
5896	0.00
5897	0.00
5898	0.00
5899	0.00
5900	222.20
5901	0.00
5902	0.00
5903	0.00
5904	0.00
5905	0.00
5906	0.00
5907	0.00
5908	0.00
5909	0.00
5910	403.30
5911	0.00
5912	0.00
5913	0.00
5914	0.00
5915	0.00
5916	0.00
5917	0.00
5918	0.00
5919	0.00
5920	0.00
5921	0.00
5922	0.00
5923	0.00
5924	254.00
5925	0.00
5926	0.00
5927	0.00
5928	0.00
5929	0.00
5930	0.00
5931	0.00
5932	0.00
5933	0.00
5934	413.80
5935	0.00
5936	0.00
5937	0.00
5938	0.00
5939	0.00
5940	0.00
5941	0.00
5942	0.00
5943	0.00
5944	0.00
5945	0.00
5946	0.00
5947	0.00
5948	231.50
5949	0.00
5950	0.00
5951	0.00
5952	0.00
5953	0.00
5954	0.00
5955	0.00
5956	0.00
5957	0.00
5958	435.80
5959	0.00
5960	0.00
5961	0.00
5962	0.00
5963	0.00
5964	0.00
5965	0.00
5966	0.00
5967	0.00
5968	0.00
5969	0.00
5970	0.00
5971	0.00
5972	203.80
5973	0.00
5974	0.00
5975	0.00
5976	0.00
5977	0.00
5978	0.00
5979	0.00
5980	0.00
5981	0.00
5982	385.50
5983	0.00
5984	0.00
5985	0.00
5986	0.00
5987	0.00
5988	0.00
5989	0.00
5990	0.00
5991	0.00
5992	0.00
5993	0.00
5994	0.00
5995	0.00
5996	210.40
5997	0.00
5998	0.00
5999	0.00
6000	0.00
6001	0.00
6002	0.00
6003	0.00
6004	0.00
6005	0.00
6006	386.40
6007	0.00
6008	0.00
6009	0.00
6010	0.00
6011	0.00
6012	0.00
6013	0.00
6014	0.00
6015	0.00
6016	0.00
6017	0.00
6018	0.00
6019	0.00
6020	71.10
6021	0.00
6022	0.00
6023	0.00
6024	0.00
6025	0.00
6026	0.00
6027	0.00
6028	0.00
6029	0.00
6030	300.10
6031	0.00
6032	0.00
6033	0.00
6034	0.00
6035	0.00
6036	0.00
6037	0.00
6038	0.00
6039	0.00
6040	0.00
6041	0.00
6042	0.00
6043	0.00
6044	4.20
6045	0.00
6046	0.00
6047	0.00
6048	0.00
6049	0.00
6050	0.00
6051	0.00
6052	0.00
6053	0.00
6054	181.00
6055	0.00
6056	0.00
6057	0.00
6058	0.00
6059	0.00
6060	0.00
6061	0.00
6062	0.00
6063	0.00
6064	0.00
6065	0.00
6066	0.00
6067	0.00
6068	298.50
6069	0.00
6070	0.00
6071	0.00
6072	0.00
6073	0.00
6074	0.00
6075	0.00
6076	0.00
6077	0.00
6078	429.70
6079	0.00
6080	0.00
6081	0.00
6082	0.00
6083	0.00
6084	0.00
6085	0.00
6086	0.00
6087	0.00
6088	0.00
6089	0.00
6090	0.00
6091	0.00
6092	409.00
6093	0.00
6094	0.00
6095	0.00
6096	0.00
6097	0.00
6098	0.00
6099	0.00
6100	0.00
6101	2.30
6102	509.60
6103	0.00
6104	0.00
6105	0.00
6106	0.00
6107	0.00
6108	0.00
6109	0.00
6110	0.00
6111	0.00
6112	0.00
6113	0.00
6114	0.00
6115	0.00
6116	323.10
6117	0.00
6118	0.00
6119	0.00
6120	0.00
6121	0.00
6122	0.00
6123	0.00
6124	0.00
6125	0.10
6126	526.50
6127	0.00
6128	0.00
6129	0.00
6130	0.00
6131	0.00
6132	0.00
6133	0.00
6134	0.00
6135	0.00
6136	0.00
6137	0.00
6138	0.00
6139	0.00
6140	316.80
6141	0.00
6142	0.00
6143	0.00
6144	0.00
6145	0.00
6146	0.00
6147	0.00
6148	0.00
6149	0.00
6150	516.00
6151	0.00
6152	0.00
6153	0.00
6154	0.00
6155	0.00
6156	0.00
6157	0.00
6158	0.00
6159	0.00
6160	0.00
6161	0.00
6162	0.00
6163	0.00
6164	467.70
6165	0.00
6166	0.00
6167	0.00
6168	0.00
6169	0.00
6170	0.00
6171	0.00
6172	0.00
6173	30.40
6174	560.70
6175	0.00
6176	0.00
6177	0.00
6178	0.00
6179	0.00
6180	0.00
6181	0.00
6182	0.00
6183	0.00
6184	0.00
6185	0.00
6186	0.00
6187	0.00
6188	415.60
6189	0.00
6190	0.00
6191	0.00
6192	0.00
6193	0.00
6194	0.00
6195	0.00
6196	0.00
6197	102.00
6198	615.10
6199	6.50
6200	0.00
6201	0.00
6202	0.00
6203	0.00
6204	0.00
6205	0.00
6206	0.00
6207	0.00
6208	0.00
6209	0.00
6210	0.00
6211	0.00
6212	515.40
6213	0.00
6214	0.00
6215	0.00
6216	0.00
6217	0.00
6218	0.00
6219	0.00
6220	0.00
6221	187.60
6222	636.40
6223	17.70
6224	0.50
6225	0.00
6226	0.00
6227	0.00
6228	0.00
6229	0.00
6230	0.00
6231	0.00
6232	0.00
6233	0.00
6234	0.00
6235	0.00
6236	526.90
6237	1.40
6238	39.50
6239	0.00
6240	0.00
6241	0.00
6242	0.00
6243	0.00
6244	0.00
6245	352.30
6246	822.60
6247	109.50
6248	28.30
6249	7.60
6250	2.90
6251	1.20
6252	0.00
6253	0.00
6254	1.00
6255	13.20
6256	29.10
6257	66.70
6258	139.40
6259	174.00
6260	764.60
6261	200.20
6262	216.40
6263	0.00
6264	0.00
6265	0.00
6266	0.00
6267	0.00
6268	5.40
6269	1398.90
6270	1352.80
6271	243.10
6272	61.50
6273	23.60
6274	2.30
6275	0.00
6276	0.00
6277	0.00
6278	0.00
6279	0.00
6280	0.00
6281	0.00
6282	0.00
6283	0.00
6284	565.90
6285	61.20
6286	107.20
6287	0.00
6288	0.00
6289	0.00
6290	0.00
6291	0.00
6292	0.00
6293	733.30
6294	1038.20
6295	103.20
6296	41.00
6297	18.10
6298	0.70
6299	0.00
6300	0.00
6301	0.00
6302	0.00
6303	0.00
6304	0.00
6305	4.30
6306	36.60
6307	59.80
6308	671.60
6309	131.00
6310	155.00
6311	0.00
6312	0.00
6313	0.00
6314	0.00
6315	0.00
6316	0.30
6317	1029.80
6318	1264.00
6319	476.00
6320	267.40
6321	110.60
6322	63.60
6323	39.10
6324	32.50
6325	41.00
6326	55.30
6327	17.90
6328	111.10
6329	361.60
6330	357.50
6331	480.30
6332	1114.10
6333	400.30
6334	401.40
6335	0.00
6336	0.00
6337	11.10
6338	30.60
6339	42.60
6340	51.80
6341	2319.50
6342	1921.50
6343	1009.60
6344	626.20
6345	81.90
6346	45.20
6347	12.60
6348	0.00
6349	0.00
6350	0.00
6351	0.00
6352	24.90
6353	141.20
6354	246.00
6355	287.60
6356	866.70
6357	299.90
6358	320.40
6359	0.00
6360	6.30
6361	32.90
6362	46.90
6363	55.80
6364	62.60
6365	2355.00
6366	1917.70
6367	1134.70
6368	840.80
6369	616.60
6370	440.30
6371	359.50
6372	298.00
6373	76.90
6374	64.90
6375	144.00
6376	390.40
6377	850.70
6378	1031.80
6379	1098.30
6380	1759.10
6381	1045.20
6382	1103.20
6383	40.00
6384	74.10
6385	85.50
6386	92.30
6387	100.50
6388	109.70
6389	4034.90
6390	2720.00
6391	755.00
6392	189.90
6393	92.50
6394	61.90
6395	38.10
6396	9.70
6397	0.00
6398	0.00
6399	0.00
6400	0.00
6401	10.00
6402	129.00
6403	251.40
6404	826.90
6405	330.20
6406	409.60
6407	19.80
6408	62.90
6409	78.80
6410	88.30
6411	95.60
6412	100.50
6413	2196.40
6414	1807.60
6415	1012.00
6416	730.90
6417	410.60
6418	103.60
6419	70.40
6420	46.90
6421	23.60
6422	7.40
6423	13.80
6424	89.30
6425	314.30
6426	494.10
6427	539.50
6428	1240.60
6429	611.10
6430	717.00
6431	18.50
6432	62.70
6433	79.70
6434	90.30
6435	95.70
6436	96.70
6437	3361.60
6438	2428.20
6439	1497.90
6440	1178.00
6441	894.00
6442	639.10
6443	367.80
6444	69.60
6445	9.90
6446	0.00
6447	0.00
6448	15.40
6449	157.40
6450	339.40
6451	501.60
6452	1134.50
6453	522.30
6454	612.60
6455	8.80
6456	46.40
6457	60.50
6458	69.60
6459	75.80
6460	79.50
6461	2796.90
6462	2112.20
6463	1199.80
6464	742.10
6465	112.70
6466	61.00
6467	43.90
6468	29.40
6469	10.80
6470	0.00
6471	5.60
6472	51.20
6473	248.50
6474	307.70
6475	377.70
6476	980.30
6477	340.10
6478	408.00
6479	0.00
6480	1.00
6481	23.30
6482	37.40
6483	47.10
6484	56.30
6485	2393.80
6486	1871.90
6487	567.10
6488	95.10
6489	61.80
6490	42.20
6491	23.40
6492	6.10
6493	0.00
6494	0.00
6495	0.00
6496	0.00
6497	0.00
6498	43.40
6499	129.80
6500	752.20
6501	204.10
6502	238.20
6503	0.00
6504	0.00
6505	8.40
6506	31.90
6507	45.80
6508	55.40
6509	2280.00
6510	1816.20
6511	481.70
6512	338.70
6513	75.00
6514	32.30
6515	3.10
6516	0.00
6517	0.00
6518	0.00
6519	0.00
6520	0.00
6521	0.00
6522	5.60
6523	46.10
6524	668.60
6525	129.90
6526	157.80
6527	0.00
6528	0.00
6529	0.00
6530	0.00
6531	0.00
6532	6.90
6533	674.80
6534	1019.10
6535	308.20
6536	159.00
6537	77.50
6538	56.30
6539	31.20
6540	6.10
6541	0.00
6542	0.00
6543	0.00
6544	0.00
6545	0.00
6546	50.90
6547	144.30
6548	771.80
6549	219.60
6550	245.50
6551	0.00
6552	0.00
6553	0.00
6554	7.40
6555	20.10
6556	26.90
6557	1159.50
6558	1262.40
6559	238.60
6560	235.00
6561	180.40
6562	98.30
6563	74.60
6564	62.70
6565	47.90
6566	3.00
6567	0.00
6568	33.00
6569	250.70
6570	238.40
6571	299.70
6572	898.70
6573	229.90
6574	246.30
6575	0.00
6576	0.00
6577	0.00
6578	4.20
6579	21.10
6580	32.20
6581	1690.20
6582	1553.60
6583	321.50
6584	82.50
6585	46.10
6586	39.10
6587	18.90
6588	0.00
6589	0.00
6590	0.00
6591	0.00
6592	0.00
6593	0.00
6594	0.00
6595	0.00
6596	523.10
6597	0.00
6598	0.00
6599	0.00
6600	0.00
6601	0.00
6602	0.00
6603	0.00
6604	0.00
6605	142.70
6606	655.70
6607	50.90
6608	34.50
6609	33.60
6610	27.70
6611	22.80
6612	4.50
6613	0.00
6614	0.00
6615	0.00
6616	3.60
6617	55.60
6618	136.20
6619	173.20
6620	752.10
6621	190.50
6622	208.00
6623	0.00
6624	0.00
6625	0.00
6626	0.00
6627	0.00
6628	5.90
6629	1350.10
6630	1377.40
6631	157.40
6632	61.50
6633	23.30
6634	0.60
6635	0.00
6636	0.00
6637	0.00
6638	0.00
6639	0.00
6640	0.00
6641	0.00
6642	0.00
6643	0.80
6644	602.40
6645	79.00
6646	135.20
6647	0.00
6648	0.00
6649	0.00
6650	18.50
6651	33.90
6652	43.90
6653	969.50
6654	1178.90
6655	477.20
6656	330.50
6657	222.80
6658	172.00
6659	146.80
6660	139.10
6661	166.60
6662	292.60
6663	457.00
6664	691.10
6665	888.10
6666	821.70
6667	795.40
6668	1425.00
6669	713.60
6670	765.80
6671	19.40
6672	59.50
6673	74.80
6674	85.60
6675	95.60
6676	102.30
6677	3603.40
6678	2696.00
6679	1824.40
6680	1481.10
6681	942.00
6682	693.60
6683	549.80
6684	641.20
6685	578.30
6686	762.80
6687	1021.40
6688	1564.60
6689	1765.30
6690	1773.10
6691	1432.00
6692	2106.60
6693	1362.40
6694	1344.70
6695	56.70
6696	84.70
6697	95.50
6698	102.20
6699	107.60
6700	113.00
6701	4296.20
6702	3123.40
6703	2150.50
6704	1750.90
6705	1419.70
6706	1163.80
6707	995.00
6708	924.50
6709	1006.00
6710	1207.50
6711	1154.10
6712	1385.90
6713	1506.70
6714	1489.20
6715	1446.00
6716	2116.30
6717	1388.50
6718	1420.20
6719	53.10
6720	83.70
6721	94.70
6722	100.50
6723	105.20
6724	111.50
6725	4332.80
6726	3136.70
6727	2105.80
6728	1158.80
6729	536.10
6730	229.60
6731	93.00
6732	76.70
6733	70.60
6734	115.90
6735	417.10
6736	997.80
6737	1316.40
6738	1205.70
6739	1043.00
6740	1751.70
6741	1014.80
6742	1044.00
6743	17.80
6744	57.70
6745	72.20
6746	82.60
6747	92.60
6748	99.50
6749	3796.60
6750	2815.40
6751	1602.80
6752	778.90
6753	339.60
6754	133.20
6755	71.00
6756	42.40
6757	15.20
6758	21.30
6759	101.30
6760	370.80
6761	796.60
6762	787.60
6763	723.20
6764	1450.30
6765	788.30
6766	864.20
6767	14.00
6768	55.20
6769	66.30
6770	74.80
6771	83.50
6772	90.70
6773	3340.70
6774	2559.10
6775	1735.50
6776	1429.20
6777	1179.20
6778	964.10
6779	813.80
6780	732.40
6781	663.50
6782	336.60
6783	517.30
6784	1052.90
6785	1342.10
6786	1210.20
6787	1072.60
6788	1775.30
6789	1038.10
6790	1068.80
6791	17.60
6792	56.50
6793	71.90
6794	81.70
6795	90.30
6796	98.40
6797	3759.10
6798	2761.90
6799	1860.60
6800	1534.60
6801	1259.20
6802	1029.80
6803	877.50
6804	795.70
6805	814.00
6806	947.30
6807	1162.90
6808	1397.30
6809	1511.10
6810	1342.40
6811	1119.50
6812	1817.70
6813	1093.90
6814	1104.20
6815	15.30
6816	57.60
6817	74.50
6818	84.60
6819	93.50
6820	100.10
6821	3886.60
6822	2840.70
6823	1392.20
6824	491.50
6825	279.50
6826	120.70
6827	80.90
6828	74.20
6829	32.20
6830	28.60
6831	296.50
6832	725.10
6833	1229.40
6834	1157.80
6835	987.30
6836	1700.30
6837	987.20
6838	1013.00
6839	32.90
6840	67.60
6841	79.60
6842	89.50
6843	97.00
6844	101.90
6845	3652.10
6846	2731.80
6847	1572.20
6848	797.30
6849	284.60
6850	156.30
6851	90.40
6852	68.90
6853	51.40
6854	71.80
6855	198.20
6856	601.80
6857	1011.60
6858	1098.20
6859	891.80
6860	1613.70
6861	920.20
6862	972.90
6863	17.90
6864	60.30
6865	75.90
6866	85.60
6867	94.20
6868	101.50
6869	3703.90
6870	2764.00
6871	1603.00
6872	777.00
6873	282.90
6874	107.40
6875	334.20
6876	420.40
6877	110.10
6878	133.30
6879	329.90
6880	637.70
6881	787.80
6882	793.60
6883	811.40
6884	1480.20
6885	735.30
6886	826.30
6887	1.00
6888	35.40
6889	56.10
6890	70.70
6891	83.80
6892	93.90
6893	3649.90
6894	2774.30
6895	1732.90
6896	515.40
6897	137.90
6898	77.00
6899	50.60
6900	27.10
6901	19.10
6902	23.50
6903	53.00
6904	251.70
6905	550.10
6906	626.10
6907	656.90
6908	1465.00
6909	827.00
6910	916.20
6911	25.00
6912	70.90
6913	90.80
6914	99.70
6915	105.00
6916	112.30
6917	4056.00
6918	3002.00
6919	1409.00
6920	421.30
6921	186.40
6922	93.60
6923	63.30
6924	28.20
6925	0.80
6926	0.00
6927	11.80
6928	210.80
6929	407.20
6930	473.40
6931	378.80
6932	1022.20
6933	456.30
6934	471.60
6935	0.10
6936	29.30
6937	47.20
6938	55.30
6939	60.60
6940	65.80
6941	2051.70
6942	1798.60
6943	802.80
6944	228.20
6945	95.00
6946	74.00
6947	60.50
6948	49.30
6949	33.30
6950	25.90
6951	91.50
6952	290.60
6953	496.80
6954	449.10
6955	549.90
6956	1342.80
6957	694.10
6958	817.80
6959	10.10
6960	53.40
6961	68.60
6962	76.90
6963	81.80
6964	87.40
6965	3277.50
6966	2538.30
6967	1214.70
6968	291.80
6969	131.00
6970	79.50
6971	58.50
6972	34.50
6973	5.10
6974	0.00
6975	8.50
6976	236.10
6977	526.60
6978	631.00
6979	479.00
6980	1272.00
6981	763.30
6982	951.50
6983	72.70
6984	103.70
6985	121.10
6986	133.30
6987	141.40
6988	147.90
6989	4624.30
6990	3320.00
6991	1654.30
6992	618.20
6993	261.20
6994	158.90
6995	81.40
6996	43.50
6997	4.40
6998	0.10
6999	79.90
7000	312.30
7001	610.10
7002	728.60
7003	561.30
7004	1227.30
7005	681.80
7006	731.30
7007	61.50
7008	93.80
7009	110.80
7010	120.80
7011	127.50
7012	134.70
7013	3969.10
7014	2987.90
7015	1509.00
7016	657.70
7017	682.10
7018	389.30
7019	320.90
7020	146.80
7021	78.20
7022	76.40
7023	197.10
7024	517.30
7025	997.60
7026	1325.10
7027	1183.50
7028	1942.70
7029	1314.10
7030	1403.80
7031	92.80
7032	112.20
7033	120.40
7034	126.50
7035	130.80
7036	133.70
7037	4405.50
7038	3233.80
7039	2112.10
7040	1336.90
7041	753.60
7042	370.60
7043	209.20
7044	126.20
7045	145.40
7046	273.60
7047	440.00
7048	869.10
7049	1073.50
7050	1074.10
7051	1081.10
7052	1795.10
7053	1057.70
7054	1106.60
7055	30.20
7056	68.70
7057	81.70
7058	89.20
7059	95.20
7060	99.10
7061	3630.10
7062	2757.10
7063	1703.50
7064	947.70
7065	455.70
7066	226.00
7067	138.70
7068	113.80
7069	476.60
7070	877.40
7071	1097.50
7072	1290.50
7073	1359.00
7074	1177.40
7075	994.70
7076	1678.10
7077	920.70
7078	948.10
7079	7.00
7080	49.20
7081	68.10
7082	75.20
7083	80.30
7084	87.50
7085	3361.10
7086	2589.30
7087	1352.20
7088	669.90
7089	280.20
7090	116.90
7091	85.80
7092	74.90
7093	62.90
7094	105.90
7095	421.00
7096	935.20
7097	1122.60
7098	1017.40
7099	872.10
7100	1558.90
7101	828.90
7102	853.10
7103	2.10
7104	37.80
7105	54.00
7106	61.50
7107	69.20
7108	75.90
7109	3067.20
7110	2419.00
7111	991.20
7112	242.60
7113	110.10
7114	59.10
7115	43.30
7116	30.80
7117	16.70
7118	35.70
7119	140.30
7120	440.00
7121	608.80
7122	629.70
7123	500.90
7124	1234.00
7125	641.40
7126	718.10
7127	20.90
7128	57.10
7129	67.30
7130	70.90
7131	74.90
7132	80.90
7133	2730.50
7134	2203.00
7135	1123.00
7136	499.40
7137	171.80
7138	125.70
7139	97.20
7140	73.70
7141	34.80
7142	23.40
7143	150.10
7144	476.90
7145	862.80
7146	853.90
7147	772.80
7148	1459.40
7149	817.50
7150	949.50
7151	36.00
7152	78.80
7153	95.30
7154	103.70
7155	110.30
7156	123.40
7157	4248.10
7158	3119.40
7159	1710.50
7160	645.20
7161	249.40
7162	198.40
7163	207.70
7164	188.80
7165	202.10
7166	404.50
7167	1183.40
7168	1591.30
7169	1672.80
7170	1502.00
7171	1363.90
7172	2118.70
7173	1420.80
7174	1449.80
7175	77.80
7176	107.70
7177	121.30
7178	133.20
7179	145.80
7180	153.10
7181	5155.60
7182	3730.90
7183	2483.70
7184	2214.40
7185	1762.80
7186	1553.90
7187	1381.70
7188	1253.80
7189	1228.30
7190	1285.10
7191	1359.80
7192	1704.70
7193	1740.30
7194	1691.90
7195	1372.60
7196	2057.80
7197	1300.70
7198	1279.20
7199	30.80
7200	66.50
7201	76.80
7202	83.90
7203	90.90
7204	95.60
7205	3673.40
7206	2809.40
7207	2013.80
7208	1624.70
7209	1307.20
7210	1072.10
7211	898.80
7212	837.70
7213	884.30
7214	470.30
7215	707.80
7216	1197.40
7217	1298.90
7218	1233.50
7219	1203.80
7220	1879.20
7221	1143.90
7222	1261.70
7223	27.70
7224	62.20
7225	75.70
7226	84.20
7227	89.50
7228	95.20
7229	3749.20
7230	2843.80
7231	2004.80
7232	1692.00
7233	891.30
7234	270.20
7235	121.30
7236	89.10
7237	57.30
7238	87.50
7239	303.40
7240	972.30
7241	1431.30
7242	1319.60
7243	1185.10
7244	1872.10
7245	1229.80
7246	1288.20
7247	71.20
7248	101.20
7249	111.00
7250	120.30
7251	130.50
7252	137.50
7253	4622.50
7254	3344.00
7255	2415.90
7256	2145.10
7257	2013.00
7258	1687.60
7259	1005.30
7260	1220.70
7261	931.90
7262	1012.00
7263	1390.50
7264	1909.40
7265	2037.00
7266	1882.90
7267	1755.90
7268	2400.30
7269	1618.40
7270	1607.70
7271	80.10
7272	110.00
7273	124.60
7274	136.80
7275	147.40
7276	153.60
7277	5334.20
7278	3878.20
7279	2833.70
7280	2020.30
7281	1450.00
7282	1141.30
7283	875.20
7284	695.80
7285	744.60
7286	1050.90
7287	1681.50
7288	1983.10
7289	2076.10
7290	1938.40
7291	1771.50
7292	2403.90
7293	1640.90
7294	1641.20
7295	76.30
7296	97.50
7297	107.20
7298	113.70
7299	119.70
7300	125.60
7301	4620.10
7302	3416.70
7303	2481.70
7304	1725.10
7305	1228.20
7306	911.00
7307	785.00
7308	1220.40
7309	1388.80
7310	1208.90
7311	1527.10
7312	1824.20
7313	1893.10
7314	1711.50
7315	1510.40
7316	2165.80
7317	1440.80
7318	1474.60
7319	57.30
7320	89.40
7321	104.80
7322	116.20
7323	123.20
7324	129.30
7325	4652.20
7326	3333.70
7327	2362.40
7328	1609.80
7329	1099.70
7330	801.50
7331	546.20
7332	256.20
7333	366.90
7334	798.70
7335	1318.10
7336	1701.60
7337	1800.80
7338	1583.20
7339	1377.90
7340	2155.30
7341	1537.60
7342	1645.50
7343	83.40
7344	111.90
7345	123.80
7346	130.80
7347	136.20
7348	141.40
7349	5082.60
7350	3714.30
7351	2719.30
7352	1912.60
7353	1054.40
7354	695.20
7355	519.20
7356	313.60
7357	299.90
7358	356.50
7359	527.30
7360	1345.90
7361	1561.20
7362	1511.30
7363	1178.10
7364	1870.90
7365	1148.90
7366	1185.40
7367	27.40
7368	71.90
7369	88.10
7370	100.20
7371	114.10
7372	126.60
7373	4537.00
7374	3333.50
7375	2441.40
7376	1624.80
7377	1122.00
7378	1318.20
7379	1321.60
7380	1175.50
7381	1329.20
7382	1508.60
7383	1441.10
7384	1571.70
7385	1604.80
7386	1571.10
7387	1540.90
7388	2216.20
7389	1476.00
7390	1509.70
7391	61.80
7392	91.50
7393	105.50
7394	115.10
7395	121.30
7396	127.00
7397	4706.00
7398	3445.20
7399	2474.60
7400	1235.10
7401	428.80
7402	269.40
7403	220.40
7404	127.20
7405	88.80
7406	205.80
7407	461.70
7408	903.00
7409	1340.60
7410	1294.10
7411	1204.60
7412	1936.10
7413	1277.40
7414	1460.70
7415	87.80
7416	109.70
7417	120.70
7418	130.50
7419	140.00
7420	146.90
7421	4914.30
7422	3641.90
7423	2669.60
7424	1842.30
7425	885.00
7426	573.00
7427	637.30
7428	672.00
7429	766.00
7430	1040.80
7431	1503.00
7432	1850.30
7433	2045.40
7434	1951.00
7435	1827.30
7436	2502.20
7437	1786.30
7438	1883.20
7439	102.50
7440	123.50
7441	134.30
7442	140.80
7443	147.90
7444	154.10
7445	5328.20
7446	3816.60
7447	2833.70
7448	2480.00
7449	2196.20
7450	1919.90
7451	1686.20
7452	1173.50
7453	1532.10
7454	1839.80
7455	2062.70
7456	2197.30
7457	2232.80
7458	2020.00
7459	1824.10
7460	2482.20
7461	1757.50
7462	1782.10
7463	81.60
7464	104.90
7465	116.30
7466	122.80
7467	127.00
7468	131.00
7469	4872.30
7470	3591.50
7471	2700.90
7472	1936.40
7473	1384.80
7474	1018.50
7475	795.00
7476	686.30
7477	753.60
7478	1001.50
7479	1300.60
7480	1756.40
7481	1916.20
7482	1731.10
7483	1525.70
7484	2173.40
7485	1433.40
7486	1463.30
7487	56.20
7488	86.20
7489	99.20
7490	109.40
7491	116.20
7492	120.60
7493	4414.40
7494	3267.00
7495	2435.60
7496	1739.80
7497	1258.40
7498	969.20
7499	783.20
7500	715.60
7501	808.80
7502	1094.10
7503	1536.10
7504	1824.50
7505	1859.00
7506	1657.00
7507	1535.10
7508	2268.80
7509	1568.20
7510	1610.70
7511	74.80
7512	102.00
7513	112.80
7514	119.60
7515	125.40
7516	130.10
7517	4701.10
7518	3438.80
7519	2601.40
7520	2195.80
7521	1151.90
7522	720.50
7523	596.70
7524	797.70
7525	346.90
7526	553.80
7527	1043.90
7528	1787.70
7529	1938.70
7530	1961.80
7531	1707.20
7532	2406.60
7533	1705.50
7534	1741.80
7535	87.80
7536	106.90
7537	114.50
7538	119.20
7539	124.00
7540	128.20
7541	4683.20
7542	3448.90
7543	2625.90
7544	1937.30
7545	1379.90
7546	914.50
7547	364.20
7548	349.20
7549	553.60
7550	882.00
7551	1146.60
7552	1357.90
7553	1392.80
7554	1364.60
7555	1348.50
7556	2069.10
7557	1349.40
7558	1361.00
7559	49.00
7560	86.40
7561	98.10
7562	106.50
7563	113.40
7564	118.60
7565	4495.10
7566	3308.60
7567	2410.00
7568	1730.90
7569	1116.10
7570	433.00
7571	256.10
7572	145.20
7573	109.00
7574	178.40
7575	410.20
7576	905.10
7577	1298.80
7578	1344.80
7579	1278.90
7580	1998.60
7581	1329.50
7582	1431.20
7583	91.50
7584	114.20
7585	128.00
7586	139.80
7587	148.80
7588	154.80
7589	5002.60
7590	3630.70
7591	2779.20
7592	1936.30
7593	674.80
7594	583.40
7595	562.40
7596	637.50
7597	563.60
7598	1046.10
7599	1657.80
7600	1942.10
7601	2029.30
7602	1864.90
7603	1707.50
7604	2388.20
7605	1706.20
7606	1774.20
7607	98.60
7608	121.20
7609	133.20
7610	140.80
7611	147.90
7612	155.60
7613	5324.00
7614	3849.50
7615	2913.30
7616	2587.20
7617	1978.00
7618	2051.20
7619	1974.90
7620	1890.20
7621	1922.80
7622	1996.80
7623	2074.90
7624	2162.50
7625	2116.10
7626	1872.10
7627	1658.00
7628	2297.40
7629	1557.40
7630	1612.40
7631	71.00
7632	106.90
7633	119.80
7634	125.60
7635	132.50
7636	137.80
7637	4981.00
7638	3655.30
7639	2788.70
7640	2149.70
7641	1681.30
7642	1355.80
7643	1115.90
7644	1066.00
7645	1529.30
7646	1837.60
7647	2013.50
7648	2054.20
7649	2055.90
7650	1840.40
7651	1620.60
7652	2269.10
7653	1534.50
7654	1566.70
7655	63.80
7656	90.90
7657	102.10
7658	109.40
7659	114.20
7660	117.20
7661	4421.80
7662	3238.20
7663	2394.10
7664	1432.70
7665	774.30
7666	829.50
7667	727.90
7668	570.50
7669	344.50
7670	563.20
7671	1235.70
7672	1636.50
7673	1723.50
7674	1519.60
7675	1338.50
7676	2007.40
7677	1284.40
7678	1338.00
7679	48.50
7680	82.40
7681	97.30
7682	111.70
7683	122.90
7684	130.10
7685	4697.10
7686	3507.10
7687	2713.80
7688	2220.20
7689	1284.90
7690	692.40
7691	552.00
7692	349.60
7693	363.00
7694	463.90
7695	984.50
7696	1837.20
7697	2057.80
7698	2129.10
7699	1874.30
7700	2502.60
7701	1784.20
7702	1931.30
7703	118.60
7704	144.50
7705	166.20
7706	181.10
7707	190.20
7708	198.70
7709	6332.40
7710	4793.60
7711	3764.20
7712	2965.90
7713	1841.40
7714	1103.60
7715	830.60
7716	568.60
7717	590.00
7718	790.60
7719	1378.30
7720	2061.30
7721	2183.50
7722	2141.90
7723	2127.90
7724	2721.70
7725	1963.90
7726	2049.40
7727	118.70
7728	137.70
7729	148.70
7730	156.30
7731	166.80
7732	175.80
7733	5734.50
7734	4234.90
7735	3306.10
7736	3135.50
7737	2966.90
7738	2702.50
7739	2457.60
7740	1551.70
7741	1166.50
7742	985.30
7743	1959.00
7744	2435.10
7745	2496.30
7746	2280.00
7747	2095.00
7748	2759.60
7749	2027.60
7750	2175.60
7751	128.40
7752	153.50
7753	169.60
7754	179.50
7755	183.50
7756	189.90
7757	6389.70
7758	4932.00
7759	3900.30
7760	2751.60
7761	1160.50
7762	952.50
7763	836.30
7764	686.20
7765	541.80
7766	543.60
7767	1138.20
7768	1883.80
7769	2290.20
7770	2271.20
7771	2201.10
7772	2918.30
7773	2252.60
7774	2441.60
7775	159.70
7776	181.50
7777	198.80
7778	207.00
7779	212.40
7780	220.40
7781	6696.20
7782	5372.50
7783	4250.90
7784	3216.90
7785	1596.70
7786	1166.00
7787	1010.80
7788	911.80
7789	735.70
7790	761.30
7791	1517.40
7792	2286.50
7793	2579.10
7794	2508.80
7795	2387.10
7796	3050.60
7797	2411.10
7798	2623.00
7799	169.20
7800	191.20
7801	203.70
7802	213.70
7803	222.50
7804	229.90
7805	6828.50
7806	5543.10
7807	4375.40
7808	3407.40
7809	2198.30
7810	1919.30
7811	1668.20
7812	1561.00
7813	1949.20
7814	2315.70
7815	2706.20
7816	2905.70
7817	2921.50
7818	2696.40
7819	2490.60
7820	3090.00
7821	2344.20
7822	2442.70
7823	140.60
7824	159.60
7825	171.90
7826	182.20
7827	187.60
7828	191.40
7829	6303.70
7830	4777.50
7831	3734.90
7832	3491.30
7833	3219.30
7834	2988.00
7835	2806.80
7836	2707.50
7837	2715.00
7838	2811.40
7839	2929.80
7840	2909.00
7841	2866.10
7842	2638.20
7843	2391.70
7844	2957.30
7845	2159.40
7846	2200.40
7847	113.20
7848	130.50
7849	139.20
7850	146.30
7851	151.70
7852	155.70
7853	5584.10
7854	4103.20
7855	3151.50
7856	2871.60
7857	2349.50
7858	2101.90
7859	1920.70
7860	1834.30
7861	1800.50
7862	1675.90
7863	1928.10
7864	2286.90
7865	2254.80
7866	2194.90
7867	1908.20
7868	2611.30
7869	1936.30
7870	2038.30
7871	103.70
7872	127.40
7873	139.60
7874	146.80
7875	152.40
7876	157.50
7877	5638.00
7878	4195.50
7879	3340.60
7880	2925.90
7881	2262.20
7882	1808.90
7883	1560.60
7884	1279.10
7885	1451.20
7886	1730.20
7887	1862.70
7888	2034.40
7889	2130.20
7890	2151.10
7891	2166.90
7892	2829.60
7893	2103.90
7894	2179.20
7895	121.00
7896	143.80
7897	155.30
7898	164.40
7899	173.40
7900	180.80
7901	6059.00
7902	4486.60
7903	3476.20
7904	3093.60
7905	2487.40
7906	2071.10
7907	1794.90
7908	1658.20
7909	1656.30
7910	1482.40
7911	2052.80
7912	2405.50
7913	2528.80
7914	2403.30
7915	2296.10
7916	2958.20
7917	2252.90
7918	2373.90
7919	134.70
7920	155.10
7921	169.10
7922	180.80
7923	190.40
7924	199.30
7925	6504.40
7926	4966.50
7927	3855.50
7928	3534.80
7929	2924.30
7930	2496.10
7931	2199.30
7932	1989.80
7933	1986.40
7934	2202.40
7935	2617.40
7936	2809.30
7937	2882.80
7938	2719.20
7939	2565.10
7940	3175.50
7941	2497.10
7942	2656.80
7943	151.00
7944	173.50
7945	186.20
7946	196.00
7947	206.40
7948	213.00
7949	6755.50
7950	5363.50
7951	4224.80
7952	4016.60
7953	3695.80
7954	3409.70
7955	3232.40
7956	3090.50
7957	3053.30
7958	3106.80
7959	3238.00
7960	3245.30
7961	3170.10
7962	2924.50
7963	2719.90
7964	3317.30
7965	2567.80
7966	2671.10
7967	147.80
7968	171.80
7969	188.80
7970	200.20
7971	207.70
7972	212.70
7973	6798.40
7974	5398.80
7975	4170.20
7976	3821.00
7977	3262.20
7978	2852.30
7979	2668.30
7980	2973.60
7981	3075.60
7982	3156.30
7983	3286.50
7984	3300.80
7985	3238.10
7986	2970.00
7987	2720.00
7988	3294.40
7989	2520.30
7990	2579.40
7991	137.50
7992	153.40
7993	163.50
7994	173.00
7995	179.50
7996	184.60
7997	6282.40
7998	4686.90
7999	3617.70
8000	3260.20
8001	2683.20
8002	2371.80
8003	2542.50
8004	2568.70
8005	2594.50
8006	2699.00
8007	2828.90
8008	2862.90
8009	2826.50
8010	2551.40
8011	2294.80
8012	2873.20
8013	2112.30
8014	2146.00
8015	106.60
8016	128.00
8017	139.90
8018	147.70
8019	154.40
8020	158.60
8021	5596.70
8022	4136.10
8023	3217.90
8024	3003.00
8025	2490.10
8026	2212.30
8027	1925.90
8028	1367.90
8029	1256.30
8030	1486.00
8031	1919.90
8032	2399.60
8033	2461.30
8034	2437.50
8035	2134.90
8036	2782.20
8037	2035.40
8038	2053.50
8039	104.00
8040	124.50
8041	135.10
8042	143.30
8043	149.60
8044	153.10
8045	5409.80
8046	3992.00
8047	3114.60
8048	2732.20
8049	2198.90
8050	2237.20
8051	2158.80
8052	1937.20
8053	2153.30
8054	2304.30
8055	2121.70
8056	2110.80
8057	2065.60
8058	1962.20
8059	1881.90
8060	2525.10
8061	1757.70
8062	1761.70
8063	80.10
8064	103.20
8065	114.00
8066	121.20
8067	129.20
8068	139.10
8069	5034.00
8070	3713.20
8071	2850.80
8072	2626.30
8073	2537.80
8074	2305.70
8075	1755.40
8076	1499.50
8077	1060.30
8078	1625.30
8079	2277.80
8080	2462.20
8081	2520.50
8082	2348.90
8083	2104.30
8084	2737.30
8085	2066.70
8086	2135.50
8087	113.20
8088	131.00
8089	143.10
8090	152.10
8091	154.90
8092	162.50
8093	5638.20
8094	4087.80
8095	3162.70
8096	2805.90
8097	1797.90
8098	1262.30
8099	1044.80
8100	1276.70
8101	1516.50
8102	1763.00
8103	2174.80
8104	2338.00
8105	2346.80
8106	2118.60
8107	1923.80
8108	2593.90
8109	1879.30
8110	1943.90
8111	105.30
8112	129.10
8113	139.10
8114	145.70
8115	150.10
8116	153.70
8117	5389.10
8118	3895.70
8119	2951.30
8120	2762.00
8121	2551.10
8122	2312.70
8123	2150.10
8124	2070.20
8125	2092.00
8126	2186.90
8127	2287.70
8128	2294.20
8129	2250.60
8130	2015.70
8131	1795.30
8132	2419.80
8133	1689.90
8134	1717.60
8135	74.80
8136	100.50
8137	111.70
8138	123.00
8139	135.30
8140	139.10
8141	4962.50
8142	3625.70
8143	2773.80
8144	2379.70
8145	1234.90
8146	930.90
8147	1129.60
8148	1235.00
8149	1692.90
8150	1991.60
8151	2160.70
8152	2199.40
8153	2172.10
8154	1942.70
8155	1739.10
8156	2385.90
8157	1639.60
8158	1646.70
8159	73.50
8160	96.50
8161	106.10
8162	113.10
8163	118.60
8164	121.60
8165	4412.60
8166	3205.50
8167	2368.50
8168	2123.70
8169	998.40
8170	629.30
8171	525.40
8172	414.40
8173	435.90
8174	892.70
8175	1715.40
8176	1952.60
8177	1994.40
8178	1836.80
8179	1705.20
8180	2356.60
8181	1625.00
8182	1659.20
8183	91.00
8184	118.30
8185	130.40
8186	136.50
8187	140.50
8188	145.20
8189	5090.40
8190	3737.50
8191	2910.50
8192	2670.70
8193	1834.20
8194	1442.50
8195	1260.30
8196	1562.30
8197	1444.40
8198	1549.70
8199	1949.00
8200	2390.80
8201	2412.30
8202	2378.10
8203	2078.50
8204	2709.00
8205	1968.50
8206	2076.60
8207	121.40
8208	153.60
8209	175.80
8210	191.10
8211	200.90
8212	207.60
8213	6594.40
8214	5116.10
8215	4014.00
8216	3797.50
8217	3139.40
8218	2639.20
8219	2331.90
8220	2100.50
8221	2331.20
8222	2554.70
8223	2657.20
8224	2739.20
8225	2692.50
8226	2615.10
8227	2574.40
8228	3155.10
8229	2359.40
8230	2416.40
8231	133.80
8232	153.60
8233	165.00
8234	174.90
8235	183.70
8236	191.00
8237	6367.10
8238	4816.80
8239	3758.40
8240	3530.30
8241	2937.40
8242	2440.60
8243	1835.90
8244	1675.00
8245	1992.30
8246	2326.40
8247	2721.30
8248	2860.20
8249	2899.10
8250	2721.60
8251	2541.40
8252	3172.80
8253	2441.90
8254	2583.20
8255	146.40
8256	166.40
8257	180.50
8258	192.00
8259	198.10
8260	202.00
8261	6605.00
8262	5103.90
8263	3972.80
8264	3783.00
8265	3575.50
8266	3321.40
8267	3092.20
8268	2962.20
8269	2932.20
8270	3029.40
8271	3113.00
8272	3077.90
8273	3010.80
8274	2746.70
8275	2497.40
8276	3071.10
8277	2332.90
8278	2419.90
8279	128.40
8280	149.60
8281	162.50
8282	170.30
8283	178.60
8284	185.70
8285	6315.30
8286	4801.50
8287	3755.50
8288	3596.00
8289	3127.20
8290	3136.30
8291	3018.00
8292	2931.70
8293	2965.20
8294	3047.30
8295	3126.10
8296	3121.40
8297	3134.40
8298	2922.60
8299	2705.20
8300	3315.30
8301	2552.80
8302	2639.50
8303	149.90
8304	173.50
8305	185.20
8306	192.70
8307	200.00
8308	206.10
8309	6703.40
8310	5259.80
8311	4113.20
8312	3904.70
8313	3690.00
8314	3489.10
8315	3242.40
8316	2730.00
8317	2646.20
8318	2861.50
8319	3206.00
8320	3292.10
8321	3260.90
8322	3049.90
8323	2864.00
8324	3418.10
8325	2672.60
8326	2824.40
8327	158.20
8328	175.00
8329	185.30
8330	195.00
8331	202.70
8332	209.30
8333	6745.30
8334	5297.00
8335	4108.40
8336	3914.10
8337	3675.50
8338	3478.60
8339	3320.50
8340	3233.50
8341	3257.30
8342	3338.90
8343	3416.20
8344	3414.70
8345	3405.20
8346	3175.40
8347	2953.50
8348	3566.60
8349	2881.30
8350	3131.00
8351	187.10
8352	205.50
8353	216.00
8354	222.80
8355	227.10
8356	227.70
8357	7029.50
8358	5833.10
8359	4556.90
8360	4307.60
8361	3354.50
8362	2862.70
8363	2588.30
8364	2385.30
8365	2066.00
8366	2131.10
8367	2805.20
8368	3317.60
8369	3319.70
8370	3329.50
8371	3044.50
8372	3533.30
8373	2718.40
8374	2819.50
8375	160.60
8376	182.00
8377	195.30
8378	201.50
8379	208.00
8380	217.50
8381	6895.40
8382	5661.00
8383	4480.20
8384	4182.20
8385	3428.90
8386	2603.70
8387	2232.60
8388	2260.00
8389	2477.90
8390	2114.00
8391	2748.30
8392	3111.80
8393	3145.80
8394	3063.60
8395	2935.00
8396	3447.00
8397	2694.70
8398	2829.00
8399	162.30
8400	182.10
8401	195.00
8402	206.30
8403	212.90
8404	218.50
8405	6881.40
8406	5571.50
8407	4380.20
8408	4311.80
8409	4116.30
8410	3875.40
8411	3718.60
8412	3584.90
8413	3591.50
8414	3705.40
8415	3718.70
8416	3667.80
8417	3589.90
8418	3393.00
8419	3211.00
8420	3783.10
8421	3037.50
8422	3101.20
8423	175.60
8424	193.10
8425	205.20
8426	212.60
8427	215.70
8428	219.80
8429	6912.50
8430	5586.60
8431	4346.90
8432	4169.00
8433	3901.00
8434	3611.00
8435	3360.90
8436	3195.70
8437	3202.50
8438	3272.80
8439	3344.10
8440	3316.40
8441	3229.80
8442	2967.40
8443	2737.00
8444	3308.10
8445	2536.50
8446	2595.70
8447	134.10
8448	150.90
8449	164.60
8450	174.70
8451	182.20
8452	189.00
8453	6421.60
8454	4895.90
8455	3839.80
8456	3615.80
8457	3028.20
8458	2635.80
8459	2395.50
8460	2259.90
8461	2310.20
8462	2556.20
8463	2925.40
8464	2990.70
8465	2941.10
8466	2709.60
8467	2522.00
8468	3137.60
8469	2393.30
8470	2473.30
8471	134.90
8472	154.60
8473	162.50
8474	170.90
8475	177.30
8476	180.60
8477	6188.30
8478	4661.80
8479	3662.90
8480	3597.40
8481	3468.30
8482	3253.10
8483	3068.60
8484	2935.40
8485	2987.40
8486	3132.50
8487	3241.00
8488	3282.20
8489	3318.60
8490	3080.40
8491	2882.10
8492	3503.50
8493	2771.40
8494	2956.70
8495	171.20
8496	194.90
8497	207.60
8498	211.40
8499	218.40
8500	226.30
8501	7014.70
8502	5799.70
8503	4558.50
8504	4461.00
8505	4103.90
8506	3084.80
8507	2597.50
8508	2386.30
8509	2422.20
8510	2934.10
8511	3367.30
8512	3430.10
8513	3405.50
8514	3189.90
8515	3032.00
8516	3588.20
8517	2822.80
8518	2913.50
8519	164.40
8520	184.20
8521	195.60
8522	205.40
8523	210.00
8524	208.20
8525	6746.00
8526	5315.00
8527	4138.40
8528	3889.50
8529	3046.80
8530	2932.00
8531	2779.90
8532	2660.40
8533	2600.90
8534	2432.00
8535	2555.60
8536	2847.90
8537	2760.10
8538	2647.40
8539	2290.60
8540	2892.90
8541	2114.90
8542	2100.50
8543	99.80
8544	119.20
8545	127.50
8546	132.70
8547	137.40
8548	141.00
8549	5142.00
8550	3788.20
8551	2961.40
8552	2707.70
8553	2172.50
8554	1829.50
8555	1846.40
8556	1061.90
8557	1341.00
8558	1729.30
8559	1774.40
8560	1836.40
8561	1831.60
8562	1751.00
8563	1764.40
8564	2474.40
8565	1835.20
8566	1978.80
8567	104.00
8568	134.50
8569	152.20
8570	163.90
8571	172.00
8572	177.80
8573	6039.00
8574	4554.20
8575	3574.10
8576	3445.80
8577	3307.30
8578	3136.90
8579	3024.70
8580	2931.70
8581	2937.40
8582	3011.20
8583	3142.10
8584	3173.90
8585	3170.60
8586	2990.70
8587	2778.80
8588	3318.10
8589	2541.60
8590	2606.10
8591	146.00
8592	163.00
8593	171.80
8594	180.50
8595	187.50
8596	193.00
8597	6441.80
8598	4935.80
8599	3877.00
8600	3640.60
8601	2222.40
8602	1428.90
8603	1322.30
8604	1812.30
8605	1849.50
8606	2311.60
8607	2828.30
8608	3026.90
8609	3093.40
8610	2911.50
8611	2711.50
8612	3330.30
8613	2701.00
8614	2872.00
8615	168.10
8616	188.00
8617	199.20
8618	202.50
8619	201.80
8620	203.50
8621	6597.20
8622	5074.10
8623	3947.20
8624	3722.60
8625	3076.20
8626	2363.00
8627	2371.30
8628	2452.30
8629	2545.40
8630	2640.30
8631	3151.60
8632	3328.50
8633	3345.60
8634	3069.70
8635	2876.70
8636	3498.30
8637	2756.80
8638	2925.00
8639	168.60
8640	185.70
8641	198.40
8642	210.40
8643	221.30
8644	230.00
8645	7035.20
8646	5854.20
8647	4567.00
8648	4326.10
8649	2768.00
8650	1941.80
8651	2190.20
8652	2547.50
8653	2726.40
8654	2911.60
8655	3300.30
8656	3441.10
8657	3448.80
8658	3231.20
8659	3106.10
8660	3770.10
8661	3111.60
8662	3254.40
8663	182.10
8664	184.80
8665	179.40
8666	174.20
8667	171.80
8668	173.20
8669	6037.00
8670	4437.70
8671	3396.00
8672	3209.00
8673	3015.20
8674	2782.70
8675	2600.90
8676	2150.70
8677	2036.30
8678	2176.80
8679	2524.90
8680	2659.10
8681	2648.90
8682	2416.80
8683	2207.00
8684	2927.40
8685	2254.70
8686	2261.20
8687	117.50
8688	143.00
8689	159.90
8690	172.20
8691	182.10
8692	191.20
8693	6352.00
8694	4873.50
8695	3832.60
8696	3606.40
8697	2737.90
8698	2300.30
8699	2024.00
8700	1888.50
8701	1828.10
8702	1543.20
8703	2181.20
8704	2875.30
8705	2977.70
8706	2944.50
8707	2674.80
8708	3338.90
8709	2620.80
8710	2753.70
8711	160.60
8712	182.60
8713	195.00
8714	202.40
8715	211.60
8716	220.90
8717	6871.10
8718	5575.00
8719	4453.00
8720	4265.50
8721	3560.60
8722	2858.10
8723	2047.70
8724	1563.40
8725	1721.30
8726	2133.70
8727	2566.90
8728	2864.20
8729	2902.60
8730	2852.50
8731	2842.70
8732	3486.50
8733	2759.40
8734	2928.30
8735	171.90
8736	189.30
8737	201.40
8738	211.70
8739	216.60
8740	219.90
8741	6885.20
8742	5504.80
8743	4216.00
8744	3984.80
8745	3415.00
8746	2964.30
8747	2715.60
8748	2917.40
8749	3050.40
8750	3142.90
8751	3256.70
8752	3323.70
8753	3320.20
8754	3099.80
8755	2887.10
8756	3425.90
8757	2646.50
8758	2786.80
8760	160.00
